V,I,P,T,FF,label
11.95761453879751,0.15765947533567312,1.8852312344530322,36.868638873423265,0.6025691884497876,0
11.00072235122037,0.19263383258204134,2.119111307686505,42.13125793806503,0.6998102962173873,0
8.558018164706526,0.09110040929857088,0.779638957589369,66.63648549799638,0.6424591641765913,3
4.663362003507247,0.012438111553477522,0.058003416813871576,42.89366953338851,0.7542385231660453,4
10.336769180603854,0.09594576596957885,0.9917692366837727,43.99996800111393,0.7066934110316205,2
2.294519038753013,0.026472342818625937,0.060741294597733815,33.62226800268211,0.7951625158666471,4
6.937966581066157,0.0853805522519372,0.5923674181969132,75.47518461198204,0.7402307230548419,4
10.307764700443432,0.13016210749516646,1.3416803769740002,67.62237954349527,0.6713033021724504,3
10.012607196542572,0.1013829880297846,1.0151080355540107,50.6051122487571,0.6648444008920538,2
11.506160283545661,0.07819987415547162,0.8997802861859564,39.834175475341475,0.7600843284727,1
14.0,0.109356809567356,1.5309953339429838,47.63160508080373,0.7700496925663957,1
6.715615942963909,0.07742468713915951,0.5199544633307324,71.96365222008933,0.7025927395458921,4
7.368608391362352,0.09798241620177099,0.7219940542303283,81.37008897386244,0.7089435027766433,3
1.770784841665755,0.047261271787607244,0.08368954367934031,61.76803967180828,0.6159265549773086,4
12.924590542014132,0.12466105922025889,1.6111931469556215,42.73497903603557,0.644532978419717,1
9.935428326063311,0.1118737023989454,1.111513151756059,71.47791940712126,0.7380009872819068,3
9.10437750534319,0.10614383740410799,0.966373565592766,47.27785787725408,0.7359339019104656,2
10.129687202858051,0.13684299124635085,1.3861766972289766,36.88217051273755,0.637163769255346,0
1.8858646545123052,0.020338257524716668,0.03835520100023209,35.72791225392944,0.6336982422276263,4
11.27337357047839,0.09398955992820567,1.0595794207955285,32.23814817077984,0.6805134332830354,1
6.193661557412081,0.06177052016873063,0.3825856961504145,73.37664543165226,0.6089316703123223,4
0.8713332697524823,0.04967375504216972,0.04328239540177759,62.03950097096501,0.7043667321959175,4
8.595811409393301,0.08403437244897746,0.7223436174781266,96.27380607381376,0.6247623381781654,3
1.650330048024742,0.031872364672375926,0.052599921120424255,64.78433374111052,0.650212094086934,4
13.192987391669035,0.2068746097827459,2.7292941185202184,46.950771188313915,0.7370315313605436,0
9.887554248260443,0.0835017489920884,0.8256280729839008,42.70139821495133,0.6949794699666483,2
13.658377122000497,0.21187754525441438,2.8939034167685183,38.80474736435902,0.6357363212805086,0
8.258909342399912,0.10601582964547586,0.8755751259012982,92.47665656260429,0.7259156435453306,3
5.507871115224727,0.0471733367959836,0.25982465914736586,67.87305001029264,0.6242459768762758,4
7.875561127573821,0.11612350822362566,0.9145377873634852,70.04414123643892,0.6687108856149029,3
10.323345012475782,0.09556460477981878,0.9865463861229614,79.39903534298651,0.6824190376118251,3
2.503555887910722,0.04111136815364005,0.10292460780111089,61.4924813516752,0.6906305454260934,4
10.254536139838638,0.09884855315657369,1.0136460607148456,64.55320654435707,0.5390640456137067,3
12.179277478019403,0.16650631586840456,2.0279266228040442,39.61936230912619,0.7624694680589826,0
11.301524938002403,0.18175377545759644,2.0540948259101155,35.26638883168456,0.6540164209686521,0
12.959009323785319,0.08799489379552089,1.1403266491416542,28.88791423322069,0.6838711512349914,1
9.788866223211658,0.11752479909984281,1.1504345362981871,37.69843050322002,0.6222201578343997,2
3.7478469605602287,0.04700383178997217,0.17616316810873145,32.6378203001478,0.6686404332857392,4
10.325697215482846,0.10818179699326251,1.1170524799792612,97.84874820800754,0.6172564935355398,3
1.4627128842402857,0.03519052440203685,0.05147363344603147,43.46699242467094,0.63009044639726,4
9.55599775253649,0.09638646147055631,0.921068809187581,39.680822443408864,0.6173695200760567,2
6.828653082370891,0.08684951192809845,0.593065187330217,60.78858772930272,0.7369168905337373,4
8.373987397685,0.1171492597688814,0.981006424952739,73.30719987842251,0.6828009959748982,3
9.873993705582926,0.12153733116284318,1.2000588428952612,37.90452205612838,0.6745841736903734,2
10.537556021830396,0.12520280910787282,1.3193316150647467,49.9249086054445,0.7971974856953734,1
8.613416920870373,0.07790419035393938,0.671021271401328,38.62481706449641,0.6658451305203498,2
7.341064517951996,0.1062320502372135,0.7798563346657019,43.93032724652058,0.6788054438316774,2
7.143807626094083,0.08563394634035648,0.6117524389187702,35.124893717708204,0.6958191902942011,2
5.826947648419106,0.056745304656485994,0.3306519195269368,73.55473112998693,0.7207083332931505,4
2.764615249195756,0.028580365875133896,0.07901371532598918,37.60792526239066,0.7183452126747659,4
7.968690783013437,0.11172276436955904,0.8902841626844871,78.71034315861849,0.7224549495297555,3
9.639146205484565,0.17453259551653308,1.6823452058065622,32.38544819425436,0.6400574464966232,0
11.565519303387454,0.14198648273216466,1.6421474068589397,31.772174041300726,0.7000614467981129,0
4.563988900758799,0.05772563230742783,0.26345914514038415,62.43871950883394,0.7808603358600212,4
9.814835929016075,0.1390083243807711,1.3643438965647134,33.782935622757456,0.699927668054952,0
7.998472279377989,0.07786033870126963,0.6227637607650863,41.871313345778134,0.639690495260862,2
6.535787469911499,0.08758058236328893,0.5724080728175358,91.63281719135838,0.7450930275607428,3
7.5670815370707345,0.125186328243118,0.9472951531421749,41.66123178998312,0.6041400542148302,2
6.8580018209801,0.08791601553543014,0.6029281946352947,31.222597567299605,0.5912076833027525,2
8.870844520875716,0.1163421052518859,1.032052726920838,69.35001566734883,0.6714702949525796,3
8.415784230179938,0.10839678728156268,0.9122439730063445,77.8765857227415,0.7727290479989075,3
2.3866330611302113,0.032397925304270304,0.07732195964319857,47.90907849793487,0.6107640608408383,4
11.114466166944574,0.16613500066166362,1.8465018439993748,38.780900092882426,0.6305587459775235,0
2.897601353458832,0.04694634069347223,0.13603178033334457,59.279893399964166,0.7684821462819531,4
8.219955744541146,0.09573531497768037,0.7869400523062398,69.63986845668255,0.764287405516501,3
11.583406541879095,0.09879707527992038,1.1444066881159511,40.94747117894216,0.7326179359003557,1
1.6782026062323343,0.03226238031043903,0.05414281072023752,34.7572179195992,0.7644724066869865,4
9.667007236485599,0.08361410291442872,0.8082981379460341,36.230680575686556,0.7043715921243641,2
7.86496987156165,0.12444582354556413,0.9787626528275393,81.34773004028045,0.6923339964082751,3
9.334148458668793,0.11590136859541109,1.08184058103246,77.7251653909481,0.7610850573725501,3
11.45980499711027,0.1412291028096822,1.6184579781157962,32.61466717818034,0.7030142795189597,0
10.884382837345221,0.17761932508720063,1.933276733559968,50.36400483650655,0.627131148166962,0
1.3192795297631426,0.024919464392457936,0.03287573926563128,59.79313755844745,0.6437407409629946,4
8.652139856922634,0.08078636671563325,0.6989749433562985,41.85281103634095,0.7002507622329616,2
7.801088089240446,0.08943028156039963,0.697653504298253,67.38446458723622,0.7494528248523358,3
12.255643511291373,0.1686777241088774,2.06725405497436,42.01081002759716,0.6544487432678472,0
9.437556854424056,0.09971353375240749,0.9410521439438777,69.8363090310774,0.6488905442360541,3
11.259129690035094,0.14870523034193203,1.6742914740063544,36.58908121005165,0.6851902906700266,0
3.34346533719309,0.02983917362719364,0.09976624271300814,42.86303031940297,0.639578304359902,4
10.060520593860081,0.11475230753366648,1.154467953135417,46.42224549661344,0.6058157609086462,1
9.522566230292675,0.09429329113093478,0.8979141098665954,78.83720074857253,0.6842688170125418,3
10.733163891420451,0.15070773641830962,1.6175708346827118,31.263620261850697,0.708397847830486,0
8.753060305155962,0.12116900816077716,1.0605996355472174,40.287912671727305,0.7356640316170429,2
10.6937144048421,0.193670565163497,2.0710577124827982,33.80068931197257,0.7147152457493531,0
10.371803431170026,0.08995606342534468,0.9330066072895384,34.59037037160902,0.7259308212940495,1
10.406033830379991,0.11608007493597725,1.2079331868168237,35.70993035720007,0.6679939730617003,2
10.04041740775838,0.11519387471113104,1.156594584916778,45.043009149835704,0.6120620472717042,1
9.27099641833256,0.11358677379943917,1.0530625730645513,71.40934494918802,0.6272093389002084,3
8.869748035644674,0.12440387881202676,1.1034310597195525,78.67509616025536,0.6262009029483516,3
12.473255345583654,0.15902754062125618,1.9835911211491053,43.76397909522736,0.7463004585276856,0
9.756902423305343,0.12187134821723257,1.1890868527522058,91.11354455521169,0.7435933601305011,3
7.9868069512622535,0.09599018352211525,0.7666550650073695,68.7180779285499,0.6560405379617811,3
11.179685632430838,0.08452236220205728,0.9449334383294551,38.394799864062634,0.6882786718108727,1
11.287693509275243,0.10834138818973553,1.2229243842551472,48.48954995308446,0.6573292363591045,1
7.5562140810224285,0.07974084383665143,0.6025388870311161,42.0124606874248,0.61755729413366,2
10.78765423938655,0.11037308449136321,1.1906666728274242,65.78126519669254,0.7586515618454647,3
9.240635648126467,0.10232576260410343,0.9455550896412044,92.38524475907545,0.7072334797919527,3
2.7102584689435893,0.01250585287817437,0.03389409367443465,32.86831060704791,0.706858360922282,4
9.425314226350778,0.11129024159545418,1.0489454973636494,38.960211167186664,0.7815394639558024,2
13.290958465754207,0.08633139286431862,1.1474269568503679,40.128134870889525,0.7165287908007445,1
7.496475601155466,0.10611643703171439,0.7954992810897973,47.79194451431439,0.644120600051575,2
10.876417800350708,0.11683828524085904,1.2707820053561327,48.19991860479679,0.7714033176307156,1
10.790011399002978,0.11974226546578363,1.2920204093182461,50.869717855559806,0.7478358114649986,1
9.433598447868816,0.183783456871288,1.7337393334849478,32.799736212659994,0.721506236382012,0
10.920079816076456,0.11102176276681185,1.2123665107350905,50.40143657364035,0.6902863890199684,1
10.117028111291154,0.10505749003058186,1.0628695799410868,34.64923508056896,0.6266229010313785,1
10.41005788989191,0.12323647477458659,1.2828988365496503,49.28014065654235,0.6135350323391582,2
2.458967836239837,0.04438320706042756,0.10913687863076421,39.883653628064195,0.6248405704305215,4
9.373928423067953,0.09381862421147277,0.8794490681090559,29.921651997566844,0.6286182053475953,2
8.344834536195021,0.10577503107787942,0.8826751324057899,37.17192827205454,0.7032886251120257,2
9.957337369553363,0.11214652779094539,1.1166808120384353,32.72619581245929,0.7703959385580926,1
7.2346463388669795,0.1256301053445174,0.9088893816821858,92.48143097904867,0.697816758421611,3
10.502123401639599,0.17483770387696596,1.8361671413752185,30.820826300785196,0.7695575811894912,0
10.176732674288257,0.10981683810831375,1.1175766045639004,48.16426972865856,0.7485412662893677,2
12.666702047825856,0.08471532101487873,1.0730637301813892,34.038906055740135,0.6252066934374572,1
12.022585491430268,0.08609638045583724,1.0351010945330092,47.65379392854659,0.660043847290911,1
6.9465399400707675,0.13067255474340037,0.9077221205961145,38.79781672068335,0.7536341131150405,2
11.125114000807876,0.13221329054362127,1.4708879297197206,33.384760641711054,0.6461791147161464,1
9.501158496560514,0.0851690410880692,0.8092045583778202,36.41621894048386,0.6436736586453217,2
12.406885731919768,0.17329984233775464,2.150111341244233,43.30953209987624,0.6851510250381034,0
2.2461500962787992,0.02511890414471313,0.05642082896306533,41.036396062141726,0.6698966061263161,4
12.439001738101247,0.17350566548568694,2.1582372745468734,46.04057349260847,0.6180132245558007,0
9.604040893655661,0.18093542490476713,1.7377112198963465,44.33149039567441,0.8017027982238865,0
11.529621330158724,0.08768700075933437,1.0109979143324659,31.253230607224975,0.6234421073775401,2
10.901493609546309,0.10007685306531307,1.0909871741550154,41.916638869544755,0.6138073153526282,1
11.55200597372972,0.11545015795701301,1.3336809143874542,46.73278766002737,0.6367420428804966,1
11.246699301535648,0.09775579678323287,1.099430051403046,33.34484913964919,0.6096447016903183,2
2.8602111967311865,0.024713196441573174,0.0706849611692049,33.26195034892891,0.6862457034286114,4
9.251028808811483,0.12132122779929365,1.1223461734916462,45.90369938005274,0.669371418694386,0
11.554961407592948,0.12478914388892147,1.4419337417230509,41.47982997495986,0.6966195200789519,1
10.1751172417482,0.09865823715987614,1.0038591299659387,50.207637927742034,0.7076489821978532,2
9.161976517000646,0.14487770970105748,1.3273661741179252,40.31032598185219,0.7551066232711717,0
10.614129970669984,0.13666523871522918,1.4505826061960818,37.39538835360033,0.752559935923684,0
9.900206833022601,0.10373892092053097,1.0270367737478319,72.71829837355486,0.6470321573953379,3
1.657291280593856,0.02858659797127676,0.04737631955963899,52.07589283919883,0.7275195744042371,4
11.34374982873991,0.08614095282656734,0.9771614188738659,28.94650445434213,0.7618454367366254,1
7.731656051597742,0.1026739578888802,0.7938397278530523,33.04022298192985,0.6429856464019771,2
12.251699502964133,0.11128866883581637,1.3634753286613113,42.435469533290174,0.7084905866605724,1
9.624844656775004,0.13813583609519597,1.3295359639499946,80.68895330825242,0.7085846642889707,3
10.109562857399048,0.1980239188337545,2.0019352547183282,45.600488419027215,0.6650900157751877,0
10.824762143422126,0.16708851284024961,1.8086934083938357,42.245814228924786,0.6316608419414418,0
12.642657962095594,0.15179611241525476,1.9191063292418784,38.291031798999114,0.6824418102086393,0
13.235715569193406,0.10303668766292612,1.3637642910983094,32.42610277607904,0.6470300348562166,1
9.713933749513155,0.12461574280284687,1.2105090697332253,43.867792292078605,0.6781198016169862,1
10.750048851725257,0.10095498537366879,1.0852710245921482,35.05977773024215,0.6525633811569892,1
10.864049822692449,0.19328840053423837,2.0998948135524995,32.04800921359763,0.6873301401715697,0
7.631420304319933,0.11086284902894562,0.846040997074251,47.760102927280315,0.732309296963901,2
10.103563355026678,0.12308048319033224,1.243551459680818,38.66869810359376,0.6200773315881899,0
10.486266167167319,0.1614767447053173,1.6932881247876834,34.909180566597925,0.6939945980297123,0
11.537613640844057,0.14130293111446818,1.6302986255175362,35.41218984444318,0.7169889727284379,1
8.102000782542198,0.08557304269007797,0.6933128588395286,30.884295206799038,0.777604084305708,2
11.089784426284446,0.10450117155042,1.158895464788327,31.707372309553634,0.6933609458096,2
8.014680706210495,0.086127749614242,0.6902864131025936,82.85035193830272,0.670777567393032,3
4.918523180704817,0.02723427263686773,0.13395240127406882,57.496866187345454,0.7618829392179548,4
11.128826810038793,0.190922907533797,2.1247479720126776,47.34965648236588,0.6649797456132237,0
11.043491294409215,0.11066271241497877,1.2221027011705285,35.05419601838316,0.6522961520503047,1
10.643083689902966,0.12052200720461506,1.2827258091538063,35.56402081306142,0.7359000031996038,1
8.266118592233038,0.1159641224545875,0.9585731886538544,104.22177187982594,0.7406892603794932,3
10.48551279727023,0.1171143377255661,1.2280038869652512,46.1229165807425,0.6552804022089412,1
10.056029657351932,0.12545584142642993,1.2615876620722204,45.77965848124439,0.7360273420290581,2
9.16748751065681,0.10613641156331022,0.9730042274325775,73.4078725258537,0.671869691521958,3
11.855939095148674,0.08373900160264947,0.9928045028895692,41.87762077691441,0.7047984450173391,1
13.674274753109385,0.10522981185910953,1.438941359579472,45.531399067039565,0.6668117644058243,1
9.869362971266424,0.21422735586154856,2.1142875333722824,37.57383164818823,0.5900836805158933,0
12.999067672424433,0.12532354966949816,1.6290893031022513,35.819243531537786,0.6258179887639101,0
12.205600690201097,0.15613728971971194,1.9057494111690447,32.81586779503285,0.6472929925413063,0
12.357323579315612,0.12395069549362243,1.5316988520959098,40.286872639964734,0.6180073471143201,0
8.123131734212677,0.0977702682363073,0.7942007685728335,45.914936312164365,0.6299428242120713,2
3.334093286866096,0.05065142624874053,0.16887658022611896,31.619771100723646,0.7252342894688021,4
12.596086372881194,0.07185614306041174,0.905106184411054,38.59085052565567,0.6165199485267568,1
12.433752474377162,0.11205696990525779,1.3932886268307063,42.46351222911354,0.6036328396569282,1
7.065680133880108,0.09593477802185156,0.6778444552171946,35.412549204958694,0.6565170815828936,2
8.103391207825917,0.12101394695593057,0.9806233537869996,73.09889544362323,0.660734246467175,3
6.894047059146842,0.1261577895970262,0.8697377383598445,41.58347119536526,0.6588608868469201,2
14.0,0.18647438572959998,2.6106414002143996,34.863541782141496,0.6751923575275504,0
10.73932091838579,0.19472304125490772,2.09119323024053,33.372486757427026,0.6789354954331716,0
8.217316858924566,0.13071957360820827,1.0741641560021604,30.67075344949147,0.7068455813549417,2
8.174748604382984,0.07506790327365742,0.6136612375202878,52.020632976360346,0.6151203828522934,2
11.36353508467186,0.112517136338325,1.2785924264073631,94.57361064099204,0.70392237191306,3
8.986454315383803,0.09333799519984959,0.838777629752961,38.63724517227122,0.65469532047825,2
13.673616189035027,0.07835724391207792,1.0714268788843548,33.9085255763065,0.6533575054652484,1
8.884835928864463,0.11310783067394344,1.0049445178077707,70.81439144492056,0.6513758969391896,3
9.904073849371423,0.0865892318349491,0.8575861466536789,34.42260405215833,0.6517472180401858,1
12.59034640543581,0.08678957727471757,1.0927108422700338,36.01091058137653,0.6668709696353001,1
10.249147989392663,0.12769222468240365,1.3087365078647335,46.68213868762262,0.6674807728778864,2
10.60524512207801,0.11716316535987108,1.242544087919992,40.10094856860843,0.7098668313843957,2
12.540763752635476,0.09163546354400849,1.1491786996686513,47.4199985651855,0.5953823339990604,1
12.051190530225725,0.08288714921494145,0.998888827696509,43.88868372496544,0.6478958444381085,1
8.628477785217685,0.10024985179044406,0.865003619145212,79.79634888400662,0.7435793403510801,3
11.77636829257636,0.10196940589842425,1.200829278435052,35.9881458639155,0.6560790890641596,1
13.049847573904444,0.1097405368779204,1.4320972789353008,31.611848105278202,0.6626957164017074,1
10.64023295060302,0.17177601390830086,1.8277368033103454,32.744037346747206,0.6328369841463469,0
10.164695662966395,0.18349743895472517,1.8651956219085357,47.804898412041,0.6374908837478159,0
11.0808062893407,0.10792306371760824,1.1958745632069905,36.23332190923922,0.7193555096071974,2
13.313660506409787,0.08569222997411544,1.1408772579125657,39.514830300503974,0.5995724612103365,1
11.943752731700933,0.08165352873187355,0.9752495568443353,37.9234715945352,0.7560326145448176,1
5.378888475913823,0.05898069139063981,0.3172505612225421,78.07173808910426,0.7711429947133038,4
4.154173386248807,0.047489444109625675,0.19727938484795718,62.3243298518452,0.7021497044703677,4
13.258022922760718,0.11651595668378348,1.5447712245809961,48.63273245907653,0.626719149716663,1
7.495884739774928,0.07819383566574069,0.5861319795112941,90.98237574630623,0.6800177205256965,3
10.478101158764193,0.10280831823153834,1.0772359583924798,37.539302379311,0.6012401790989099,1
9.062627966576683,0.09214688962855325,0.8350929789807815,87.88657627495192,0.6624527174119694,3
7.595230491013346,0.08917942114645598,0.6773382586624829,84.61297839254883,0.7676195058434521,3
8.157145255644798,0.11837108459624482,0.9655701311197874,72.14889729678175,0.7593507771448035,3
11.266271709551416,0.12513021536929236,1.4097510054251343,31.289272680613276,0.7619057454444411,2
10.808884524281867,0.11023686006087136,1.1915374907173781,44.1831342547894,0.6943444809006344,2
4.064731824605875,0.07730243998087184,0.31421368790993537,63.189156742976905,0.7166395334698022,4
9.192523743198848,0.12312432685369247,1.1318232979679435,80.52158454415166,0.7713903600549319,3
1.4363437087439388,0.01714998452695941,0.024633272380354045,49.04272543373642,0.7552601853539243,4
11.940742619193632,0.15153244361548332,1.8094099076699577,36.8724899333897,0.7773401558919509,0
12.459135683201767,0.17819120239037756,2.2201083681345812,41.23945345913867,0.6560274815559286,0
9.701891130203261,0.08959276504549962,0.8692192525253176,47.017299992943016,0.6371600018491207,2
4.654781608587475,0.04394887768290643,0.20457242755645338,65.89014402180287,0.7634218286563046,4
13.196570165674943,0.08812162743739618,1.162903239591065,37.34276903714125,0.682292779381771,1
11.692037141495286,0.1710071774469081,1.9994222701715245,30.001195995899977,0.6405978652482521,0
4.624709188922025,0.038444418528673016,0.17779425563231824,49.72035113218993,0.781736293451244,4
8.94727782048811,0.11967827937021454,1.0707948146033002,102.06428684229721,0.772748952161677,3
10.743203748057214,0.11631283218342706,1.2495724546601432,46.29491790994381,0.7804428409948826,1
0.9952122195352615,0.04122180573760138,0.04102444478136965,35.11128233267287,0.7415714004635426,4
8.4831000367445,0.11834734916155364,1.0039524020209898,86.65696810893158,0.7389237477005237,3
12.224500097348582,0.19578146392296725,2.393330524785361,34.9969872881035,0.7063720305077934,0
10.486630975207476,0.08156188604778716,0.8553094006250673,41.898996061107866,0.7422631776366426,1
11.469514262929366,0.15835670218618061,1.8162744543548563,47.58645217361371,0.6894054032197703,0
10.361335899766587,0.08555356214721387,0.8864491948288388,33.15089729298663,0.7534219032675331,2
11.905116123067504,0.1575622277780981,1.8757966183074704,32.65501780718848,0.7838345384064935,0
10.372715598241161,0.08340766170137195,0.8651639535426427,32.691482474121145,0.7301648677413385,1
7.501213673246161,0.09542857363235427,0.7158301213493939,48.99107833892322,0.647572033698939,2
10.214899070135763,0.19734020339786906,2.015810260189295,44.868213738834015,0.6532919475196932,0
8.99224825105721,0.11160845210653815,1.00361090825822,37.939214856792454,0.6367453778327955,2
9.190170481020296,0.12494849044757195,1.1482979285593222,41.132977564533036,0.6593128915479722,2
9.625298730368774,0.08225940080405045,0.7917713061201229,71.794924065192,0.7102498596446044,3
9.315355584117196,0.10897629769875071,1.0151529633044754,33.57163210795865,0.6578951692762479,2
11.818297250135991,0.09912526511689955,1.1714918481500551,37.35383948653037,0.6642152238383412,1
8.183391425340815,0.0908514442067701,0.743472929501512,31.366872110240397,0.6867821532860309,2
11.654788409979794,0.147351700219005,1.7173528879032767,41.35583528442564,0.6355397459591727,0
11.579699197854868,0.08556915752500105,0.9908651047533715,32.68808107429681,0.7449733301007294,1
11.242231040411667,0.08846439398527478,0.9945371560324633,30.958461900657316,0.66088796039288,1
3.2104990492447296,0.010502331754498002,0.03371772611266857,53.5613083308629,0.7555108135792636,4
9.518549834280567,0.10228872446166758,0.9736403212733764,95.45889274716049,0.7913952009607584,3
10.111656113836931,0.10794538371317883,1.0915065991838382,43.69278348056883,0.6499403878009917,1
12.868755906266678,0.10437771363798677,1.3432113188614543,33.718311360986256,0.6822376325113427,1
7.4811441581362725,0.1312120103516532,0.9816159647195865,37.252248349539656,0.6617237089872702,2
9.245356040761557,0.08716919295380812,0.8059102246437997,69.69190855572094,0.6308586413564304,3
10.599875744916284,0.07600832501631238,0.8056788007521233,34.520793332899665,0.7756312366527345,2
11.54555093231418,0.08264305745010649,0.9541596289923713,33.034433137988195,0.6934818720833058,1
10.54346409767655,0.1671238958493819,1.762064795751793,46.46897712442663,0.7347945333455751,0
10.329671427760378,0.11399827545876597,1.1775647288203719,43.522315466410035,0.73128892614793,2
4.360981757533628,0.021242184087328454,0.0926367772950105,36.781268954041465,0.6218971986240683,4
13.340598681986021,0.0971781554835846,1.2964147729621414,39.41959393381262,0.7497039746755849,1
10.459952968351283,0.19512332135669733,2.0409807644195475,46.38515021629474,0.6327399604653147,0
7.158617978309604,0.08655402886872315,0.61960722715477,35.81234171815716,0.7567404695802592,2
11.713174703127796,0.11243189846937483,1.3169344689761142,45.63826993817976,0.6051241207911433,1
10.580512906179992,0.11916121721526807,1.2607867966622612,46.28406938318418,0.6310050842185374,1
6.333555412090569,0.05731806429543512,0.3630271363289083,63.8660105273972,0.7663033585309905,4
9.638747139683579,0.08120642307549766,0.7827281781428876,31.81750472684408,0.7499426875226616,2
8.596060084656575,0.08696558581823002,0.747561400990863,95.4218138220716,0.7682569265411541,3
10.026856302461319,0.16007634122662337,1.6050624709031172,37.9262276032984,0.7922226171815704,0
10.312634635416831,0.08137919474846472,0.8392339023653488,43.74107668942921,0.605160065124765,1
9.569747392595755,0.10717445838886602,1.0256324937197128,94.43536758899887,0.7526874900445468,3
3.9674666787144783,0.02677009512261628,0.10620946038499707,50.124270245556374,0.7129994902167338,4
6.1357757153813575,0.07754696245244964,0.4758107690173305,73.08547670828345,0.743106340511165,4
12.00652635242719,0.09502456686568618,1.1409149662008409,44.03960123721303,0.6864730828090508,1
10.957620271030514,0.09362702706694565,1.0259294097050862,33.72099964595158,0.7815151259619311,2
4.7322057778879145,0.04615402728301163,0.21841035458146407,63.78011644035818,0.7004458696407794,4
8.699776108174964,0.13660970548217893,1.1884738518986786,41.952484650962546,0.7772264062761275,2
4.018291126296995,0.02401836644569733,0.09651278875689506,44.52557683616017,0.6179978471325376,4
8.206583870300905,0.10943779320009817,0.8981104284772518,92.17530139915596,0.6461085135819448,3
11.286520641892613,0.11520179122038252,1.3002273945918505,38.64250550438792,0.6097735206126447,1
8.124194317957011,0.11801551011493815,0.9587809367065786,69.02538686605341,0.747769025661615,3
8.079835784151214,0.12313667278947815,0.9949240951457446,76.58066628285712,0.6242725308703999,3
7.86094407792153,0.07610074281581368,0.5982236835633999,48.90841886131284,0.6454538194501853,2
10.208811172408454,0.14511244316583186,1.4814255310468312,39.61399556725671,0.6017087989118851,0
10.295644350998304,0.10590829032038387,1.0903940909609486,41.325911355298096,0.6476578514727447,1
11.542792936966492,0.17120025627710017,1.9761291089621653,38.226285650989425,0.6796085348024868,0
8.230504577828079,0.10264081916102177,0.8447857319768136,81.3922727627313,0.7227025135619812,3
8.1300513582819,0.12223352025066801,0.9937647973415216,82.81708145967926,0.7366590631336271,3
7.566908007615512,0.12473444713508379,0.9438540868519594,45.019229611504755,0.6509884736995328,2
1.8791189042918166,0.02544649296666682,0.047816985981592376,32.03177269030108,0.6314893856349952,4
11.034567175117225,0.09358708975872672,1.0326930286663953,39.22217906734593,0.775079000556813,2
8.924756040169028,0.11607677417198117,1.0359568914147252,86.48017599951802,0.7728921114629915,3
4.926837342707738,0.04659417520797753,0.22956192236733078,34.3887745821465,0.755909035131295,4
11.576564778580371,0.08273802250247322,0.9578220771515217,38.00293303858046,0.6424502863879028,1
11.35953976121118,0.15194990185129634,1.7260809517919369,41.74148288462762,0.7239761494243108,0
12.65116571771613,0.11244883424828167,1.4226088368390046,45.3868955937408,0.5881527229858704,1
6.601263594386412,0.05519067114883115,0.3643281682045316,60.466823896133135,0.6841975563792374,4
14.0,0.1083609798170731,1.5170537174390235,30.96274427407099,0.6367891147041758,1
12.419372438224455,0.18811592483742504,2.3362817321170195,29.740048521869955,0.613794644685365,0
9.434744291864952,0.08064108415582318,0.7608280084289539,73.11847975147239,0.8483121972791134,3
9.945060272966602,0.12063479914373633,1.1997203485016776,48.335466074258676,0.708508856960499,1
11.38758302468511,0.09585639635066873,1.0915726718903629,40.30515460447481,0.6929439696093113,1
10.797856480043801,0.09674245643182385,1.0446111600777241,47.59805508951081,0.786438995963056,1
7.560659424375435,0.08064397676591972,0.6097216429543645,43.40085288387795,0.6396307206272496,2
9.80096269419439,0.1147640780417492,1.1247984475207975,98.9345629446595,0.7494041307891507,3
3.037446062102638,0.01568583993147101,0.047644892730618935,39.89685699387352,0.7251284189732298,4
6.385878200644356,0.07373332658794178,0.47085204291892835,69.95046382621517,0.7702943094493689,4
13.912615343566225,0.10720965497326546,1.491566690759494,37.618013694754495,0.6294063143537421,1
10.836530900400087,0.183340468148599,1.9867746483861108,47.32333387331027,0.6636493643356206,0
2.7902326034060447,0.03646596175100557,0.10174851539221352,42.6918483955432,0.6834403456781656,4
10.921087364439,0.11281385703827036,1.2320499886342822,34.90638563430328,0.6322437523395191,2
9.074312764036364,0.09563284992770504,0.867802390760148,43.276234050670695,0.6614550537756857,2
11.791041399045836,0.11099957331237545,1.3088005642026423,45.11065890543472,0.7683996751305117,1
8.46482939885224,0.09578164542357148,0.810775288051889,91.47345014854798,0.616231835593437,3
13.456093086005477,0.16930149268576433,2.27813664517932,40.609509658804626,0.7410368730212941,0
4.154464330077838,0.023615127059107437,0.0981082030173178,62.202017034968186,0.7174736241864004,4
11.53678217635508,0.10149896395165853,1.170971438236001,31.398760503115682,0.6197551833692934,1
8.276269830987042,0.1062142058805443,0.8790574277513952,33.03034877071318,0.6436901316341483,2
12.563458451330545,0.18167776466881583,2.2825010479472763,50.500643551519204,0.6050992074014443,0
11.599444595795756,0.14109230622066893,1.636592388899698,42.68376308968596,0.637349192308707,0
9.123627395383567,0.13353867384916204,1.218357103073406,30.927905115989844,0.7435268300694974,2
11.439769342941169,0.10977246157464762,1.2557716406208412,36.9262313773733,0.6196223941896999,1
7.9994713492309275,0.10034326757795743,0.8026930940780831,82.45560857898231,0.784149220825634,3
8.625868065781905,0.10007887951945854,0.8632672109061321,46.091293750151436,0.5766772691404539,2
8.159299082547458,0.13149255240843352,1.0728870622279552,88.6740167622114,0.6330376163111628,3
10.190651746515911,0.17753155654394254,1.8091622667562162,36.49231959105113,0.7328251250445611,0
10.2046187565582,0.13163850097835708,1.3433207161689475,90.93768709974381,0.7164488128319646,3
10.84488067592454,0.10132093293005026,1.0988134275997483,37.08255599792901,0.7707073140039462,1
11.159253647456762,0.1547721481311539,1.7271416585572972,37.769991051674126,0.6297249967100343,0
9.219229340477023,0.10430667271213605,0.9616271374752587,47.213836925283786,0.6845468964390484,2
10.148192120809425,0.09129094278440628,0.9264380262659757,79.28725258022942,0.7481063018817046,3
10.924438207099229,0.10318566538170375,1.1272454253208406,30.238422605583025,0.6948435564681555,1
11.656664504577387,0.1554317100004046,1.8118152968474823,40.93210240500028,0.7084087654712625,0
4.459927826758169,0.08129311248391616,0.3625614144907996,73.34362865015089,0.614719951520864,4
12.126214360186292,0.14905114663474356,1.80742615472446,41.38182467814583,0.6270627242267544,0
12.431455363380167,0.1902654785013778,2.365276803182047,44.01075521152678,0.6208695828372021,0
9.637555878667118,0.0869411769041176,0.8379004505705164,46.07180584105526,0.6177320146757228,2
10.537039832090922,0.13295064210755653,1.4009062115893878,49.00991746932326,0.7188743669985658,0
7.30714219263432,0.1025771384918532,0.7495457366735144,34.843959015617685,0.674534606276651,2
11.073751677982841,0.08122424608917189,0.8994571314228584,40.401771898145114,0.7044367261747211,1
9.267203581794769,0.08446164549814299,0.7827232636846707,82.86766687452939,0.6753564908633332,3
7.503163975534564,0.1014637957064602,0.7612994967657107,67.81353529354435,0.6385620605992991,3
10.82753031811499,0.19986662891217893,2.1640619841260555,39.13594438217261,0.6471722962900386,0
7.769316783426608,0.0860434214514156,0.6684985983859322,70.14816214406059,0.6802128440404248,3
7.499470669984901,0.09534872611112524,0.7150649748908072,95.61347109683611,0.7181756810916045,3
7.386063841780407,0.10589778460837261,0.7821677978205507,72.32973776592112,0.6995407261284734,3
11.139822464659142,0.1687575732014252,1.8799294050305961,33.31130335802503,0.6761963165210586,0
2.066549113760691,0.03651104996023527,0.07545187793779651,48.18366402847169,0.7734884242876755,4
11.460510939262242,0.10057434043368473,1.1526333287493287,33.88600087628843,0.7162357002326155,1
12.405254470424248,0.16829593419050948,2.087753889971043,49.93475600588092,0.6347823640392815,0
13.690901145955205,0.09091016750733857,1.2446421165052013,38.736014632485286,0.7301731102282644,1
10.766139400632612,0.09888000742456764,1.0645559438684828,35.05930051895642,0.6705146015844028,1
10.970141337888162,0.1005497050554734,1.103044475941511,33.667831216777955,0.7821569494106935,1
9.207218734857197,0.09156413249151946,0.8430509961168645,42.4790108029021,0.7543707243596345,2
6.010728011899716,0.046829079982985286,0.28147686282522194,66.7583429706552,0.6493848938006148,4
12.302400693378543,0.11246108567527811,1.383541338389645,43.18520910743392,0.6521801297423588,1
10.686998353724688,0.13933127040052362,1.4890330573927653,36.49478874882575,0.6755291749928838,0
10.920097953615148,0.16249805280716675,1.7744946539259878,45.510621273738316,0.6426551899712979,0
11.642864777683227,0.07717893444853884,0.8985838974700155,45.31994822382751,0.6698019298870549,1
11.835458946187742,0.09511587870463871,1.1257400775393245,37.45310959415571,0.7238379197810942,1
9.91394851921246,0.11750800477797234,1.1649683099641894,41.09915172865216,0.7251512953630742,2
11.608236706958037,0.1040568728071301,1.2079168105309912,33.5153775168881,0.7376503889832097,1
9.586153387407913,0.12008642815295895,1.1511669200202044,47.27199738077404,0.7261330156300425,2
9.75271768498356,0.11066836120899123,1.0793172835310774,78.27599929733242,0.7376086429918389,3
3.124896855385386,0.03934878414109679,0.12296089182575172,52.17978453048178,0.7009327998499209,4
9.991583366249047,0.12970982197668038,1.2960064997013248,82.86955573664922,0.6409738428652967,3
9.931322521980182,0.11411611408624991,1.1333239339456336,42.97865296444243,0.5942449694996172,2
10.515515131665827,0.10311653951561789,1.0843235316014972,41.519500327128156,0.6916344239326359,1
11.568089357390276,0.09621596300397016,1.1130348576372837,36.00838938096621,0.6594316335599758,1
12.430164256623668,0.10881259269340719,1.3525584003681397,36.06027758377836,0.7557720241830009,1
7.758440730534799,0.10080819092232016,0.7821143744232572,49.09376091867367,0.6177211850167931,2
11.732589865122009,0.08549922058721394,1.0031272889373772,31.858372885700398,0.6880721460214874,1
1.4074508590981538,0.013305257433201982,0.018726496004882225,39.385686644023735,0.6286299144209264,4
12.416856358165923,0.16864752451788795,2.0940720870988803,46.07554112420118,0.6518320645157216,0
9.36617434413937,0.07525777716536809,0.7048774616832284,49.129506741919826,0.7843682266709056,2
10.96666151184628,0.1893137793478004,2.0761401376356816,42.12635502128428,0.7427000686329738,0
10.956755882699708,0.14645638438786152,1.6046868512006314,37.39472148997679,0.7005151192530155,0
6.572379018088147,0.07956235049883635,0.5229139230483271,65.93527873592419,0.6472226911174275,4
8.902728255814738,0.0866906006702891,0.7717828601009348,95.58174766824266,0.5831692178239135,3
9.427389981939237,0.11711079043036143,1.104049092480175,69.74458915569596,0.6874649491161738,3
7.14191780464043,0.09671246361185515,0.690712465800148,31.084297444570403,0.7013157256865563,2
12.368527662808576,0.18499971795125678,2.288174129091904,43.09131948129201,0.7470336262371924,0
10.916890889383698,0.08725636533414731,0.9525682197570883,47.469231619760585,0.6878076047959482,2
12.402222834821092,0.12143211318191943,1.5060281269853806,29.631500191530964,0.7233160872601426,1
11.992770854527762,0.1526793022849667,1.8310478865327826,45.80592708159621,0.7207263372476963,0
11.112101438713205,0.10168209057537576,1.1299017049739994,43.22485056968767,0.6464413438360942,1
9.5961900290851,0.07808232038465301,0.7492927843230356,88.88032096006397,0.7262849739056427,3
11.248666840173911,0.08418225757777545,0.9469381693461016,36.232488928789344,0.6986437408490654,1
8.498543557360358,0.12799917726663293,1.0878065833067698,91.45421886293899,0.6020693995721482,3
2.274633770083518,0.04104150545292287,0.09335439427828521,48.51001054950277,0.7224307438082826,4
10.07631336919562,0.14041405437287793,1.4148560133003907,40.75581983613414,0.6089620098063961,0
13.41981210074188,0.08303504891736292,1.1143147542469207,49.99742150260471,0.6496375595224843,1
11.104039737347714,0.20336885871133858,2.2582158884697563,37.09214825586011,0.5960714467917472,0
11.707586111337935,0.09794962836323441,1.1467537086361155,36.75586932947575,0.6520441729024101,1
9.666121788614191,0.10372027086773848,1.0025727701556126,49.42049072774273,0.6404704856546412,2
10.572030224363004,0.1162824897641789,1.229341996351081,69.55759165606291,0.678364741151264,3
11.87034073090323,0.15665744900299747,1.8595772976996765,44.749029658398356,0.7319768714661835,0
10.30677743461609,0.09407650480459116,0.9696255968475123,38.77496084590981,0.6064513395203276,1
10.21917076036371,0.09793861824573169,1.000851463887205,88.23569176545955,0.6493207501327317,3
3.142302149170678,0.04290300225766961,0.13481419620014967,59.92750051006556,0.7143380110973016,4
11.96884764700435,0.15426552465350585,1.8463805617630051,31.950177524449213,0.6432911950894674,0
10.602489858341812,0.12817854746131005,1.3590117495155245,38.6049037808509,0.6084664943145562,0
1.8159730957383413,0.04896919526534514,0.08892674112182414,36.23832882470343,0.6449627711636238,4
11.794940090925603,0.10832176183198139,1.2776486913517322,46.13334954535631,0.7193603243745113,2
10.160486590071184,0.08601052505935991,0.8739087864706079,41.03452248252226,0.7753051990743461,1
10.775165760049813,0.11459419295723858,1.2347714242533785,39.57483592660092,0.6937492659986397,2
1.2564817697924116,0.0320866758692118,0.04031632328290271,53.28413117974485,0.7432649249627297,4
10.240892621372934,0.09797792852578342,1.0033814452971002,45.505454832454106,0.6601452290175142,2
12.090430896894276,0.10052900492509494,1.2154389871804046,41.91714704263593,0.5846704887839813,1
2.7215905474100675,0.03919031590409604,0.10665999331460221,59.87508661409311,0.6473393350909318,4
9.906207559315643,0.1276039272968572,1.2640709891864905,73.53694138492793,0.7301405668098748,3
6.174772817257704,0.08550362604634953,0.5279654658879669,31.11312277259155,0.6969325175303196,2
9.68832694400281,0.10479368518026147,1.0152754836932751,43.0632103885139,0.6866718175996663,1
1.1954598833993104,0.04016505013414928,0.04801570615009756,59.97487598409256,0.6772283400859879,4
7.821541102639336,0.11598136592579536,0.9071530207288617,85.42598574817218,0.7823817703801832,3
10.60638428055659,0.12506578782631048,1.3264958060364052,45.02453285816513,0.7417496934750888,2
12.394860957598254,0.15263702253466344,1.8919146712989448,38.03630065679355,0.7192809429863027,0
9.987324284665933,0.09315199528022163,0.9303391846272437,32.888431867211615,0.6250253017684876,2
5.031049290407283,0.05862549180617227,0.294947738951221,57.20184754046508,0.6504888115420521,4
7.969297699888103,0.08705825670618667,0.6937931649248814,43.630811159705225,0.7670078990308321,2
11.025850607317157,0.15686997767162106,1.7296249385804718,49.39423289828394,0.7435849878622244,0
2.937223870174557,0.04083316369027307,0.11993614308581506,57.41996225003368,0.7824670748233515,4
7.695096628467547,0.08150992674427664,0.6272267624765199,38.3986693136096,0.7845232022039517,2
6.9703642897970575,0.10603079798144789,0.7390732878685703,38.45308326832398,0.6589317441146312,2
8.56073541493137,0.08967320206696477,0.7676685567049623,80.55358209841333,0.7316021205313357,3
1.6500164565469873,0.009202597064420764,0.015184436599265256,63.60720065575144,0.6980533976456744,4
10.961949843903605,0.08446858462762542,0.9259403880735569,43.655193971077,0.7480378952993619,2
9.556066403641186,0.08062602196254878,0.7704676197355488,69.3789441936451,0.6499635050910626,3
8.224524762731823,0.11899380557226197,0.9786675005407646,96.60059245534471,0.6095983993213261,3
10.031790867824624,0.19301956657405334,1.9363319252690552,33.167930446952255,0.6009876834532547,0
7.956632260280301,0.10532695700905356,0.838047864015392,37.58354962904898,0.6911354698854308,2
9.500137177059788,0.12757068755278542,1.211939031523295,44.6397045652668,0.7641494111888817,2
3.8410584666747827,0.04777385951274582,0.18350218756716394,63.145525670248624,0.7394529104442207,4
9.55515212147915,0.10532698238721051,1.0064153392061517,50.69365334731226,0.7000042662301,2
4.991060169693652,0.011128838981674808,0.05554470497637119,64.21290372908778,0.7670712145749585,4
11.961187165025581,0.10606321505033636,1.2686419665414315,50.1079470808667,0.7697592202354493,1
10.58092832997748,0.17635459056536856,1.8659952834346876,31.871067326208106,0.7227463564180507,0
8.657768499815967,0.09178479556111971,0.7946515117711106,67.92031752839237,0.6123795523634886,3
10.845892400951499,0.1405758154662353,1.5246701687228015,48.004982122910036,0.5882315316659144,1
9.787423572455307,0.12668207131498754,1.2398910909957732,43.37868115638045,0.6636976591329254,0
10.052047574081373,0.1154231937285694,1.1602394345119904,31.822588152054912,0.7452242778280485,1
7.459469179827003,0.07789317260986486,0.5810417204022319,84.90625218894306,0.7673960986746078,3
12.61449806091189,0.17697610158456062,2.2324646902661858,45.456789344379864,0.7135931855258388,0
7.8746234185206765,0.09375117119150851,0.7382551681783939,42.6520419614579,0.7392871318019606,2
10.613072766452014,0.12742918014865,1.352415161486945,46.694877112455394,0.7739411920930735,1
9.68584739613511,0.11596827662591543,1.123251030191399,70.08871994936044,0.7292471850434126,3
10.840688254671395,0.0867338449633027,0.9402545743761654,31.31327120134339,0.5892012180824862,1
7.787355165874905,0.11792400093543778,0.9183160778652185,35.79309677038107,0.7774304703292602,2
11.478111370361184,0.1171723145482255,1.3449168759075243,39.79917746786676,0.7398525668921853,1
12.690911254576664,0.18381989264908463,2.332841944435342,49.4281643345313,0.6879677882643804,0
9.334882933438564,0.08391317632825054,0.7833196775972069,98.21282886504308,0.7889154298077489,3
10.701179049447314,0.10926429147758086,1.169256746812593,48.83222448509583,0.6660133505080781,1
10.12499867977917,0.088482384222621,0.8958840234377509,65.28174404407537,0.6085760877704497,3
12.236661405299637,0.11396114998211923,1.3945040056897617,46.34862168326668,0.7837083875290886,1
12.169169742069608,0.12430522340221227,1.5126913634074044,36.16995511802918,0.7340223769655382,0
9.965062698434323,0.12183148045468944,1.2140583413740562,36.448530518779606,0.651819155776146,2
13.041456831308494,0.08607622661479417,1.1225593935987654,36.50339552652968,0.6682459010255037,1
11.77265176021126,0.18832026061263574,2.2170288475847895,30.98476495910258,0.656183184162155,0
10.28638894637048,0.11706507127346732,1.2041768551534666,41.30407365806145,0.6456942403366231,2
11.198706539739824,0.17211825613613962,1.927501840600401,41.0262775079248,0.6148159904229635,0
9.87431695105626,0.10366788540182696,1.0236495581034177,42.04923858965748,0.7159615565295976,2
7.923860516313859,0.11313752557462187,0.8964859718141956,70.19861010740254,0.6239340913346613,3
7.568609097464204,0.11143587761979923,0.8434145971371202,52.234116009561895,0.7130684359269471,2
9.386189743004925,0.08890387050371508,0.8344685974354086,31.13237017311994,0.7865126885126562,2
10.295886232949131,0.17286928195291074,1.7798424601587755,42.85505198922,0.7392933958612528,0
8.649911938067806,0.08025955168025216,0.6942380542229832,49.68649192099575,0.7666796490881871,2
10.29517247512709,0.07482891908925995,0.7703766281512612,29.132112056454496,0.7408837582083344,2
7.989238760764898,0.09571322296270086,0.7646757908113426,66.13490781599586,0.5964480348950454,3
9.910793764904255,0.11402786328454818,1.130106636465855,35.85650733041744,0.6666614928129895,1
9.501049518086614,0.10655253703875076,1.0123609306829289,92.10826952509873,0.5908781804502014,3
10.823016810274435,0.1286471468945254,1.392350233433293,35.87342922778952,0.7290583660054769,1
1.3721247826267615,0.02639791845612793,0.03622123812341351,56.39391274797177,0.6619195236646458,4
7.411726440241776,0.0963394602047879,0.7140417244384468,51.920600090093345,0.7307428498028072,2
3.4247277040625717,0.0384000010485595,0.13150954742703352,58.039608250597176,0.6867181584733839,4
4.825126090651302,0.04734884468110431,0.22846414583299252,68.56796520746788,0.6968389697366341,4
13.384099216006039,0.08171408967782108,1.0936694835935723,38.14093667753928,0.6550099348649054,1
11.285853392846716,0.17277705238531635,1.9499364828688774,32.20612569724523,0.6997592929054971,0
12.75155520890733,0.16307721219304333,2.0794880745942876,32.01156855252547,0.6103873768327779,0
10.231561135289352,0.08950739173161774,0.9158003505623397,30.02474311332596,0.7615108482878188,2
2.2173401784176776,0.010322256739977307,0.022887954601494356,58.973727640415504,0.6724811956414812,4
7.33580229334253,0.12694742318060992,0.931261198102243,49.82154913348841,0.6107094246040223,2
13.134334318176215,0.16594876757373234,2.179626593002721,37.25222301454215,0.7531449474364739,0
8.012030342221578,0.10980055340956343,0.8797253655101432,51.253455027336415,0.6678466969717609,2
8.177776584291419,0.08980884157001516,0.7344366416536078,44.00561690926363,0.7484786892597126,2
10.717782261609052,0.11707658367744057,1.2548013317878606,43.660443016969936,0.6532598129788418,1
9.526471901602639,0.08971730167282448,0.8546893534737697,82.15569901312192,0.6082685350664208,3
9.15585821639286,0.08560280967845108,0.7837671883407604,69.71157479651387,0.6067625115339598,3
9.596601084369329,0.20334829101929416,1.9514524301004084,49.436798739512234,0.6830485431370316,0
1.851346483004896,0.0319402012828642,0.0591323793114991,38.138836750162305,0.5976162827739158,4
12.182606273958779,0.20229394457333824,2.46446747834302,28.44881181634686,0.7223604204987111,0
11.111211658535538,0.12112652614481188,1.3458624694581434,35.37952937799933,0.7561424611605617,2
9.960804570570033,0.1195703130947834,1.1910165211790085,34.356624829285934,0.7320133557345259,2
1.6186509576123955,0.034368685049655914,0.05563090496750437,54.688889239550925,0.6821472634315775,4
8.495731338678857,0.13153848003464477,1.1175155870725146,80.40905405164727,0.6267483880430809,3
8.60077242258081,0.08782674457409836,0.755377842697954,93.9096475993076,0.7694119533467378,3
1.3819911131264913,0.03371702614880732,0.04659663049870524,40.91448011529515,0.7246721076932852,4
3.0042340254480546,0.02212219477708702,0.06646025026691407,37.267049551903014,0.7570780932005261,4
7.9949498551884774,0.09585145588687768,0.7663275833623975,95.92618031876809,0.6339188795599395,3
11.054369736647224,0.09441690081989661,1.0437193310514876,35.12361384840757,0.7600025379576281,1
8.448220681826712,0.12136779596697722,1.0253419239959416,38.310207566774764,0.721051206398525,2
9.538377090083427,0.09830631858627356,0.9376827370137544,72.2384663546202,0.70689911380858,3
13.520975040325164,0.08881302175188933,1.2008386503631516,48.83777764400598,0.7764732207134751,1
10.40496952101223,0.0873852272754275,0.9092406263875497,42.87512911022502,0.777913166000439,2
12.736675098189915,0.11491338051233586,1.4636143920202904,47.58576138057298,0.5802789532273557,1
10.339163278238452,0.13039439123091143,1.3481689015028975,38.973991816337865,0.6655978540679542,1
9.27573325799097,0.11981396013827958,1.1113623348262442,45.90448874256575,0.6457194544465312,2
1.3673023473565316,0.035413616069796226,0.04842112038061537,53.12784806830512,0.7661498416833524,4
11.201770163511437,0.14602228380159452,1.635708061896501,39.81965209457242,0.7477232582010841,0
9.129162793461076,0.10670380715737744,0.9741164262217757,68.91580538586885,0.7117475333757269,3
8.213631011910024,0.09249441498817566,0.759714995375355,41.34810841292062,0.6226811118226308,2
1.8727996289799949,0.04541564869873631,0.08505441003287914,39.834246134491984,0.7431359554588595,4
11.260851368227435,0.10080062250577174,1.135100827862297,47.18900028207352,0.5825100774889539,1
1.9982978273890648,0.014325674910770435,0.028626965050074595,32.248288378650955,0.6245607151092566,4
7.19919088211232,0.09325390540660503,0.6713526655245957,91.07045473673206,0.6217870122311572,3
12.777385576806708,0.2090955799162755,2.671694846996253,44.41421442595085,0.6151348607427499,0
9.753589873330606,0.08555640082938129,0.8344820447280676,46.73477918712613,0.6992844993185238,2
12.974346840932736,0.10152260536946552,1.3171894942585858,38.61303033967221,0.8096242614267035,1
11.812262982177995,0.08784919368966228,1.0376977786345825,42.27492466227537,0.6051913076155022,1
12.961807922418432,0.09318587394749113,1.2078573991900758,47.75788360999441,0.7113893436492409,1
2.370919257969216,0.010630020119839973,0.025202919414728825,56.9960872501005,0.6966434109049122,4
8.333513738436665,0.13826065248784625,1.152197046992684,37.02476397596281,0.7468918954225411,2
9.456160067726769,0.09045139435766686,0.8553228633951757,43.22765444943314,0.6430355272046402,2
6.665864471654485,0.1243045150637637,0.8285970506297822,41.86613878745481,0.6554346864130671,2
8.727487525128955,0.09232199676142147,0.8057390750303017,66.98364856938403,0.6780011537036257,3
11.508303310578421,0.08476906003028777,0.9755480541811816,46.6415859898435,0.5884482620683741,1
13.487237730191891,0.18125812305633848,2.444671396189213,42.443792985187876,0.7880458099607935,0
4.37931807344964,0.030356670203506856,0.13294151447196773,48.809009195449725,0.7238664154988692,4
10.48003903462393,0.11663317626545498,1.2223202399941415,48.95321871093757,0.5958078716168786,1
6.413097919782936,0.06572509056291741,0.4215014415665907,72.1668849548444,0.6349328378190883,4
3.692760006556504,0.015673347168007872,0.057877909590895116,55.32812690021808,0.7126882609070644,4
4.737232087047478,0.04611670001825386,0.21846551107521522,55.42823309062175,0.6577594120232213,4
9.801343359872194,0.10426224114011268,1.021910024884037,40.409079528249634,0.6208942826864894,2
9.297730207424076,0.08804584726250787,0.8186265337308658,69.09274913328174,0.6787871034558812,3
8.95664368016331,0.1034167029951647,0.926266559304968,65.56710096290892,0.7791998135456346,3
8.001220144866421,0.10794240015586413,0.8636709066123325,73.51171612685796,0.6916894147459356,3
11.695472874412472,0.19383391154416815,2.266979254606085,36.83054959185248,0.6681473985956199,0
7.710784921950852,0.1332998869269353,1.0278467582139663,84.6161401176011,0.6567950870813066,3
9.542023534931287,0.11065061971030993,1.055830817430509,66.42099723021327,0.7800529570540531,3
12.439658838904688,0.18719189999329666,2.328603373322975,46.77541913706925,0.7104017622329616,0
7.208320497409435,0.08356825985204523,0.6023868004243356,100.1643479256569,0.7169460471807353,3
4.912978071535077,0.04774452269766109,0.23456779304951772,34.816540010716395,0.7051971400897598,4
10.317061469666339,0.08973233622983444,0.9257740286999697,36.06917517311429,0.6224761240512334,2
8.581101519068657,0.0700425843519513,0.6010425269820239,33.851017858069206,0.7772501692294848,2
10.48380779202876,0.0943465267126336,0.9891108519007576,44.79381175890032,0.6669998891684842,2
9.657922946680342,0.09513744712190467,0.9188301336472308,39.76862290234593,0.6282719836513511,1
10.579341822865118,0.12562109409904437,1.3289884946360946,82.8403554311155,0.5725142775100088,3
4.2159149850676165,0.0363039556642611,0.15305439070218876,59.238312916702164,0.6664669267355501,4
2.635961712537889,0.0331788404795101,0.08745815317039088,65.37800585568388,0.7055332845034918,4
9.236604928394426,0.12290013763527749,1.1351800169823574,79.94218528806213,0.7867563097612104,3
8.063993330618246,0.10803361352000511,0.8711823389079103,92.78797965473838,0.6393267862742845,3
9.35645728770154,0.09192805461697033,0.8601209165651772,37.07608479082226,0.7292396671174617,2
12.170371870251968,0.18699208014791827,2.275763152192126,38.242319006009005,0.7708796486090268,0
10.759833169911165,0.10713476020948215,1.1527521465524648,49.73485253772814,0.6710916696917012,1
12.79135763891138,0.10947818298711182,1.4003745922463307,43.63374212788712,0.6321318884667492,1
9.056901519677046,0.0895664435060887,0.811194458302363,39.148408231337775,0.7038745580595531,2
8.79921886359215,0.08859559378725497,0.7795720200839614,69.03918285617458,0.6633709165994709,3
10.768963088327103,0.0880713948647406,0.9484376004358727,42.03736844882149,0.5893230236410952,1
12.689232953866194,0.10463876428614875,1.3277856560316357,33.78592720106631,0.63663439619514,1
10.930367045809314,0.16105099817914637,1.7603465231920372,42.71503373419133,0.6467617624983762,0
2.214864276444134,0.04283629090857101,0.09487657046876258,32.860102187584154,0.7439690794312849,4
9.473267591888693,0.10409323976526687,0.986103114803002,68.22896151543098,0.697573285680486,3
9.416947834666528,0.11931306053998122,1.1235648670994125,77.01767712888694,0.6650358450189124,3
11.238998108898164,0.11201541973259002,1.2589410905420133,41.48823789021775,0.7346380098704469,2
2.1322753386475255,0.017364601475485516,0.037026111491620196,53.20131403639945,0.6755645026782913,4
6.98108458065584,0.11582030770078475,0.8085513642167632,46.15868299227303,0.7025510578471694,2
7.558260986190614,0.11399967930668822,0.8616393285419831,49.74858072263975,0.6977503778425118,2
11.663005072673046,0.1900488068878293,2.216540198788213,38.441272616853794,0.7343242420342574,0
10.912685939837548,0.10041060051056645,1.0957493484023035,77.42315847788683,0.7004498677626766,3
6.702932108368904,0.08530557403522637,0.5717974712235595,59.67747999864082,0.62151024499175,4
11.117173068705604,0.09703896615742982,1.0787989811804133,46.937049847768954,0.7231064016609673,1
9.981378083608297,0.10765019880417545,1.0744973350400728,72.91718681819839,0.6510015021712786,3
7.393352437638338,0.12393540395962693,0.9162981209746,102.93760485675197,0.6554134622964107,3
12.830801024753795,0.10417082541907523,1.3365951335365192,46.69176574202049,0.6297321169985799,1
3.132686984450414,0.027512185202449347,0.08618706449750235,49.39757599466914,0.7023622696850652,4
13.451045970403714,0.15399832164676425,2.071438503835643,33.06545037589891,0.6069210961966308,0
12.578548354165733,0.17346644595190755,2.181956078231346,38.642745884742666,0.7387656962779952,0
10.452882164061386,0.128229408845029,1.340366900624339,88.2499175528467,0.668283443910927,3
9.455114585471934,0.0922672245058362,0.8723971801861453,35.40752184648762,0.6748626604185847,2
10.74504180980454,0.16532984741173984,1.7764761228477495,44.53509746418613,0.6215917852714054,0
12.095441387106163,0.08282838414035112,1.0018458655583307,35.38900698328285,0.7295323179505161,1
4.49369418212636,0.023208390073852506,0.10429140745139016,43.34807951363609,0.7400796569291841,4
10.23879150906662,0.09629535186171642,0.9859480310043247,39.74579111510234,0.5854854133412312,2
10.66978254339191,0.11092128517372875,1.183505992237247,47.579206304957665,0.7638548905657153,2
7.981779909715097,0.1094493592764582,0.8736006970040238,97.13797091491655,0.6413731007394408,3
11.601948103306436,0.09593431972712288,1.1130249988000864,39.24250692746034,0.5989435812366916,1
7.703849666894772,0.10417477531276656,0.8025468080920944,91.658495303306,0.6693830622769512,3
10.35555554653313,0.12759895036631602,1.3213580181977096,38.74618769500537,0.7941027886151951,2
1.4668418252535482,0.018746882783266725,0.02749871175962128,45.17562236545066,0.7909114826736967,4
10.480746520169275,0.12673257286350859,1.3282519720313166,37.96817491555195,0.6605827477478832,2
11.396419956890677,0.11656736439219692,1.3284506378813807,45.560524129993205,0.6723662469335419,1
9.260818534063837,0.0856513119280366,0.7932012569700444,47.11679821315646,0.7489963243222523,2
7.674718318225155,0.12045494509595862,0.9244577736487589,93.81759365531315,0.6123173124667627,3
9.128170392973528,0.11070274694117649,1.0105135370492881,51.87416993168173,0.7546021678320232,2
4.8449144818503465,0.029355936690650463,0.14222700280081435,62.33199427260596,0.6303599363207945,4
12.534951229530884,0.09202533223353324,1.1535330514287157,47.71213893338387,0.6448037539412903,1
1.9763177184740206,0.018637517490182606,0.036833656044217344,41.71639843233902,0.6458081016758077,4
11.973571246508143,0.18511889793652586,2.2165343135180615,47.316443066762275,0.6999556347742875,0
9.73194162030586,0.1116437189913898,1.0865101554980383,44.8583972919135,0.6534436449223574,2
10.430027040887225,0.11023567380222493,1.1497610586276295,85.1739970107169,0.7310502862868887,3
9.602575356645648,0.09873230532833341,0.9480844020506682,37.137311348212144,0.674175450790762,2
8.94684947183383,0.0964232083105708,0.8626839303459537,76.34290393889901,0.7100819317716488,3
2.419889770631809,0.035327550172519685,0.08548877728396238,44.24899462781875,0.6351519179150974,4
8.590921537344698,0.07002152702220067,0.6015494445727876,88.73051328026244,0.7631115021184173,3
11.372302990902673,0.10287425644509159,1.1699172142574037,38.889339374631724,0.7593481330503008,1
4.626678429541384,0.015346459773718877,0.07100313440488967,46.822478878637654,0.6720596798553267,4
10.028726544224222,0.1121063040481737,1.124283467182791,50.952630868188585,0.7258948376143616,2
4.514415182935659,0.01285999660839065,0.05805536394141984,29.46205700536583,0.7492003610283067,4
11.913209411113575,0.1836500295986971,2.187861260966485,49.71556072499227,0.7198304778334595,0
8.01679866360638,0.0907205868873154,0.7272886797198166,75.31390662030535,0.6816686239648745,3
1.3002488681901287,0.04794615491341476,0.06234193366023612,44.65271589085534,0.716907088321747,4
9.891168574031262,0.08775016828659107,0.8679517069222843,78.62290886260205,0.7332222053091706,3
8.423398924288273,0.08850644617931594,0.7455251035394278,98.07083242044378,0.7205694222908122,3
7.949834102361513,0.10799443690441786,0.8585378573680699,41.04382023677375,0.6418626393246755,2
10.471014201790124,0.14309824794021397,1.498383786433265,42.41427457978171,0.5929136876874105,0
1.7455568102585732,0.03815136425290896,0.06659537369232071,49.65503519232977,0.7556023216849068,4
1.746600495290266,0.019781980055601858,0.03455121616293637,57.890565567966874,0.7165521038035333,4
9.84601545270438,0.12343912511735002,1.2153835333737377,70.3193122842648,0.6698416759439844,3
3.4915047378921957,0.032461349365909206,0.11333895510944582,32.10667531224135,0.7130041455509665,4
12.069088318586514,0.2020556454199223,2.4386274298420427,44.73439103304016,0.6022696910201799,0
10.154841873407966,0.11213014166373232,1.1386638578380361,48.97933081928524,0.6112307059202698,1
11.999921049354041,0.09723484768179605,1.1668104954275185,34.06102409068726,0.7860647937094045,1
9.739423560317736,0.12609812392593367,1.228123039076104,51.76559558250318,0.7095591603524957,2
11.306489178697014,0.09771796912552053,1.1048471604819468,31.82887021863847,0.710595564105861,1
7.049026873140963,0.10595915328164777,0.7469089189375976,31.26474719985638,0.684776521551988,2
4.967822953592352,0.048282561077449715,0.23985921517877937,57.20574922434992,0.6449032384189513,4
12.245101680188004,0.08728085250712646,1.0687629136832555,37.306086734247955,0.661533424616784,1
8.745537767628269,0.10619886906702503,0.9287662203050768,74.01087175222357,0.6581550085123474,3
7.755868252027302,0.08423528130671777,0.6533177439873612,40.48460143436706,0.7823480877013759,2
4.547026127218051,0.015440295494959436,0.07020742702754773,30.31713538297591,0.5838540682317247,4
8.622889275733689,0.12205042468265898,1.0524272980948424,43.20457861925599,0.7352298503979627,2
7.381813352324406,0.11695380993034521,0.863331195749033,35.590146612243245,0.6668755909620331,2
8.239572445033566,0.11785395306711989,0.9710661842301203,66.23245897174533,0.703133510973045,3
11.0890972586856,0.17995905934698098,1.9955835116802458,32.82663626319391,0.7333896360970664,0
4.3958568501149005,0.026700098037286117,0.11736980885594359,55.38150264091861,0.7137740003008645,4
10.888978084195779,0.09183046828065479,0.9999399565694856,41.11715242888042,0.6909000381586796,1
8.110953786259582,0.09689630877399527,0.7859214825250145,63.916272133985785,0.6732859867701928,3
11.392626492216591,0.09417315810420455,1.0728796158736624,34.89278665131532,0.7034063149309282,1
11.551090089643305,0.17925695437991915,2.070613229237526,37.36308583114386,0.6383672234445643,0
6.975211886428094,0.0754549413129234,0.5263142035356375,63.60112965295556,0.6252588815390915,4
8.196245159881633,0.11625849304498861,0.9528831109151203,77.22444580791235,0.7515129911424064,3
10.577905950173559,0.0876441526865417,0.9270916042008893,34.78360443987454,0.686158738693709,2
11.140581025356058,0.1111844398208672,1.2386592605831956,32.37136696238893,0.6047561788952295,1
9.883575403914607,0.11847933400904817,1.170999431484012,45.78291812738328,0.7079622357749782,2
11.231053544130173,0.12247108897957738,1.3754793579375644,43.87474031961342,0.6957118836402071,1
10.396273896225617,0.09586903172001224,0.9966807119271889,39.85580113284201,0.6400686482014727,1
10.405204794594303,0.08338437185341989,0.8676314658034389,91.25423001670933,0.6751842372725715,3
11.069221064265525,0.08267252921641377,0.9151205018384344,36.00782821954644,0.7721882905374159,1
12.29048881198144,0.19538708678425232,2.4014028041274997,41.40950289221589,0.6215673789028575,0
12.903689016665831,0.17032984160622963,2.197883306344736,31.15823137815608,0.7654698892013149,0
7.794408051752746,0.10094460606652828,0.7868034503059571,79.57929180434252,0.609741277500193,3
6.867516600878398,0.137407992310231,0.9436516682838826,81.92080236955411,0.679201368505733,3
3.157624039275291,0.019728146594370558,0.062294069936731436,47.975039275029424,0.6911943002754646,4
9.168527697272877,0.12910300838447863,1.1836845081743448,71.49023620742736,0.6093462606615805,3
7.620193024811191,0.08355306136813855,0.6366904554391107,65.33414636181588,0.775262600861383,3
8.653094100699455,0.08332023850894277,0.7209778643106043,78.94454157460578,0.6887681780437939,3
8.868869633999916,0.09490897668135334,0.8417353412832608,35.345803058440644,0.6820575517485189,2
9.883553498105398,0.10577674420407615,1.0454501101963967,50.80584426856359,0.6714127916803091,2
4.10877340877198,0.04152660266704775,0.1706234007950054,54.87571686751723,0.7148819525951248,4
7.66171267080843,0.08863213456233461,0.6790739484170368,30.722011950234695,0.6447298751889117,2
2.3801810073872174,0.018607534484830223,0.04428930017509559,50.62994129090542,0.7933263908025241,4
11.934245918464253,0.10171809111504033,1.2139287137236452,44.842404111281084,0.7479096133972465,1
11.4498219231426,0.116372508492791,1.332444498991857,47.90274042960262,0.6631411465738669,1
6.291413230919881,0.10025294884442712,0.6307327287985628,86.59782230975787,0.7675101264803406,3
4.1202484724571615,0.028397649406264203,0.1170053715875341,56.09135979557441,0.6660532994572242,4
9.560822628495503,0.12567054440347483,1.201513784668091,79.08994980017201,0.7234095117974697,3
8.046922336202755,0.12789347558910621,1.0291488653725807,97.84402672965325,0.759645716591655,3
9.974623407202643,0.07682532181441169,0.7663036532359067,89.53213082720212,0.6250049373120138,3
8.092256753672224,0.09452030444598969,0.7648825720122148,64.84746238492825,0.8009699895672197,3
8.904560269765865,0.09988249031553469,0.8894096549089839,43.84505042264865,0.6516340154489922,2
11.579722346737627,0.12605862221612776,1.459723844675051,40.73784711698793,0.7110215587298265,1
8.711846652532675,0.08131050603269796,0.7083646597966976,81.94441026647252,0.7939221086807824,3
3.3987297624947215,0.01325569809723219,0.04505253564570769,48.0930471809825,0.6300391307983706,4
7.373885928689177,0.12093316114107991,0.8917473352501099,37.96012218092077,0.7105437044535972,2
10.548684693518505,0.08388149152491114,0.8848394057183323,43.93937756182594,0.6218473268867987,2
9.224834828157821,0.1162995593165549,1.0728442252827621,71.26414986278735,0.7879476076053765,3
8.985770684565505,0.09644724881377596,0.8666528609978232,47.43621432433571,0.6875900447060501,2
9.548983846558915,0.11765266916007147,1.1234634373140628,85.01516000389785,0.6646002655879427,3
6.116144589303397,0.03993843036164826,0.24426921476166552,66.40516577408118,0.6925750252142888,4
1.2188462623538778,0.034502834595766176,0.04205365098766367,51.48276207474368,0.5769181459618338,4
8.985073453712216,0.1269756406221399,1.1408854578220917,97.59833259011546,0.7210143190732464,3
9.401120820295596,0.08869267487392818,0.8338105523649942,96.39632211965655,0.7098269470457282,3
11.364384471440582,0.11530453353391326,1.3103650503795037,45.01668411079065,0.7381654804913156,1
1.5229303531258638,0.0208545453145672,0.031760020060193156,61.64401714283144,0.7481564918170758,4
9.582594077019744,0.11594473977760117,1.1110513766544365,39.429425915600454,0.7563872138270483,2
13.057230245229471,0.09025754180925588,1.1785135047718793,37.735039690927294,0.6459690746791421,1
1.5056269583793398,0.017064420093247556,0.025692650921503607,37.57553338075997,0.7635359470020341,4
7.823672258692169,0.11696346859801236,0.915083844550682,100.48168429043506,0.7105586375244743,3
9.298272187353561,0.11108747936164202,1.0329216197115687,81.27290746560736,0.7879637987353157,3
8.769999211199348,0.11127890959635396,0.9759159493831479,91.35893548224388,0.7674129012236206,3
7.289743920896704,0.053304603957565894,0.3885769126554724,70.30115085486787,0.7781149870292146,4
2.3068429690171386,0.02169989426655031,0.0500582485172069,50.07242910559655,0.6445819424088439,4
8.197164004890709,0.12481381041893559,1.0231192740793518,74.49343370453194,0.7594328257125299,3
5.912171840477672,0.057942978695023115,0.34256884699411333,69.62175767451036,0.761103349895391,4
9.395152170390086,0.1267077609356259,1.190438695159614,46.380729670990824,0.7335453424425399,2
9.557083173223075,0.14926484360192327,1.4265365251417148,31.137035308637223,0.762631321272628,0
9.961970340458969,0.19426157986036027,1.9352280968596103,44.42342612640043,0.6319912326202825,0
5.7104997768968255,0.04196625293906718,0.23964827804573888,55.59032959392229,0.6427107640306907,4
9.086279962451057,0.11172196820040847,1.0151370810249656,93.98660144813778,0.5987494945000561,3
10.643457329734481,0.10993523709389835,1.1700910050431506,34.97224115676992,0.637628563047416,0
9.818356660939463,0.15915696400867316,1.5626598377094585,49.7240557903883,0.5714581760432197,0
2.1023510225647564,0.016814948142160814,0.035350923421045136,54.75273896931989,0.7229433261185008,4
11.572265724546526,0.11567447097178152,1.3386157156317993,38.22777165568088,0.6722501554489146,1
5.256004179520845,0.0672037247977097,0.35322305841613083,52.90214692434201,0.6317052311554899,4
1.2346869120575246,0.03979391028767621,0.0491330202117851,31.771761974989012,0.7083463364795409,4
9.184631178056254,0.13136745234294409,1.2065615985708233,46.310353490779505,0.6142802793549498,2
6.717764692327943,0.04951010796695335,0.3325972552137436,74.7018540367741,0.7221314844988759,4
11.852789051796654,0.10258079481460185,1.2158685217031118,34.79207939876644,0.6621557101985668,2
4.506848521750431,0.012965546991063875,0.058433756290361974,34.58285511289373,0.6306509102585297,4
7.736553220368856,0.11954448373713679,0.924862260633878,43.56032304816939,0.6040149321190108,2
12.024868542754279,0.12089414264571655,1.4537361729037255,34.60248240539921,0.6629311736113594,1
11.042938379371536,0.0962495354078796,1.0628776885523532,48.32576442858955,0.7419339247310657,1
13.707170925710585,0.18435494611942707,2.5269847574591524,33.641295965448094,0.6102248668361208,0
12.401633090149234,0.10383472692734001,1.2877201853687097,31.02904781498739,0.7617783835698715,1
9.471958289660199,0.11841609657382177,1.1216323275716138,99.29999182000122,0.7045969686303261,3
7.699914171410642,0.08961508466779872,0.6900284604057478,81.9257256294588,0.6649430102591363,3
11.043886680260822,0.10885775824232255,1.2022127462954388,38.23951865928188,0.6605731270152763,1
6.974175508900837,0.08582279142738237,0.5985432100783549,94.42593842826042,0.6195900694533095,3
10.216515019925952,0.10277614681136497,1.050014047588425,42.352420239871094,0.6881438769859173,2
9.589385712444301,0.1264327824392746,1.2124127175077586,83.77015238796061,0.6013632488061735,3
3.6784500883289692,0.027678363885255294,0.10181348007851869,57.03901344475762,0.6041566003699138,4
13.292634625184983,0.10450075278746744,1.3890903248605857,40.911699312156045,0.6972201481984207,1
3.9957800718515606,0.0417512300559482,0.16682873303284773,63.49148652618092,0.6948386030008802,4
3.0823118148662063,0.02981760186120337,0.09190714650776373,50.61754920175335,0.6779195942367047,4
1.7874066013548409,0.011113276807228184,0.019863944327923305,37.39315219534916,0.6898216097775323,4
7.680134330340817,0.09020976973131543,0.6928231494456155,43.756837078818286,0.6160455576950595,2
11.475990030877929,0.15067548445863554,1.7291503575450038,38.0241533370506,0.6081572224278048,0
8.178076006312168,0.08738902966095641,0.7146741266851699,98.07874708772933,0.7372805766517361,3
8.372271861001911,0.10243377645524183,0.8576034242323813,100.67659374490107,0.6704607555048259,3
3.582860905551669,0.012565812832664338,0.04502155954463253,36.54823903716517,0.6468353920471838,4
9.128599431978833,0.10259313794128513,0.9365316607357415,52.12244400129116,0.6506642960874569,2
11.27242115329216,0.16679574530378938,1.8801918876415669,38.570481535356706,0.7437462119216621,0
9.70609538006832,0.08756361955530137,0.8499008432277706,29.78393154296836,0.7317593486742174,2
8.648300458013098,0.11315410101298687,0.9785906636166748,94.43239109411932,0.722690337595085,3
12.32503238191838,0.18708441454530944,2.305821467423181,30.361382491762786,0.6970839827296158,0
11.64861937793411,0.18127552125709845,2.111609549660544,46.12393456129021,0.6881916822826193,0
4.532625535526165,0.03678105549099748,0.16671475134210004,71.4134288682712,0.7175565108600447,4
11.076884846807838,0.1199070480512449,1.3281965635842938,33.580497562227414,0.6239796188920432,1
4.074896490629927,0.04110462634255128,0.16749709763191664,42.291976364035676,0.722688998250019,4
7.2737838327578865,0.09295132477233742,0.6761078433624556,42.922217655188454,0.6983094331425894,2
8.259096257873445,0.0936415756194834,0.7733947867802485,44.475818009707176,0.6878270591021192,2
8.545970107795194,0.09424378925871481,0.8054046058503265,75.8966712277019,0.6801566447073712,3
11.59261719403358,0.10000601969422421,1.1593315034141243,40.950909636480475,0.6992180793265446,1
11.131906288123062,0.15025193984777155,1.6725905139940962,39.66530004706245,0.685072300715008,0
12.894585046511377,0.16877625201184268,2.1762997353981426,41.479382145469465,0.7393495944645696,0
1.9231288382015543,0.0455161711907545,0.08753346142145875,32.73066654167015,0.6471744446024598,4
9.953117481059305,0.10264748404323026,1.0216624678174313,45.07245749714982,0.7124665726012395,2
13.717905898112809,0.1722080761269806,2.362334183204967,46.11941979253859,0.7108184600393276,0
2.507536904198073,0.017902064011686716,0.04489008617062064,45.6181472674646,0.710299378967305,4
10.73721032980095,0.10782584091801954,1.1577487329244334,92.7694620317963,0.6177920689952381,3
9.068947037726694,0.10138403174001512,0.9194464143213993,43.29198930607611,0.6785419372343633,2
3.1059399427645937,0.029196264296104103,0.09068184345678153,58.41322633831171,0.6686855431486312,4
11.672282689762012,0.15650138566670405,1.8267284148412384,31.901031883851573,0.6793383141664207,0
7.583166219617923,0.10638838040628454,0.8067607724567982,72.01457309885471,0.7423171705727885,3
1.2493490522979662,0.02161532174799287,0.02700508174097051,63.13299057471355,0.7032421738836441,4
8.75696459415406,0.11860877187102163,1.0386528158306323,39.431163769065954,0.6681480130175621,2
9.522124328061789,0.07887996939330895,0.7511048755567965,67.18048435049538,0.7311088613220745,3
7.407757960596573,0.13649762706785548,1.0111413835144487,31.05688191136274,0.7495491059705126,2
8.108567238070805,0.1136130716120228,0.9212392302898403,77.6475481090061,0.6391155917161978,3
8.305498121439898,0.09448355532777589,0.7847329912818053,43.85152041851703,0.7641151716640613,2
8.86440715522812,0.11866757776270566,1.0519177254133174,69.88729250027234,0.6649189426793178,3
10.632982497911653,0.10446828214832955,1.1108094156700845,73.03927890708307,0.7356257511302062,3
11.725987008054501,0.17995303334592394,2.1101269310743027,45.22098828126679,0.7569466018560727,0
9.12862655762284,0.13224411353264443,1.2072071268833877,39.21596034975243,0.7266551346752304,2
1.0795624072625245,0.04760563635438589,0.05139325538200518,30.13597445333372,0.6712449036799374,4
12.013467084783214,0.10006273214361681,1.2021003390208198,38.938137280706265,0.7720017063900195,1
7.467207362268337,0.09806597590773791,0.7322789772862899,75.28347273770235,0.7244987352714293,3
8.630348788420639,0.11493005480523322,0.9918864592414621,69.47461795787802,0.682254875535303,3
10.364733710171327,0.08523602635585127,0.8834487156915434,45.12910129455195,0.6413127283679745,1
10.47984003394774,0.2067244663168117,2.1664393381034044,32.22411871816068,0.6306197373452822,0
11.031009563293683,0.1270171815732912,1.4011277446375854,34.81291162387752,0.6635269520334065,1
9.230056347682144,0.10402418900175638,0.9601491260081485,48.56483434338203,0.584488993468342,2
8.336618272060663,0.10855451988464548,0.9049775939851081,69.01100265154145,0.6736555500598064,3
4.08083279105102,0.03607440979962424,0.14721363442811886,37.0464907888445,0.6770057064835779,4
8.94310170170242,0.09539692555735332,0.8531444072891455,46.85604551819757,0.6716675991154442,2
10.147111373283892,0.13100279376428273,1.3292999385375173,91.70273001435821,0.7780704159652206,3
9.033543375269295,0.09944010804112134,0.8982965292309346,48.721262777416406,0.5958590958094048,2
8.539549915662679,0.07826629841096937,0.6683589619946235,74.66106444596751,0.6681906998048245,3
4.975389887245441,0.06221991006707187,0.3095683113330302,64.45202680701777,0.6577542289247716,4
11.02550586867374,0.1525891735548292,1.6823728285248452,40.02874045638828,0.7802797270060051,0
4.279380646934966,0.015824174109723893,0.06771766443888178,58.414160759037294,0.7293817587637805,4
9.082036938208772,0.07864533451564892,0.7142598330889087,30.939023219506538,0.7751640003721644,2
4.707348979434694,0.04579776665054718,0.21558607010284153,58.46972182951285,0.6861159184833581,4
11.60979398514828,0.119673184666553,1.3893810195252863,48.09768754239611,0.6138978062670107,1
12.082119866920877,0.07948664573616691,0.9603671816038439,46.25896067757662,0.7348687571917049,1
11.648936260547956,0.11809113693969632,1.3756361271461626,35.54116173897857,0.6486967678662753,1
1.830537622024067,0.04815347522747069,0.08814674803508901,41.654138417452984,0.666929252948263,4
10.497908297519787,0.14433679993322693,1.5152344896564764,50.403630581479035,0.7186327176799315,0
9.864195503448618,0.17283113454924554,1.704840100276591,36.87826627306018,0.6541983578032853,0
8.558100678921521,0.09081710864986961,0.7772219591941387,66.4566052833703,0.6449264831428544,3
9.001084472160375,0.08308609452669428,0.7478649552966771,42.92001033037763,0.6925970284590062,2
10.904276098270566,0.08091752763318821,0.8823470625017223,48.05198547264214,0.6146770995794806,1
7.577079832711248,0.13236858918285516,1.002967367581852,31.50927950751172,0.6736225937015338,2
10.425592397038706,0.10681784199553876,1.1136392813767706,47.04277632936273,0.6587940136400136,2
12.928783630411512,0.172499681507957,2.2302110585312738,45.269033577386075,0.6994098504444948,0
8.467587260296161,0.08401351279749575,0.7113917506568035,44.546389310743535,0.7416573446937308,2
2.982276532845826,0.010054339529673,0.029984820832607926,40.44224260785407,0.7883233213396095,4
7.77835953638053,0.09829153604388553,0.7645469067324476,49.86598008313403,0.8089915006211496,2
11.035417029438301,0.07924755631615735,0.8745298325126936,50.362700689076696,0.6411777267627798,1
7.675959076192297,0.11508786142942037,0.8834097144987206,50.138560353228804,0.702028289829574,2
1.8325096667529361,0.038723135356571355,0.07096051986789942,52.237433617345,0.7130215105070015,4
8.221728915639533,0.08275653457239687,0.680401793251998,97.60343039055533,0.618979771870508,3
7.980327931018175,0.1017970217382633,0.8123736158723269,39.62513162129418,0.6585656672001562,2
12.450676931815304,0.09088089542526522,1.1315286682140686,35.267128321095065,0.7964305362582071,1
11.523092617098914,0.15822583327061138,1.8232509311949057,44.064671692010705,0.6734042060907777,0
12.154788998174002,0.18691680031135754,2.2719342679983754,30.318736299358942,0.6803412958166077,0
11.8728058005375,0.11940853120039575,1.4177143018697218,30.89886741670456,0.6486921647511138,1
12.690560404292041,0.11850670979548172,1.5039165589734682,40.83530572914456,0.7407000559494455,1
3.843162809952789,0.01864490237380672,0.07165539539821446,53.899522349969445,0.680412514135996,4
12.389912665699267,0.15520468584526032,1.9229725029300666,48.032383391788805,0.7500343567742145,0
7.28173857928319,0.08913624745658676,0.649066851917161,37.43267653420971,0.6664744890405812,2
12.928420608495419,0.09542220249640647,1.2336583692625644,41.42255770516852,0.701890764613769,1
11.439532620652228,0.14043649906788497,1.6065279122172662,39.36206242505768,0.6705249451205852,1
11.289753174689563,0.1153508176054439,1.302282259264097,40.671041002455006,0.6772669671159424,1
1.2939170531491062,0.023406716110989108,0.030286349134228733,33.60828904916664,0.7647253115986989,4
10.440943399456799,0.08101284687046328,0.8458505488033681,45.28000771488134,0.6774172893184994,2
2.6872576391141254,0.02168920098920321,0.05828447104451798,53.4642722401354,0.7223050933276103,4
8.983967506699027,0.10693859633922305,0.9607328747235835,35.17656256304429,0.805651489263795,2
10.201360323641106,0.1186919078581506,1.2108189195614036,39.82507264014757,0.6697760359269553,2
8.638723187646354,0.12475975521497264,1.0777649902606672,36.38316481439934,0.7514696730387425,2
3.7872138595769145,0.048776181213559866,0.18472582950922906,36.3865780843701,0.6518979541273024,4
11.274390949430273,0.18083341403996572,2.038786606606767,42.01450797631388,0.6905465462876136,0
3.281313809971067,0.045253582209118896,0.1484912042534428,41.72986404495284,0.6405409297195188,4
1.6735882037347047,0.040188880323336944,0.0672596360304425,45.25536719813336,0.7258593127251449,4
5.3473097076357705,0.057782524971841345,0.3089810567136336,70.2268580619015,0.7591776972252463,4
12.746855779749584,0.10622092796242755,1.3539828495282338,44.87879285009586,0.7540290825488389,1
9.464803002581796,0.11163017014605943,1.05655756957714,78.7425401715342,0.6538977739897253,3
11.435604457288656,0.10593440765024136,1.2114239843053336,32.817569297666005,0.6448986516125726,1
7.555005356568452,0.1020328311511665,0.7708585858929072,67.4189181507134,0.6548551924883332,3
6.967619454565448,0.09268487135371589,0.6457929127880466,46.2000105657163,0.7692781211922193,2
4.629497675693069,0.03712454163428476,0.17186797920709188,56.71852366879975,0.6084468943340138,4
10.142023811913978,0.09378462777312038,0.9511659280664759,69.36035751793818,0.7462863317399083,3
11.535623447750886,0.1356526772648314,1.5648382046063727,46.446570582419426,0.748512833427135,0
9.802846178195058,0.10441233710282367,1.023538079724829,95.73254559928937,0.7135825287724907,3
10.271384994550182,0.15201487988803206,1.5614033562302807,32.743745594683844,0.7627198321633963,0
12.630066235592238,0.08820363384252197,1.1140177376509777,34.069627449848696,0.6795569000777897,1
10.879446464067321,0.15801880277780073,1.7191571051370955,47.02321013743457,0.7833734977133917,0
10.349870127784383,0.11102515398795343,1.1490959246925805,34.37859320695925,0.7330889170378431,2
1.193910517925031,0.03796327625607329,0.04532475481701949,55.02038628490441,0.6517567255103366,4
10.66414355181397,0.20067538183130043,2.1400310791640687,33.885940123506124,0.5885288007859618,0
7.831202400341296,0.12307078263858681,0.963792208411183,77.18677460571097,0.6029072500126959,3
9.94510512247479,0.12273058176482116,1.220568537393634,38.543993590118326,0.6648453893077335,1
7.895550756323086,0.11913982982475306,0.9406745734810328,37.94408690029027,0.6438960886370538,2
6.8158732404223485,0.11368960110909737,0.7748939099137877,79.173921795518,0.6558752131514635,3
2.2526845081806095,0.023704649876002924,0.05339909754751719,56.41544915232249,0.6215799208539015,4
12.16380142125538,0.08212297230540379,0.9989275272461868,49.529148746643024,0.7223325988457132,1
12.067529875969045,0.07981607024609683,0.9631828122772175,44.64822721230272,0.6897384236947726,1
10.610735825192513,0.12317422460009399,1.3069691577045264,41.458630635190715,0.6980398788276749,1
10.582928126113753,0.14616407742690604,1.5468439260286724,38.22327506003634,0.6453139858535235,0
6.428624834887557,0.041298046824743306,0.26548964944989406,67.44891035553378,0.683459575376568,4
8.495875182979518,0.10837160090692276,0.9207115946848856,89.82363236065017,0.6556132682330291,3
11.218922930174205,0.1479403833551411,1.6597317591217546,31.50314778918081,0.6960366645505354,0
4.196972529195059,0.02866847275830031,0.12032079262056329,57.501608474412926,0.6266660010631209,4
5.325821078358629,0.05089262059647075,0.2710449915055924,60.68656163376275,0.6874418762302088,4
4.6309923915835824,0.06997288830533348,0.3240439133591272,63.0526356175699,0.7325439238351817,4
1.3087967809326884,0.03267051197067714,0.042759060898645104,34.99005687735436,0.6364089003091606,4
10.163287267668208,0.1035294242424199,1.0521992792320065,91.53208855364983,0.7039768707041449,3
9.81795743820764,0.11192335771508621,1.0988587623880053,34.37730958277546,0.7222745612785835,2
12.028206681210708,0.1204013800188365,1.4482126835695588,45.933268340993884,0.6172708317544506,1
8.282863054932985,0.10762027460471979,0.8914039964851761,73.17346980829618,0.7170320234976075,3
1.346240257146234,0.020787720285840455,0.027985265903093838,53.3794870229156,0.5867955080948342,4
10.453609304108252,0.10629158958410564,1.1111307498248626,93.0256486668495,0.7754210593143029,3
11.978852471295607,0.11399380194545512,1.365514936146697,33.328658765955716,0.6371937212294013,1
6.115279950234427,0.12086716481619246,0.7391365496421417,78.87398205657641,0.762428058075949,3
12.54591356720264,0.2002219167441451,2.5119668617316875,43.53932795395368,0.5978288585667892,0
10.763053783005041,0.10764541160314063,1.1585933545783176,36.01328215080481,0.7098291638163404,2
6.2535994277598945,0.07537300648740046,0.47135259023815035,54.96913168686323,0.6983811805478511,4
8.919862078579941,0.11105457231986572,0.9905914682888838,92.58291274205581,0.6945109621720212,3
9.880327001458237,0.08899724288507971,0.87932186193279,48.89312557951993,0.6360452042060956,2
1.3078175564754715,0.03925258507708864,0.05133521990086362,55.24584607877407,0.7229255072001635,4
10.95507164966703,0.2053157573216152,2.2492488322639423,39.37125820619173,0.6936613478917314,0
12.409573173831479,0.1467616416252947,1.8212493308607265,46.22745987402151,0.6717181799430261,0
10.240791502147182,0.10325195983068083,1.0573817928140785,45.57446075913355,0.7517723873377391,2
11.524638919046671,0.11954177619816726,1.3776758064253654,35.008628548879685,0.627842498866513,1
10.269159286770957,0.10367873742360478,1.0646934692542986,44.00930580596459,0.7171826513259084,2
1.2548080991964665,0.025707369359788512,0.03225781528169771,39.067780048833,0.7867207081378701,4
11.872359592845635,0.09841869089650977,1.168462088980487,46.166762512663674,0.7517542655115875,1
6.625400409660703,0.08599269254368187,0.5697360204067368,72.60247270111087,0.7027461581592389,4
11.024045870403928,0.11248282681759067,1.2400158424698207,41.730728125979645,0.7527638534288017,1
2.8305801455963864,0.0327266598880507,0.09263543371080198,57.8184883980206,0.6104679378597309,4
11.266132944864058,0.1211657106456971,1.3650690044933538,36.43138221078015,0.661815602442503,2
11.694539469493348,0.08483309936859981,0.9920840288855417,41.050861165604374,0.7609535609266393,1
10.463274501549385,0.11599140845590922,1.2136499464955146,94.97964798796632,0.7269798596672582,3
12.448201046971388,0.14413505492561082,1.794222141630267,46.02261495963861,0.5881577034588267,0
11.80813270724723,0.08528659344523432,1.0070754135503686,47.186569885528634,0.7381530404378529,1
10.270025944623109,0.15794517521117798,1.6221010472468407,40.04842525466975,0.6005803788482198,0
9.895513040846678,0.15740341143144737,1.5575875104936425,46.1101684798783,0.7368569776113781,0
11.248479154680847,0.07931365372049907,0.8921579805566089,30.810061686312824,0.6600718954801014,1
1.7221859092016507,0.020057727030406636,0.03454313486237938,53.6769413017707,0.7464492346526088,4
4.289318236930661,0.04300450248120059,0.18445999676274355,48.95950770153067,0.7871812039429688,4
12.954953984517708,0.07597079580172753,0.9841981637785712,42.04216460614845,0.6451485940664988,1
8.177945939368172,0.09930869860519821,0.8121411685023183,80.68278735494582,0.6840330786130373,3
12.74515119511677,0.1640058115838628,2.090278865514165,34.755517699698125,0.7141471053327652,0
7.543602995708228,0.11319034176942261,0.8538630012570545,34.360741151054654,0.6619359686669674,2
9.07064006270892,0.10308800814499555,0.9350742166648601,76.06971710425856,0.6672055101670401,3
11.277056121099443,0.11149936476790556,1.257384593954609,41.126494859951436,0.7330629006631271,1
12.055468957546958,0.12178425204978406,1.4681662701042464,32.87742331388046,0.6933074651055513,0
8.858689966718172,0.10919967625096863,0.9673660763733285,84.88417918116973,0.5871426833388534,3
13.26759366197625,0.08967466294620423,1.1897669897449157,35.365514425531416,0.618253776890459,1
9.26720699400709,0.12155619160118265,1.1264863889713457,39.16727806019063,0.645449935797912,2
8.144240680222495,0.1029593320081733,0.838525580149499,96.00836441383892,0.6598315729018229,3
2.5769084449567026,0.04272261712767916,0.1100922728669683,52.99163532415157,0.6384279160740399,4
11.330409712647855,0.13033263324914493,1.4767221336410825,35.36880866092711,0.7005725924973629,1
10.564553069272792,0.17269150340298892,1.8244085523133793,31.955283069541665,0.696757913402521,0
10.715891387756821,0.08231736944266126,0.8821039902734102,80.31205843044589,0.7192927075371104,3
2.596059362733009,0.016234361277292303,0.04214536559190489,49.83485954565,0.7803864954502647,4
1.8558116670299953,0.033117674462474204,0.06146016665236096,41.74981946780933,0.6967346382947172,4
7.423284255852877,0.10550169255228908,0.7831690532892384,97.97385889201452,0.6152208867680712,3
10.274597862540226,0.1020350237948987,1.0483688373873072,44.2877552773826,0.6129822071974818,2
6.735765393902315,0.09233420703932302,0.6219415564488835,93.80195941975362,0.6077507762362794,3
10.684009458012637,0.0896538753412532,0.9578628520934351,36.25104897247082,0.7770436262988151,2
11.901026077024046,0.17900863051641142,2.130386379788175,47.02914631121786,0.692844646367431,0
11.120105515974654,0.18911724085184406,2.1030036731624984,35.89148095713824,0.7870809570183219,0
7.179725381207094,0.10571918905232537,0.7590347449196116,83.10646346579308,0.6284534674327681,3
11.484965641960775,0.08308591717774212,0.9542389041171668,30.94642655557229,0.7507232216247465,1
10.527076654378018,0.16590470981775984,1.746491597573899,34.62444667340499,0.7035385170494958,0
2.797359556201089,0.03170164011025247,0.08868088590966249,53.459548978390394,0.6894072506813396,4
10.24816554564035,0.1266195146148253,1.2976177470813575,78.30583988843874,0.6205849385523532,3
9.812979270702954,0.13388868315509872,1.3138468723826995,36.36363196041556,0.7309798914516547,0
7.584669086225988,0.08719013676057617,0.6613083349117582,33.135028651892355,0.7007822809333036,2
11.27348651995363,0.15994431445212406,1.8031300729192452,30.46548159374718,0.773594149571945,0
12.605279960905541,0.18221644207947524,2.2968892658919144,41.88207480421796,0.7278348362754505,0
11.431690333215046,0.1276247102926961,1.4589661669323848,48.145935941124755,0.7208610260507945,0
4.592491324521282,0.01384452012894777,0.06358083858435289,54.86160307310998,0.7506742746923111,4
12.046010210912417,0.09306261577925486,1.121033219931123,44.723201286876616,0.5958193855313544,1
7.986647883677064,0.08748158125964847,0.6986845858280946,64.8374263243034,0.7216755267894609,3
12.113712839028194,0.09610772314015717,1.164221359732689,46.74117997788004,0.7405137251862578,1
9.752428540153588,0.11668350543420873,1.1379475485617434,34.12622287398256,0.7436775986857548,1
2.0534905958372187,0.023393081248546985,0.04803747235154721,58.64599048498335,0.7226644992098362,4
9.132985981686193,0.07431248634452475,0.6786948960487912,36.28959262565356,0.6494181136685475,2
11.510493985111133,0.1480088077812924,1.703654491710036,40.49163341857335,0.66840913230617,0
11.005239773076736,0.08467742126596435,0.9318953243977647,48.57898392932913,0.689234975164336,1
7.966937970464037,0.08438995845072182,0.6723295643069381,64.71387376641935,0.5960842184266704,3
10.598369022991646,0.14664081239873153,1.5541534436330455,44.730567974195495,0.7272222802143904,0
9.565228086232976,0.10922273285975152,1.0447403520052165,90.52237262505626,0.756796238836377,3
9.945414956605717,0.11799960967758316,1.1735550829610724,90.27338199694513,0.6374541904502719,3
10.919616010850612,0.10255151183420762,1.1198231305617496,72.01456023904234,0.6574942105704837,3
8.243177204552037,0.1193944190453043,0.984189353424986,35.83458275916085,0.7497960039460775,2
7.1190902303877515,0.08600786396906772,0.6122977441187087,81.34642700830955,0.7020547740915004,3
10.449751636279144,0.11524745134633417,1.2043072432833566,70.63625374039944,0.58824445036012,3
9.944550145818578,0.09384640436792953,0.9332602742416428,75.66102022825976,0.7220348044897371,3
12.44102864505645,0.1811707519354964,2.253950514475927,38.65183158731299,0.7792965067935417,0
11.758872707952934,0.12504904858052196,1.4704358445089802,41.08038210996281,0.7489309226134774,1
10.571023622844534,0.11452069306626421,1.2106009517080072,69.70331269004238,0.67536912262387,3
10.89391864438861,0.07732149376380347,0.8423340625254762,38.58653523479146,0.7574592568725872,1
11.456573178600909,0.16843164010571407,1.929649410462885,46.2413730720509,0.6418150887036672,0
11.736567232411138,0.10240016038461079,1.2018263669636682,31.25261783818992,0.6798393818713143,1
12.161076618065326,0.19923633702214777,2.4229283596290245,38.54268001221261,0.6276159762585606,0
10.062455813278474,0.0874612836858213,0.8800753024611904,38.97513413823136,0.6868783347058042,2
9.414690328221202,0.09442235092659905,0.8889571940365603,37.792023315322545,0.6851831369124283,2
11.775187922887012,0.1316382424132677,1.5500650422547826,40.7790162824663,0.6537943017047697,1
11.892370698375707,0.19669281543032419,2.3391438748046087,43.71526993040386,0.8210075393585387,0
9.065642021627447,0.09617820612866079,0.8719171870447338,44.39358214304578,0.73999321020651,2
10.388890526101939,0.10495066864521511,1.0903210071963392,44.849963162831685,0.7351925125998671,1
3.857164306420725,0.032902273912004405,0.12690947653346119,45.81286682044024,0.746538793396262,4
4.3327906650090044,0.025759372322008697,0.1116099679332906,40.1030980788497,0.7399146228781048,4
11.396206088315308,0.18417922376789253,2.0989443912448444,37.25916183847508,0.6867690420468078,0
11.343732553474785,0.1086677248869855,1.2326976083125396,38.26211074759178,0.6815991180849434,1
5.340160716169612,0.06063711841575484,0.3238119577055389,61.03170884657463,0.7611910524158347,4
10.612824405146663,0.1079092728444475,1.1452221643851825,44.54397695872221,0.7694591363399752,1
2.6291825607719597,0.05065919935966377,0.133192283499098,52.13419635815164,0.5899759950919806,4
1.433139332422845,0.033175297631036244,0.047544823899872475,37.890237543219015,0.6891064755706146,4
12.420533908949423,0.17721625240435823,2.2011204722052713,47.10190847261947,0.6810249170203446,0
11.788011584805602,0.10161491527474541,1.1978377984477386,45.2257359257465,0.6001162806181639,1
11.87865871348067,0.10344518570335563,1.2287900565227914,34.831630031554845,0.7093457293273272,1
1.730488569612561,0.013741143179773494,0.02377889120600763,41.75571126424381,0.6161991966864971,4
11.415106106970333,0.08043390820167202,0.9181615967203974,37.285609240331496,0.572278812498583,1
13.028827279705794,0.19033127580924034,2.479793318444638,51.31349359949807,0.6234455254923773,0
1.7263233667901812,0.013959025382681263,0.024097791695739914,36.26723911944956,0.6546487324679173,4
7.686642673816134,0.07954811870171552,0.6114579638343979,68.76693359023685,0.7158573667371274,3
7.178673700214701,0.11287787175728703,0.8103134093202442,40.44120560210997,0.6456338211263211,2
3.5760248070510237,0.03742010227515506,0.13381521401834096,35.141479256215085,0.6688009798347458,4
11.59975348601964,0.09446446757560012,1.0957645370650568,34.95557521888941,0.641276880129738,1
8.235500352502768,0.08210541889136255,0.6761792062222037,71.53704124130464,0.6146944353020254,3
12.557330644413064,0.17485867528790577,2.1957582016342925,44.47708604425176,0.7177469014575918,0
10.19380735594449,0.11727579589600004,1.1954868708788897,29.684978628921765,0.7580993759437115,1
11.529216039881018,0.08241149131812357,0.9501398875754256,49.58405336156193,0.6421077938008233,1
3.818080046746848,0.0469228576664199,0.17915522659250016,51.400921236401004,0.6688021529346925,4
8.874937552687967,0.09879851812202299,0.8768306786310646,98.22593654445758,0.7402343014027909,3
8.268339392232932,0.1137795344708875,0.9407678068955638,31.238534268151167,0.701197709083857,2
7.658120332283204,0.11680152968032877,0.8944801692867058,73.32263993592694,0.6334970498108345,3
10.319974158974077,0.1618067852453301,1.6698418424784744,48.938176732162646,0.6090513981491599,0
9.545056548154868,0.18841191565281784,1.7984023892523315,32.476882464525914,0.7075173214673863,0
1.324181568829474,0.038327239517143494,0.05075222415271408,49.22747328459295,0.7064512791802079,4
10.951219827055247,0.12991338383656015,1.4227100248707762,33.694713554325524,0.6597119838499238,1
9.378921936874525,0.10736552359560274,1.006972864514818,44.53242120792225,0.6083689422983014,2
5.847548491846695,0.06470356976713568,0.3783572618089116,67.04220032270081,0.7023599114939343,4
9.74526250717982,0.08298488255382822,0.8087094646145429,83.56139606760325,0.7220569822360968,3
1.3084412629622018,0.04168305269872852,0.05453982611724435,65.40740805433238,0.6624655786677885,4
3.5192422597063433,0.04875647575837699,0.17158584992322817,39.75827226325847,0.7321363339380245,4
8.664017090408795,0.1178155491744714,1.020755931563518,45.68323898174392,0.6807810894741251,2
6.201718428821644,0.05183416455382448,0.3214608935560269,71.20542532236637,0.7022527647808477,4
7.315822675958896,0.08782432954460301,0.6425072215832935,92.21851348759871,0.6621790624773483,3
11.274802362322946,0.11552809341362125,1.3025564205345628,46.21907183203485,0.760733830426545,1
7.933968816745425,0.11735059707798767,0.931055977843211,31.65786727346933,0.7432122022412254,2
9.741674081675844,0.11972436597925207,1.166315753005153,82.40730855890182,0.7388184958654986,3
8.940047566538752,0.08733679525719193,0.7807951039083519,45.13874331474994,0.6026285161471998,2
9.822471866233679,0.07453974835914638,0.7321645811738534,69.73566533758583,0.6982304276574738,3
11.435941106675507,0.10862336708409136,1.2422104287824636,48.6978508459515,0.6277579267546942,1
7.8545084648867505,0.10916365660810867,0.85742686488638,39.48023385784697,0.8030593189893136,2
7.603729121698528,0.10197186400920723,0.775366431960691,36.694416054831116,0.6594618123502919,2
10.230554869259644,0.1505023230238111,1.5397222736461385,31.150654272810662,0.7284764398674611,0
10.889717073250285,0.11492178564218845,1.251465731196149,38.026301343408576,0.7611518125184135,1
10.780230715050537,0.15206177548718747,1.6392610226920972,30.125850518882743,0.6134451219891591,0
9.466364166166427,0.07422803221215948,0.7026695842582338,67.55567538173031,0.6991320038100055,3
1.0076923592620042,0.03564041886076687,0.0359145777668922,41.818973280098874,0.7107210542874893,4
7.464100570974616,0.07643725025436839,0.5705353232673607,36.49897170522262,0.6795166256153029,2
12.472865006978992,0.12702810433502365,1.584404397463193,48.58655322023139,0.6639122076039468,1
10.678091985018732,0.09554945268610554,1.0202858449004302,74.15295347506677,0.6120584165941418,3
8.336968487461643,0.13040171786916113,1.0871550125860603,96.05850408780807,0.6682821383489499,3
1.0818295509303437,0.025730135078583353,0.02783562047744091,34.109297000434914,0.5906209282820094,4
10.900596076112134,0.10983150615925301,1.197228885073039,46.47494648287603,0.7989073314695176,1
9.334032232179952,0.12119879085986068,1.1312734203871766,86.62759656508382,0.6509412947606277,3
2.48995122842615,0.04959229915504231,0.12348240620157473,41.06533336857042,0.7263796622703427,4
1.9074780308138546,0.03377199324593082,0.06441933517340691,49.30230136741351,0.6547829777546715,4
3.8686357387566983,0.02146077189916331,0.08302390915040864,59.795891851698464,0.6513741340401875,4
10.175429818908576,0.10612967715433401,1.0799150815873506,36.928433275584595,0.6064746583731369,2
11.84878058617124,0.09725461153125273,1.152348553027133,33.296756294239586,0.7321145240741377,1
10.801868523081733,0.1336601617244273,1.443779493721105,42.065870735330456,0.6956322381659883,1
7.543992944134491,0.08685038416790467,0.6551986853580427,50.21252089692507,0.7584138060377488,2
3.0853973685615435,0.029915544913008747,0.09230134355368186,43.519646439215826,0.6179724547159622,4
10.760401603260886,0.20750206688312348,2.2328055731691094,49.40757731244607,0.7686314968677507,0
8.977292677750643,0.11810483078833099,1.0602616326430625,74.58811625433088,0.5715376804856407,3
8.783058345558167,0.11363670386411964,0.9980778002354781,70.27685379225683,0.7459711803869759,3
10.504299579835255,0.1211532927572297,1.2726304822054257,36.1680202629824,0.7432085488976516,1
8.26734866652795,0.13119304513485822,1.0846186467534111,91.87401197192878,0.6181111259223315,3
7.792938378357729,0.10331060918686062,0.8050932112238027,73.0354959876849,0.7530542759159498,3
11.713757332791232,0.12885807224704632,1.5094121886731813,40.939554578907014,0.6582277565947288,1
11.618927557477297,0.11459985323535811,1.3315273928391562,41.57080924588656,0.6460066055085721,1
10.170203559064158,0.1405031918140248,1.428946061446869,43.81110467486183,0.7222216761805833,1
8.883056214364327,0.09324573575081223,0.8283071124242265,36.28004482051348,0.6923356262873875,2
4.761488338608054,0.024674043539245807,0.11748517057842632,57.08948049589189,0.7554565006359184,4
10.626160298385987,0.10108577139250154,1.0741536107027219,40.05619808087725,0.7292921345552235,1
3.1149590984200386,0.01000642286006235,0.031169597930589484,42.384684317972486,0.6176801692331646,4
12.407082849736003,0.19843843773130979,2.4620421375045396,31.67757985546823,0.6662384218066204,0
4.78604802634942,0.034622512913642975,0.16570500959759826,61.57044716204805,0.6360431843906508,4
8.592965679741262,0.08115374317189801,0.6973513298586563,86.36763120341087,0.6571047779820902,3
9.533184024710865,0.10752626114222204,1.0250676349579197,85.17886302754818,0.61247067454813,3
11.926306180318923,0.17987487956020587,2.145242887783005,42.223522246833035,0.6671486042740803,0
8.406711183413185,0.08873093677816048,0.7459353585276899,49.39957216280526,0.7931554083862321,2
3.657113922130825,0.02798608524337615,0.10234830196949095,28.61405338885794,0.6749986364432169,4
10.825620445548624,0.12053128236430917,1.3048259146912597,46.38953110251416,0.6989423097095026,1
11.654972013208917,0.19562943276664094,2.280055563855136,40.45324925896754,0.7353766720157369,0
10.1726535577146,0.08584256303269812,0.8732466542379164,50.887383541104064,0.6771203939215018,2
9.382810991073764,0.12106342130430514,1.135915200031028,38.58806978231222,0.6413746943283244,2
9.25641316700463,0.09487363493429216,0.8781895636073724,67.63990937524056,0.6583356371155229,3
1.870961793912909,0.04738149868098027,0.08864897377044899,43.06948805272559,0.7303925110775812,4
10.2461684066783,0.19396620930190434,1.987410445712323,42.86059630244924,0.7156435148067829,0
8.243979549388884,0.10155681252155829,0.8372322855288475,34.10236113352013,0.7212515203633302,2
7.9667382251758605,0.0889777317467303,0.70886229669612,33.08823037767407,0.6722779512133089,2
12.28299906489127,0.14910650348467192,1.831475042871432,35.920965885355706,0.6177726640889855,0
10.207827373204061,0.11498883119003096,1.1737861386343391,34.12917180938082,0.7324293663224449,2
9.943228275394697,0.11706689831073332,1.1640228933960393,40.261349371348636,0.7557016288257538,2
11.403069130820164,0.18203592908484847,2.075768283647604,48.76873627710687,0.8077311232488167,0
10.46056751777705,0.10877003067670574,1.1377962498043614,46.730617831443794,0.7612092535438157,2
12.545333944054493,0.07960862137458669,0.9987167399699843,33.742889226283324,0.6759272584779081,1
11.413647908983807,0.1606897928666373,1.8340567183473357,35.45854977091374,0.772083844667978,0
2.4495978177019837,0.04209571489774337,0.10311757134811705,43.418161910306274,0.6717830406425059,4
8.670643386210065,0.09352484292140945,0.810920560722854,93.50930904392595,0.7947943875937795,3
10.349658340711617,0.10094802214566867,1.0447775393782608,80.62892852475248,0.6326511460981054,3
9.72107785795209,0.09908049786767872,0.9631692339763608,30.649526868267017,0.6546540786324173,2
10.072554635426147,0.12698799573149935,1.2790935250487896,95.38520209400183,0.6377476205285333,3
10.64733014860148,0.17048342559599855,1.8151933171851327,49.25137280881475,0.6061470787614135,0
9.435045900453296,0.07984434134584756,0.7533350254895327,47.76071862106126,0.7721130501475206,2
11.506873372639614,0.10875607242186866,1.251442353864066,43.087799256221786,0.7669238419918899,1
11.916114997823955,0.10227984732600334,1.2187784226965328,32.098992224157314,0.5659995053858881,1
11.618122792846842,0.08792933158693628,1.0215737714699722,50.18177341458926,0.7730019417097539,1
11.639774907881575,0.1724128949086185,2.0068472879525605,37.07322833872138,0.7008470840784251,0
5.241776576045485,0.043061556487291715,0.2257190581231452,59.223506651540546,0.6810428118687453,4
10.70418227995452,0.121780986535128,1.303565878104697,90.88833348247461,0.688134005540384,3
14.0,0.09142418167474692,1.2799385434464567,40.47000332020512,0.6065187269433006,1
7.6712561844713685,0.12808465917091236,0.9825702338007688,82.04421384587148,0.7757733821920142,3
12.16502453555905,0.13842609417922822,1.6839568320519192,30.24769738009323,0.7153813099888628,0
9.018468930797164,0.08565704290997958,0.7724953801876103,75.48535397046669,0.635177549591591,3
2.806867463645149,0.043242429855217555,0.12137576940956776,46.61561967961815,0.6614895695023856,4
10.270762965943963,0.1157235095642588,1.1885687363216513,84.58817419502894,0.6504188434609608,3
8.469421032509812,0.11289061375150836,0.9561181384799663,101.15046762612076,0.7130434001226552,3
8.743406967763894,0.12365013301400081,1.081123434559547,78.00884167353522,0.5995598272289058,3
9.956760918707925,0.09606683786479288,0.9565145368360204,72.74095188672169,0.6850211948020476,3
11.700205384041448,0.19104961482918598,2.2353197320434868,28.631276324000552,0.6932153362453648,0
10.754072671053175,0.09531683608697362,1.025044182054178,33.80944338458091,0.6801835790670169,2
10.39677664403157,0.10346435311619902,1.075695769968333,81.06665506040014,0.7534055432037258,3
9.780968549236194,0.12051668944953911,1.1787699491640076,95.63968045938286,0.7475168250569132,3
4.419289436698259,0.039114009697323794,0.17285612988229632,64.84266275543433,0.701204852106019,4
2.2254910802017003,0.014065004544151419,0.03130154215600536,60.19098213905523,0.6098038803636594,4
1.1938433820340821,0.03264886742457163,0.03897763430573297,35.10604164773583,0.7347603371800296,4
1.6923162154434175,0.012982889538975147,0.021971154490118355,38.49897013480151,0.731400484311275,4
9.206478257725172,0.12485843721519704,1.149506487515255,76.7211381980038,0.673130081332625,3
9.018406243929624,0.1281750105934591,1.1559343158517972,95.15314604780774,0.6719376664846926,3
7.892395653481591,0.08708848383269671,0.6873367712694773,66.35162993637485,0.7271643732360582,3
10.26057225280015,0.11912624711659607,1.2223034657447596,41.73439141330254,0.6021824638659938,1
10.467151620407439,0.10096312145889175,1.0567963003798317,40.65130847851551,0.6285152641738171,2
8.559402346683855,0.09414796400603599,0.8058503040487717,43.15821590912115,0.6536445938248845,2
11.411026097388477,0.12900611600705397,1.4720921564792182,37.68287021198984,0.6417595149588732,0
12.647188911127673,0.1103167278179763,1.3951964967713995,45.073543237361534,0.6328044834403733,1
13.288024936104955,0.15799052328893268,2.099382013131608,31.49386323836524,0.6763357184330783,0
11.19450736037229,0.1656041878020649,1.8538572992586906,37.41689396251223,0.7427683528670715,0
7.190554733849043,0.09960894057151816,0.716243539160218,33.7642346683034,0.74847686017779,2
10.492617129867881,0.16153772201358832,1.6949534691196126,35.06750124918137,0.6031977073120705,0
10.179234525507004,0.11085921075628515,1.1284619056008351,38.19518392155838,0.6281257626693667,2
10.245403241225507,0.18581922664807368,1.903792906982191,33.77150988570771,0.6104139814201534,0
11.531385333292912,0.10879930580436968,1.2546067192249588,36.68872304822748,0.7334115895875689,1
9.002434451954393,0.11417442111504461,1.0278477421780268,33.58155146071313,0.6500000160863669,2
2.414818040424775,0.04330142068716182,0.10456505185138092,53.160984482308635,0.6763841868664876,4
7.932260394126755,0.09719293481317759,0.770959667407512,35.94980572842594,0.7378506110373375,2
7.160098612124394,0.08936792982439533,0.6398831903040832,92.29118553513659,0.7249377624686165,3
4.9413365863748915,0.04429089449225049,0.2188562173978275,30.87014984815599,0.6247031836732659,4
8.923589436409287,0.09381085578277362,0.8371295616836738,48.3217758014357,0.7736624433313033,2
8.91968910214967,0.12762953558652007,1.1384157776835067,31.319119211224546,0.7155042069166285,2
8.622512293995527,0.08500055418084491,0.7329183234207681,62.82673821811864,0.6580188183008712,3
10.75645278412971,0.12192087429571487,1.3114361277616706,46.896091569395466,0.7557535782218897,1
10.65768406690845,0.12329191223288995,1.3140062485831463,33.21844022794189,0.6634830454958786,0
11.819590514281078,0.17074286797372912,2.018110782683435,35.65135349799189,0.5866022783888413,0
10.65385186735132,0.12054126693052777,1.284228801780697,38.51567053976481,0.6633140468810824,1
7.217696845818091,0.09443886746381715,0.6816311158162258,95.36656078185503,0.6768427462320828,3
3.4708931144758592,0.04278668831202151,0.14850802185342019,37.22938913272893,0.7592587502165378,4
2.6597579836674314,0.04621956241968509,0.12293285014737261,43.50443313659096,0.6307288997169331,4
11.989740190087874,0.17463517042670818,2.0938303214679483,38.0957519858486,0.6180252411070217,0
11.490872030144445,0.185921450613469,2.136399596658193,47.48158516177837,0.7472922051961356,0
4.320337882901296,0.09016861552696194,0.3895588855098957,57.33598344340498,0.6548034346874154,4
7.32153030925204,0.09623236714668355,0.7045681927955139,74.80121473212091,0.7235944064839421,3
8.893498158291106,0.1163240888326163,1.0345280697977641,80.19845330384476,0.6718108478142603,3
10.579334286705574,0.15346551786821883,1.6235630150102744,49.31836050611368,0.7069488772348554,0
5.465955164481285,0.03692251762023943,0.20181682587199895,64.47584386140134,0.7235966293275076,4
10.805803285507595,0.13432056326695702,1.451441583861315,35.85984776703047,0.6752423833777509,1
11.84290575890922,0.14684883281722805,1.7391168878602472,41.96871020054499,0.7526918972177963,0
10.098770578547997,0.08824930463294178,0.891209481204472,44.50174342994007,0.6033488466475063,2
12.586529003615016,0.0832381877644893,1.0476798645060972,40.30966584861112,0.6669306196172189,1
5.042748960273834,0.07067541766806437,0.3563983889625506,62.221036846991026,0.6603438481148267,4
1.4096926739970548,0.03284974087089709,0.04630803904840526,55.347870629451116,0.7434030908203659,4
10.446484815839542,0.098480563765894,1.0287757140357294,36.96304156714479,0.6069683886115509,2
10.778441003235551,0.08298826405644669,0.8944841080933441,44.14002029024532,0.6940337873502089,1
11.885895578754523,0.18168244286560764,2.159458544393647,31.81325465515754,0.7493986973305442,0
7.108407804627817,0.08360999709846008,0.5943339559196028,41.617177975352504,0.6446749611195244,2
7.722387771049963,0.08781076666373107,0.6781087906505185,50.89546855585584,0.7702485026292553,2
8.653865188899108,0.1136744104448561,0.9837230234173693,83.91882189346607,0.6466599348264819,3
10.198371517176215,0.13522666940910785,1.3790918136644497,94.09385929891862,0.6108444063834438,3
8.947623689649912,0.161898591469804,1.4486076723561716,44.09392039674328,0.7386852213659947,0
4.418177741739238,0.038316008431576405,0.16928693560468386,39.66272207668054,0.7811863702168624,4
7.553274564281191,0.10316228654096335,0.7792130749229463,37.44352476983659,0.6944172329117136,2
11.311283198535051,0.10228221551127836,1.1569431058216642,47.84991972388276,0.6434011495552697,1
11.541906061474057,0.1575626954270364,1.8185738294115021,42.157051484806665,0.6469623698576623,0
10.617304861744481,0.09307162909356663,0.988169860065604,44.361241303784254,0.6413975327573174,1
12.073824748085206,0.18795101463386404,2.2692876119140726,41.551467901137016,0.6097626534031263,0
10.513532880594735,0.1108573580279996,1.1655024786832364,51.43707946004353,0.6423239548366337,2
11.447786231250431,0.1026974722015567,1.1756587082532046,47.95746271473528,0.6758783904060539,1
9.310291230916691,0.10722535811845511,0.9982993114221546,48.70491738617306,0.6998022602475129,2
3.61291491440302,0.042563101372103895,0.1537768637505218,47.37932341380287,0.627441846338448,4
3.846351028101432,0.01718225479185967,0.0660889833837702,55.61962926947494,0.6416193497106706,4
12.456724657567614,0.19913459498254185,2.480564819493769,39.81300486007265,0.6294780783778016,0
10.7803736107655,0.10985515269659461,1.184279589136983,47.654771452954144,0.6410218276417947,1
9.240182372228078,0.12736160511998915,1.176844458528397,99.23515504934824,0.6850885696623044,3
7.023376055453308,0.1251718676869536,0.8791290983289195,51.72372437287266,0.7759311813290775,2
8.786505176206994,0.09160149921874693,0.8048570470338408,52.22879821476918,0.6359307603084455,2
10.210355493298813,0.1071294420530041,1.0938296871599273,66.5804676067331,0.6049336479916024,3
9.367640313441985,0.09112916150891213,0.853665207081051,77.1999270674076,0.6431589799212307,3
13.077646013258677,0.16332193318417046,2.135866428383667,34.790952198648185,0.6464196783714946,0
2.7128719267632766,0.039259686422279734,0.10650650114853207,62.425449507830756,0.59791717663022,4
11.41658408845427,0.1273593947565456,1.4540092396927446,45.199367942151135,0.6336013859624117,1
9.497147662078742,0.1928703803310167,1.831718481644953,34.20765308544316,0.7656269587862218,0
2.0059770431018307,0.01851543373808688,0.037141535021675394,31.88975638118059,0.7298537305335969,4
13.503540169784161,0.09088995250024483,1.2273361246168304,33.195291226899585,0.7690653023207977,1
9.983216650810972,0.11662932966324144,1.164335865866994,83.14360391412899,0.6635814557732792,3
3.7864073271357266,0.020093889371540868,0.07608364994705705,49.111120921487164,0.6573768603381565,4
11.176530631633176,0.1816207833748311,2.029890248730013,27.766839723593776,0.7118419525009223,0
9.970265198060202,0.08510011224802184,0.848470687497469,39.67051102369318,0.7851212760339769,2
3.299464272336996,0.04584257251062447,0.15125593015082356,29.098204020302823,0.7291548712123654,4
10.372015674808692,0.08369094426463201,0.8680437857523038,32.28874403892547,0.5959607400285407,2
7.928003005442215,0.10186970139484383,0.8076232988218229,67.65399615152513,0.7091716850277138,3
8.347403622994516,0.08543604321359342,0.7131691366554658,85.61223326327236,0.7586964506718366,3
8.199726993486017,0.09166100077972579,0.7515951823434605,83.07591113415775,0.6788101210991994,3
11.092120733213354,0.18694048945652364,2.0735664789777584,39.810706797653026,0.7868460162202726,0
11.507670753088439,0.17056755876828647,1.9628353074635037,43.320976532947604,0.6248436077252091,0
4.136290238119386,0.04238615168277472,0.17532142543690868,41.21074642454191,0.7095635875177841,4
3.3022851962386177,0.02441144709043139,0.08061356034549386,53.448973117131096,0.6906068965655682,4
10.161606189731403,0.11838151559297724,1.2029463415993822,35.375080102753984,0.7286974982935548,1
7.185211548282472,0.09611332080657417,0.6905945426031747,79.38004300130466,0.7651556842348379,3
3.8187986015561615,0.011096103875700099,0.04237378596324544,35.73916120779293,0.7167074845506056,4
11.36339491921523,0.19856213982091067,2.2563400107894402,44.152453875241065,0.716820294888599,0
12.0172916410342,0.10664423684789644,1.2815748960366973,40.12258082262926,0.7550270440548379,1
9.785886045095564,0.133363636892317,1.305081353187717,35.681374586109456,0.7499024506587771,1
10.63683893068841,0.12251589806823317,1.3031818742004355,35.545239164376994,0.6992216951801415,1
4.624721976343763,0.07090505079826312,0.32791614666049834,68.04962823942259,0.7314569532641296,4
10.388951994386563,0.09844976025037136,1.0227898330999745,83.57389306615084,0.7387692196149951,3
10.833425376600065,0.12283635658456286,1.3307385025922978,33.13708913757537,0.7617939858203878,0
14.0,0.08478787550454603,1.1870302570636444,48.583194374150004,0.7533949210905408,1
11.679613975387946,0.07876922787182013,0.9199941746822281,34.09773028240597,0.6863281968442958,1
2.9931630589383325,0.013712185176214685,0.041042806126767604,41.831193951232315,0.7137564727286063,4
6.494527074001902,0.07375622575866125,0.47901180506582197,57.18419084769387,0.6527527129692303,4
10.87044295277154,0.09276594470619584,1.008406909888661,30.93781832252905,0.6174002841268397,1
11.17936066552457,0.1421919546223102,1.5896151444587092,31.300039983873994,0.7098949007677632,1
10.232265044107672,0.12667335363317206,1.296155328400596,39.251490647646,0.7166525166500769,2
9.285649819615767,0.10042207679536864,0.9324842392803555,47.16054640868192,0.7147306565839331,2
11.185891931171613,0.19251355179060375,2.1534357856157027,34.06514376199014,0.7167376733120189,0
12.199066002193605,0.08693215043970881,1.0604910409266317,41.92535706558596,0.6737312385070272,1
1.6014406727552983,0.037509705526363825,0.06006956805299322,42.48476729875803,0.7227924880938659,4
12.347297554486477,0.09773568139316711,1.2067715398519219,35.21811598586145,0.620386484828333,1
7.097567920376086,0.10159358946946398,0.7210674015343254,47.48682791384594,0.7133204920625803,2
8.488254734969646,0.0876408483563351,0.7439178460374181,80.99661124694417,0.6908382520795611,3
9.844012561992834,0.1539283790182671,1.5152728967030153,40.93838613353098,0.6848433514256888,0
12.306391422618105,0.19724009278486315,2.427313786044039,31.3475512332609,0.7042315508082077,0
8.776988831900365,0.12260131983683838,1.076070414984175,49.890100221612705,0.7286167125863867,2
8.644713844500213,0.11779301297144665,1.018286890019658,42.693862620386334,0.739604197312763,2
7.850089351504641,0.08356514687448842,0.6559938696363429,89.39055598824025,0.6575000704550302,3
8.870706650846286,0.09959794381117737,0.8835041425764257,88.61858358995477,0.6529471793519872,3
10.723155758784376,0.12054249697932892,1.2925959706621393,43.80743345720743,0.6501976626833048,1
13.849970775298562,0.09051986043809014,1.253697421651653,44.24395830180624,0.7746545672286584,1
7.910990066135962,0.1009773793013885,0.7988310445577275,71.0911814691208,0.7100940751822351,3
10.145345308569603,0.1715336959889116,1.7402685778627087,35.74469266331196,0.6881952915367592,0
2.7512706995373715,0.019288509157522556,0.05306791008285008,38.91132069606441,0.6509232753804555,4
11.117309635851308,0.11598742008202673,1.2894680629154494,31.731242024705107,0.646709379052382,1
9.737557399566347,0.10600449208037543,1.032224826244532,34.443397682644395,0.6800830333837797,2
11.604495774939373,0.19438522989000206,2.255742578969148,47.330968982148356,0.6609813640817572,0
3.393673372287764,0.03860829954156574,0.13102395810352155,62.07400996551577,0.7255356691049295,4
1.920318565166696,0.01243709111803051,0.02388317697062381,57.13171789943436,0.6291285034017667,4
8.965057552454148,0.10266990678286761,0.9204416232135106,42.066211555725296,0.6262294754002138,2
7.418488481638345,0.09680350829367683,0.7181357112588236,36.90503663794921,0.7448144750558954,2
2.6780182478111163,0.034396548198728956,0.09211458373791073,56.98931715227164,0.7685057829319966,4
7.744907455288151,0.10561964003712093,0.8180143375483487,38.408779881487895,0.7308765081895647,2
13.26454275928086,0.09990411927793984,1.3251824619905281,43.01386851464707,0.6803921374574612,1
10.79000843598917,0.118608038792229,1.2797817391442816,43.22146578197783,0.6513328684397881,1
11.479674927146696,0.13546054073041708,1.5550429730407027,30.554476631153747,0.6938693365229053,1
3.154071517420071,0.02080349954736229,0.06561572538499674,46.94441446472448,0.7105142181168552,4
3.313352360962964,0.022846960107715624,0.07570002921372622,33.91314417679769,0.7869222686917544,4
10.695425441555702,0.14149823393393476,1.5133838111522062,44.47681481577471,0.7696022442090268,0
9.834181499990683,0.13100217532547298,1.2882991690443022,46.62959237681292,0.7795679308611214,0
9.308362339654826,0.11890901643184362,1.10684821039957,32.31622089531898,0.7478833805577555,2
10.175014593676806,0.11267345826632119,1.1464540821798528,35.26330436016512,0.5999517882423995,2
6.0563787181209285,0.06064284767728243,0.3672760520789425,65.66232919426432,0.6969679429254249,4
9.922900892950201,0.14774726911124683,1.4660815085949448,35.20504627509759,0.6915437362845763,0
8.252389906509212,0.11223653337227643,0.9262196351429584,40.08037116700148,0.6074624290634579,2
12.610450484268625,0.15641641659558178,1.9724814764053173,28.011290331086073,0.7404618901759658,0
9.96006154697395,0.10549929355949118,1.0507794570148046,89.55729666366666,0.755050866626872,3
5.021675243113125,0.04337403622146172,0.21781032388720628,68.11838673198459,0.7358792469492522,4
11.101407702552365,0.1928318117144156,2.140704559863541,45.965756923085465,0.6757418517065555,0
10.941568944217854,0.1947820855404961,2.131221618039878,31.605352998430853,0.7697954138248112,0
9.34647322876053,0.1085645884430968,1.0146960194748091,39.38233440534916,0.7588958436654929,2
8.238215663588258,0.09036491733394017,0.744445677419324,71.66812198133017,0.590710729230352,3
12.307594389236442,0.11062854830929539,1.3615713004608565,44.75106795634079,0.7352780106512681,1
4.233870898525741,0.02648187184295865,0.11212082653439087,45.08892965187226,0.7976887690351491,4
1.981541445300109,0.039668077117361145,0.07860393886341198,65.09811901273603,0.6002783595823823,4
5.3798136120273075,0.043600119715766744,0.2345605175329021,73.69658069016319,0.6295363208664316,4
3.9590333529151787,0.01101579062014735,0.04361188247389353,56.35959940258072,0.7173070625024619,4
11.196151254487972,0.16863169733484576,1.8880259896619693,36.00423591419812,0.737747401430603,0
9.60503994870596,0.13113484151792656,1.2595553914469095,34.44642754698086,0.7825484816661545,1
2.827874890491124,0.018521193167911888,0.05237561710147378,48.43668026752897,0.5929628259199075,4
1.2554814591848018,0.015812207471023486,0.01985193330865339,61.754768954732405,0.6102094047341478,4
3.878042931706381,0.03963440764442472,0.15370393441783065,63.08225840611882,0.7032087995471135,4
7.893928955655641,0.10757744259641677,0.8492086890872369,68.25575697667473,0.7419614846903382,3
11.988160914482815,0.09103784422968172,1.0913763259330453,38.66086081312731,0.6665836023482877,1
8.401870063693696,0.08367029391862249,0.702986937695327,42.23555870768945,0.7775109595018683,2
1.4369288649600505,0.04837073090792231,0.06950529946080883,55.80561173904126,0.802023593182078,4
5.059524208072941,0.02120495957737602,0.10728700631294213,33.232615547874374,0.7210555374862256,4
9.60748960192751,0.11304010285564413,1.0860316127864171,36.77078464356434,0.7515333491026079,2
3.819958568327925,0.0765236293988416,0.29231709380165566,68.09338216166019,0.6640045190866635,4
9.40276173896627,0.11910054813803786,1.1198740771222528,48.1598676967395,0.7012106864750197,2
8.862113454965115,0.11779242110168876,1.0438897999381926,40.40120305921469,0.7461824875174397,2
12.366338627532995,0.1750612184647149,2.1648663080831962,37.798682722934515,0.6113829957773965,0
9.038211768013047,0.09659040310338848,0.8730045180061697,100.10329932454421,0.664812362350663,3
12.510995168674052,0.18386081215282524,2.300281732552484,41.04825644284267,0.6521151933680007,0
8.423457638817096,0.1308485245913959,1.1021970039973403,53.492619121165035,0.6596561523146586,2
7.587568785177259,0.11091104633915358,0.8415451931343102,74.31305599928996,0.7155609269309727,3
10.258741050663977,0.09631438583751183,0.9880643437607717,101.00797716922933,0.5747284929446174,3
1.5440223787825165,0.02642566117533579,0.04080181222884276,49.07346235626072,0.7510823814646472,4
7.22565561941853,0.0907283828174309,0.6555720491455252,85.52016970064726,0.6638213921667859,3
9.172449347682546,0.09108530925097919,0.835475385422607,35.724381824701915,0.7626319104382452,2
4.514679891453551,0.030700100017682825,0.13860112421544546,59.23856952837481,0.6215626820171019,4
11.00866780473169,0.16323735745786205,1.7970258415758444,49.11022011847522,0.7568004897060762,0
1.4505126165188802,0.024961277913367667,0.03620664853777387,53.468031137906586,0.676981188423276,4
11.532790484335315,0.1258999041827784,1.4519772169378748,40.08547378889115,0.6050058290176457,1
1.811898617612134,0.01981907460563368,0.03591015388029942,46.23534658830241,0.7647309308751935,4
4.754234319617293,0.06097977671463336,0.28991214725930936,52.49985002012818,0.6493610341240981,4
10.134756740778958,0.11409087683384847,1.1562832830532277,47.90444637129475,0.6994075610605035,2
7.186761432916604,0.11722724230772122,0.8424842239043004,78.96023038530232,0.7579496357204585,3
10.888062024549157,0.09709439907608142,1.0571698393767028,73.59061157910558,0.7285211350697408,3
8.186599538796589,0.09829094613263666,0.8046686142773236,38.37053701221546,0.7562691777299413,2
9.300497020435781,0.09430131688154329,0.8770491166799638,97.02199708281317,0.7455822265625424,3
4.923943150467895,0.036972704275080454,0.18205149396955747,57.04541436802084,0.6117461355814167,4
9.354653134043025,0.09694422157580873,0.9068795661915006,71.22521883081662,0.6850060699715499,3
8.724402478202533,0.09285030567671419,0.810063436947788,72.9617233039938,0.5851565096581024,3
10.602020769521921,0.09523087910257735,1.0096397581453562,33.289793824416854,0.6912677923888576,2
11.253245649801606,0.13508261211144273,1.5201178171069307,46.794830790076254,0.7410979493639482,1
0.8737192429059586,0.016069318089592055,0.014040072435253395,34.405714313575004,0.7253272453142051,4
8.153563842119945,0.10745846531033518,0.8761694572840494,48.84177716353979,0.6699771801234756,2
3.3876013399273144,0.016615962206637806,0.056288255835387845,43.99749261552841,0.6328978817776986,4
9.841369671223049,0.09605624273571277,0.945324993990883,32.633154778151805,0.7231138948668945,2
11.638105657398391,0.09682615391392084,1.1268730096497295,48.50224702265038,0.7127411978429377,1
8.963557878721021,0.10334821116201533,0.9263676724130062,83.95845263954335,0.7240935100315834,3
11.454993763451643,0.16220442645426184,1.85805069343782,30.485813921686983,0.7304529599421052,0
12.177196877176138,0.07982784525955189,0.9720793880063152,44.16101827284294,0.781358067098543,1
7.851253744708865,0.13274668921321914,1.0422279407829906,80.54315311286572,0.7113570495577333,3
1.0077210894900206,0.01803859554808457,0.018177873158585618,47.82454166684999,0.6924852731247697,4
6.438435475993211,0.06188753888789155,0.3984589258977104,54.05510359542876,0.7487283735165727,4
11.16219794940449,0.11835714158578448,1.3211258431062203,39.672848245568815,0.751645797865044,1
13.450555915902434,0.10112021739614596,1.3601231383150714,45.298701777105194,0.6522511761649794,1
12.662593149948414,0.12316908744451086,1.5596400429602604,30.489468787448516,0.7186235047491276,1
12.842907987032959,0.12262652566415874,1.5748811858743264,32.00791551900181,0.6535236689829903,1
12.290094877898987,0.18962162712532835,2.3304677882718696,48.90852577100416,0.7107304066843647,0
11.997308632278642,0.11045000997311485,1.325102858085713,42.471967221106674,0.6755247162336064,1
8.878101882243644,0.1826329186376116,1.62143365871623,33.880550109030594,0.6114770101897202,0
8.145336181494866,0.1150387017010962,0.9370288992381338,31.673010425966854,0.7374479355017283,2
9.278887793867458,0.09451555009695796,0.8769991841253314,74.28833037449945,0.6879110243853389,3
2.9226564877359342,0.020903459011251357,0.061093630095355955,38.00454507436816,0.6295376404581043,4
9.113091194080548,0.12722146992456188,1.1593808572675082,91.5744238180324,0.6378921543249663,3
9.133628812811867,0.08035217967892822,0.733906983487695,71.01783826112904,0.6725772879932826,3
9.944991262063633,0.11450495956351606,1.1387508223221168,32.40826469792639,0.6071278599625088,1
11.289535612847915,0.07506806769169207,0.8474836235930356,32.948308919496256,0.7660177847673607,2
9.223668479957677,0.10508137029901352,0.9692357230577718,44.794274327539796,0.6303290143207714,2
10.273111828064506,0.149163318747139,1.5323714541345899,44.5132589038395,0.6084002102938145,0
9.773143047484439,0.12543251370488187,1.2258698992433628,31.81475789114494,0.7119690613418586,1
2.4007429404238376,0.021236365046842016,0.05098305346646951,60.863206329115336,0.6976137003286408,4
6.820758238815922,0.06979387868178852,0.476047173037728,63.94911168809083,0.6383394528940602,4
10.174671000707281,0.18531383989821823,1.885507352842113,35.281587014856946,0.7434096828968795,0
9.788039279777893,0.08628807744549093,0.844591091412982,43.660286217469526,0.7082391194260818,2
2.366427293839488,0.048596159030519635,0.11499927710558598,51.66380786917999,0.7374475990162404,4
9.030000459062956,0.08543529562396647,0.7714807587045965,28.633373136297617,0.7384422073034123,2
7.917621647336616,0.11217350551293884,0.8881473755068777,35.229078501320565,0.6619419244762658,2
5.771702201757374,0.05340955482224041,0.30826404516240613,63.47229164710632,0.6176857831371525,4
8.095410616453929,0.11863127459554082,0.9603688798042025,42.96444164507211,0.6421964845146778,2
9.97607226445332,0.13318294856083926,1.3286427192359018,34.243017970104766,0.7116679870684097,2
10.403915672977167,0.18795466588243603,1.9554644941834631,48.96890770831695,0.7629701217326763,0
11.347889413620432,0.1813095154177373,2.0574803305975915,48.780621818263626,0.6127426947271367,0
2.347838423001933,0.021797832961690425,0.0511777897656348,61.0220449370748,0.6544880232492611,4
10.531390271279195,0.15805404606310938,1.6645288430453438,47.86565738821593,0.7357771165158278,0
10.500578739052063,0.15400116559066948,1.61710136519062,38.60599762229588,0.687978377507318,0
9.730169282781203,0.11949339705592273,1.1626909815287172,84.80334094660832,0.758595278318759,3
2.2948540077972557,0.01885391722961351,0.04326698751705629,33.06332607162887,0.7693583769460203,4
7.496025559063985,0.10334224206606922,0.7746560878582321,72.53390571392119,0.6291302191185091,3
10.26956902114453,0.19628526566682652,2.015765083599166,36.43719631594754,0.7239507466734783,0
1.2345548802113344,0.04353851630172032,0.05375068777744956,35.59923143478484,0.6555166893740396,4
9.59566799254994,0.11152100949248482,1.0701185812838947,64.12568186791988,0.7655055733300082,3
13.17339962794372,0.11153567608278135,1.4693040338113632,39.451422470118786,0.7749531673125206,1
9.397904031435894,0.09585525503373028,0.9008384877158097,30.13646830887436,0.6767556501676697,2
5.347643900526206,0.08498094780481685,0.45444784718936476,60.18111519431973,0.6914989023928669,4
10.395241704323729,0.09443943559953555,0.9817207594770869,52.634080258027815,0.62226401846412,2
8.002246318477505,0.09028062441786903,0.7224477943777429,76.44794448998043,0.6857260468959301,3
8.292351523778711,0.07858484040318901,0.6516531210632912,53.829599691560546,0.6079609366576554,2
8.480302693655709,0.12937801854049785,1.0971647591288223,40.92210391297363,0.8070833534833054,2
8.665518590869883,0.10120890075622144,0.8770276110645419,65.44731286393983,0.6614292974786241,3
11.711013013290898,0.20243132361840036,2.370675865192788,44.56691885322193,0.5988825345239744,0
1.318187112608289,0.0369067930546384,0.04865005897232544,45.93867371235853,0.7049907081171397,4
5.722948990498139,0.06172865112391555,0.35326992163442433,67.29586507356478,0.6258277582805479,4
10.33640243480493,0.11924222963815043,1.2325356727633465,50.8641269779828,0.7147344279132263,1
10.60656176586777,0.14719814563296182,1.5612662234772088,38.877035047300005,0.6184045318963631,0
12.980857133810158,0.15718734081618296,2.0404264143783974,43.27448461860232,0.6440882829041297,0
7.509923738559098,0.09954901490324047,0.747605510172019,73.73754860954277,0.7899913528648398,3
11.29386444496006,0.11582419046687875,1.3081027065801638,47.456693272298004,0.6265533432733497,1
11.460985162977847,0.11279801115456355,1.2927763322558625,47.17728811803272,0.6625786166262296,1
10.901666878531323,0.18422392025515194,2.0083478096787855,37.62569735111949,0.7541732764790278,0
8.109271201011635,0.09037308373687114,0.7328598452940221,79.54858684271265,0.6170723281838336,3
1.6138950816920088,0.04476681564360696,0.07224894359023015,57.56688888240015,0.6849685766314269,4
4.930300424284876,0.04394085929150957,0.21664163720837165,58.23109268710105,0.6462959656395936,4
9.756311422735482,0.08151675969636635,0.7953028937700424,45.32354510757244,0.7270716200265455,1
11.321320891215706,0.09934400003027398,1.1247053029596745,76.54868056203794,0.7724668474657196,3
11.36227264915705,0.1632602664817107,1.855007660539233,37.690220229703876,0.7050407052791867,0
8.234479319387082,0.10912754212358854,0.8986084887922325,44.459808128685374,0.7375914287234092,2
2.025038127308009,0.0316817777777148,0.06415680794077207,46.99848775800716,0.6340582809097235,4
12.357834801856455,0.0827148464454575,1.0221764080338873,37.56999375140632,0.728189495574064,1
2.6668747167141147,0.023997604358163095,0.06399860432449361,46.481589862347796,0.7112129664828977,4
11.569041707411467,0.19290397051832095,2.231714080451727,34.367170838796824,0.6975139945743014,0
8.99473203481225,0.10880719046366695,0.978691521681463,94.89054867630199,0.7438507358011899,3
10.859338937509088,0.18459853814947472,2.0046180931338475,36.26783487614092,0.7352112015582154,0
11.86703761095448,0.1803966238926269,2.140773520623013,43.365607900674625,0.7338830668371428,0
9.058544719693781,0.12525852781873803,1.134659975769046,43.98120224536135,0.7942960310022998,2
3.528121462503395,0.029044420291439426,0.10247224259619656,53.81841104540091,0.7371865538574515,4
6.496335203163893,0.09747966287369388,0.633260565518926,33.67462789297153,0.6629851452079566,2
8.379625494624381,0.11160307574729939,0.9351919788105659,66.31239328164152,0.6865092691700828,3
10.489335041377336,0.12337077427383143,1.2940773856723535,96.67745427043134,0.7763136561127723,3
12.729097556747472,0.08945080344717829,1.1386280036085756,30.170119176759822,0.6235386757908229,1
5.604723002842207,0.08466437499576354,0.4745203700600145,59.63565610218512,0.7329415671013615,4
10.74251207325922,0.13312845842062537,1.4301340718779563,38.66144941352984,0.6209321667376867,0
10.16923707868847,0.11019522431427833,1.1206013609911525,35.82703768770115,0.7675931048404405,1
10.846417088162024,0.19242319430290555,2.0871022228457563,42.39638203751088,0.7739801643620621,0
8.713035096030627,0.07772849492559053,0.6772511042483088,70.84636121042121,0.6646958244102261,3
2.9906962135924395,0.029297287578098876,0.08761928702834912,49.20487337835857,0.6539506795162784,4
12.460465257375935,0.16630164936221653,2.072195924122214,39.62618509162688,0.7894212711753373,0
9.362034346215536,0.1261750091622515,1.1812547694110584,42.51697468708519,0.5997517168456078,2
12.523147363088155,0.09637358109401167,1.2069005579488348,41.820904648192936,0.6970555762713299,1
9.368647171829357,0.09682715102635302,0.9071394146193362,31.626817368528776,0.6529657398089335,2
4.704785457145805,0.0414590351883056,0.19505586582123638,49.598745841570235,0.6867221421679544,4
10.465415069306026,0.11519818449726835,1.205596815994408,50.2136720231589,0.6327408495014017,2
9.295804307349652,0.09053930698755844,0.8416356798793981,31.180433390927615,0.7571879054468128,2
7.435916888441996,0.09191103960074237,0.6834428516014213,93.52451712490095,0.7257471167672429,3
10.917245960111096,0.10982749000284019,1.1990137215426488,86.72179628282896,0.6614414397501633,3
10.208877827373101,0.1792893487773283,1.8303430574170294,36.96432374228549,0.754271202272225,0
7.791590440935017,0.10353010676770062,0.8066641902401979,65.41626875654471,0.7465073889373732,3
1.5604706713550185,0.03400280656810845,0.05306038239329103,40.23191156488498,0.6610489140421688,4
11.346997992505099,0.12667959482223023,1.4374331081392058,41.090833085356756,0.6016916998019494,1
7.88541198004311,0.12236954258409852,0.964934257085046,32.00281634505909,0.6744728792703649,2
1.3972513489887843,0.03389977751629272,0.04736650986505967,49.23646204489558,0.7007775565802643,4
9.795774648635623,0.08339417218550467,0.8169105177387207,36.297489009277605,0.7620886231400513,2
10.29958021876124,0.10428864807818924,1.0741292967874705,29.89767253225028,0.6304099019443109,1
11.623267430316332,0.12209169887620201,1.419104467059748,36.71408661569697,0.6348028790451393,0
8.23571113819957,0.08015549927615777,0.6601375381766,85.01761661708446,0.7188862127572718,3
3.7903594984676916,0.03640916361664582,0.13800381914561777,47.43286650373508,0.6829019108842175,4
1.167385807647702,0.0364603484931081,0.04256329337274367,64.15534561811036,0.7773387012793304,4
10.709351109700892,0.10670323646829362,1.142722423880397,41.60896572308347,0.6310077456503146,2
10.197655325546506,0.11886187471334832,1.212112429675018,43.97047227196308,0.626078034360486,1
7.038866431750259,0.11841303698485363,0.8334935511142881,77.51310435080403,0.7360365898378993,3
7.8561323455506695,0.135524077108063,1.0646950857695567,74.96877770882156,0.6362651236212156,3
9.024415668272043,0.11159916425213984,1.007117246443076,82.7169985569524,0.6723404037447749,3
11.563467241953692,0.10421041096510486,1.2050336734655218,49.346086995445035,0.6338298036167275,1
11.85049886503049,0.08874755321974555,1.0517027787048276,48.68599450648294,0.679715586533271,1
11.33925941225074,0.12875339913558353,1.459968193007442,50.851847248393945,0.6749981488606432,0
11.694696696944332,0.17008601827367298,1.9891043961015367,44.2961270123073,0.643429801201111,0
3.037768350998688,0.028970192996891825,0.08800473540828183,46.09707338491213,0.7667598526499382,4
10.479353238580897,0.08337185504576558,0.8736831191803406,40.76611456325176,0.6726445268825881,1
8.291999756824616,0.07989505712435588,0.6624897942466478,39.48404133942256,0.55236855719205,2
8.051834792529124,0.11452115417022053,0.9221054136283735,100.51888609272429,0.6655831368640275,3
8.44819898416484,0.08920977049871906,0.7536618925048568,85.99329363993125,0.6452093726167811,3
12.783092640092901,0.16758478720827596,2.1422518599536473,47.3095566176786,0.7660884324698567,0
6.750315252808582,0.10384465546594356,0.7009841617144108,83.39166189570109,0.6781033411382824,3
10.047632015799916,0.10202676273634385,1.0251273677381103,32.195274107698395,0.6895980481954551,2
10.353422651335304,0.11913526998380468,1.2334578028232703,40.88005223102994,0.617320740015451,1
10.6636695950946,0.10956878506861463,1.168405321907641,49.10155747743474,0.6820538643689907,1
8.683534345438144,0.12987099166516441,1.1277392166005662,39.93334398049361,0.7004855921342821,2
12.66529023943464,0.08642267400771053,1.0945682495756979,39.63781261964481,0.5963466094085091,1
11.026644743875657,0.09773869476785824,1.0777298649352711,33.43461859362136,0.640366243054244,1
3.1703595165248535,0.03106288776953307,0.09848052185088264,36.98812755767253,0.6484609512672509,4
9.287331033479566,0.08918911008838964,0.8283287899723266,49.403984169754075,0.6670530407661984,2
9.765259523030108,0.10328540661664161,1.0086088005531963,68.99643862229054,0.710846812349279,3
9.061483181193408,0.10184699812901267,0.9228848606010848,67.04122880259857,0.6517491286217469,3
1.5230367641174392,0.021885133655739943,0.033331863145315825,48.38784839581682,0.6198470691417195,4
10.750744818867101,0.17616829012207375,1.8939403322785606,35.76016231397222,0.638599204807935,0
2.0001604366615706,0.04816096730286603,0.09632966139054415,63.156557083516084,0.6359077113681988,4
7.798416580389293,0.11022335688621102,0.8595676538875943,60.8883330886506,0.5965539875376471,3
3.319987910188137,0.04010328603753586,0.13314242480343577,53.30722527730643,0.578905370680153,4
12.533944002442226,0.1376917475759071,1.7258206537148297,48.18793716414713,0.6766009267854327,0
10.498978278133281,0.12999775591547905,1.3648436155626869,32.68098061223874,0.6945011726640861,1
9.062955467162965,0.11574024286115178,1.048948666809245,32.91548193425208,0.6147597166761003,2
3.8907671329226012,0.0380418316168826,0.14801190813114268,61.777959669998886,0.6309106525518784,4
2.6176799373205113,0.03853386375285033,0.10086932205327838,59.1480392005484,0.782866997805247,4
10.882075879106376,0.13605506363803915,1.4805615262457887,42.080562406395245,0.7274648561549772,1
11.984827040142784,0.07501660598024215,0.899061047811743,43.2651929198259,0.6590996984172054,1
10.590913080592934,0.16807308777710245,1.7800474638341586,40.31388513018243,0.7594723016020928,0
2.653588448975649,0.0375860065993346,0.09973779295511681,31.23279873435126,0.7120487796207344,4
9.910050366303803,0.10010733681856095,0.9920687499084782,65.91933219411492,0.7116858555666548,3
9.796708956959028,0.1330554184964576,1.3035052101561782,34.96261046404506,0.7187162335729496,2
2.242785740139154,0.017994604473001156,0.04035804231149123,36.14285213783472,0.6918757866601731,4
11.945041982381552,0.1631105599754166,1.9483624866761153,30.900967756667065,0.7366801075806397,0
8.664875577495518,0.09969019642074678,0.8638031482818599,78.07352245189075,0.7197962390300852,3
10.847930587484486,0.17592044140195448,1.9083727372480341,31.18371956560315,0.7111609579521084,0
13.635251070642681,0.09993211073153399,1.362599419843732,47.983129146105256,0.7459497047466257,1
11.273032421657767,0.18492526499695697,2.0846685078943503,34.07291096061617,0.6852557936274764,0
10.985702238829807,0.15450109379668184,1.6973030120238617,37.76182694367933,0.7256594586225324,0
5.034039833214286,0.04550521724008327,0.22907507620564865,66.1240850964799,0.615452860742202,4
3.8509077698536918,0.02521993787918086,0.09711965473416502,40.932540179149754,0.7297567010623534,4
10.97085425578933,0.11843228875094515,1.2993033790661774,33.95633298563776,0.7225035642825959,1
7.847011212046939,0.12930508625622453,1.0146584616272905,79.33878549740719,0.6521311116516203,3
6.9153415224118016,0.11638766984630515,0.80486048598491,81.955805446941,0.6936799515692007,3
11.742830604400913,0.1296180290869577,1.5220825588444544,46.806445025213556,0.7555733442252003,1
11.393891179417448,0.19007221248365447,2.1656621052698695,31.702575855078322,0.6486786444098748,0
10.699701075538394,0.19469600106596693,2.0831890120085506,36.373501113136065,0.7464159860946529,0
2.0958458600714347,0.017323405097255315,0.03630718685542294,60.301511416813604,0.6828708208447627,4
7.9565341083266095,0.08584362949406105,0.6830177660520489,41.43573406440655,0.7322676504250591,2
8.778174355178766,0.12046608658801783,1.0574723119556828,39.52982315319095,0.7022625281365958,2
12.945990243646749,0.16416531067267365,2.1252825103136708,31.459809285373765,0.6270877703774199,0
7.704101215168429,0.133183293306609,1.0260575718035798,40.364262151958044,0.6291753447863395,2
4.7522653142099305,0.031701980754061616,0.1506562235292778,42.33669996771619,0.6822666792502622,4
12.016048601266482,0.1648678126837405,1.9810596499923245,35.3228476478482,0.7746479102899113,0
6.093459237004688,0.04374118355961318,0.2665351189988425,74.2769017095888,0.6597409768617716,4
9.869359371425015,0.1582379287673906,1.5617069851953302,31.876206278839305,0.6653238729357467,0
8.195404834646029,0.11870082684344312,0.9728013301892348,37.08427019235371,0.6543438196171338,2
11.117863228570117,0.11627750283974825,1.2927573731319943,39.8695140786695,0.7168391186216028,0
13.338868701346216,0.10780925646984198,1.4380535168409823,38.680424260759175,0.6613920830525359,1
9.534506977919618,0.10447085344403986,0.9960780811514158,42.44075233821282,0.7911095241618319,2
1.4720576833282528,0.015344614854188294,0.022588158193820717,56.51357825149149,0.7689578215445203,4
9.177791337388786,0.1242000441956408,1.1398820897220565,71.77462290242848,0.5643097955887645,3
12.780032376433976,0.1838054989476868,2.349040227518038,38.09590524607559,0.7686606250903109,0
11.114366390788586,0.11984355842528532,1.3319852179144995,46.1079363007014,0.7696831389221607,1
1.439765187103429,0.033901016362345174,0.0488095031659283,63.32254102915526,0.7470533325779876,4
12.4303511546958,0.10397939842919321,1.2925004353288965,34.35057483227009,0.7584218240686085,1
10.911389996823198,0.09624852270253542,1.0502051678254554,49.68836670382232,0.7425495216409561,2
11.629463047349299,0.11052811522370151,1.2853826316872021,43.652212154953205,0.7398311596528367,0
7.703011086264338,0.08995210996551754,0.6929021002972505,33.05465645089235,0.632344666922948,2
11.863108904068733,0.18081605305294263,2.1450405289709282,43.058472850281234,0.6940069647995262,0
10.024543960873613,0.12799171460473874,1.2830585696827927,38.034406934254015,0.7541912657636098,2
10.55536870546362,0.13043556545863103,1.3767954857214855,68.93218787399898,0.7921440291977284,3
3.963608107049721,0.04684596150419695,0.18567903280057416,43.44595056539733,0.7182864020454733,4
10.453263900483801,0.10171295251195948,1.0632323347048893,48.2422850261912,0.7843016466993271,1
11.161524279334355,0.16101598026173777,1.7971837730522073,39.896564249948554,0.5903622963755698,0
3.731679286208245,0.013940285242721022,0.05202067368409651,35.67479810275126,0.5903921878148898,4
8.93289249009298,0.18083857041783274,1.6154115076046087,47.217441443901365,0.6614441371961288,0
9.56543067897642,0.0675810108356653,0.6464414743637107,76.21297999399812,0.6205811530871456,3
8.720949579807979,0.10640424565872492,0.927946061467242,34.34249658590792,0.7904035950741314,2
3.251840563294793,0.044118938600652316,0.14346775415111362,57.797685503373714,0.6353739299628792,4
10.904571394133868,0.08790305989639761,0.9585451924030934,39.91722356639578,0.7390123897151472,2
3.6454556925367685,0.017767867612277895,0.06477197413141814,39.027341089653326,0.6023564318777482,4
9.19884282459819,0.10626444853190456,0.9775099598875939,68.92064650130037,0.7510859405438409,3
10.855645343618116,0.10706651876333927,1.1622761558706456,39.27345716152479,0.6034555770166858,1
2.9936222365523024,0.015137699014694538,0.04531655238062545,56.882622693074296,0.6980776733958387,4
7.149478286489733,0.13030148215135265,0.9315876173385252,40.44499133316621,0.7423893862432521,2
10.714405798051168,0.08899365543996117,0.9535141378356878,33.14542400436414,0.7403931390945475,1
11.001253771977861,0.09920535779349685,1.0913833166261204,36.15799304393619,0.7326526460438022,1
10.268040922875635,0.14641431038106845,1.5033881306874257,31.517259204438492,0.6524929140571949,0
2.168092302746755,0.023037250432145565,0.04994688533838415,64.2221660030022,0.7552537701551766,4
8.605418880135726,0.10273348013792809,0.884064629600975,80.93742812388412,0.7201922204293908,3
10.958825334325876,0.1068022551351698,1.1704272593384348,31.937444262937817,0.617609674202589,1
6.450548271986541,0.07740069848656636,0.4992769418730719,63.83132851926925,0.6643372718013015,4
9.894498258430257,0.11480042364403954,1.135892591813005,42.593471726970684,0.6771981012517858,2
4.342886007429308,0.021174813608619242,0.0919598017307962,59.95739869775598,0.6873535793129855,4
10.396584064813151,0.18175573222513258,1.8896387493402595,37.36137246179736,0.6457970252826578,0
7.872858821391766,0.11305319516675262,0.8900518448550934,81.83786564430486,0.7375532253793469,3
9.871779051894938,0.10012363508793685,0.9883984034606681,33.40653336014366,0.6762494923957127,2
11.941879103428994,0.14434308272276464,1.7237276432915056,37.816755070641506,0.7661908979475804,0
2.853852703075471,0.021786158423920534,0.06217448710773606,37.64630719199561,0.6492409444980485,4
1.356700941893615,0.01740444844452721,0.023612631597828927,49.66220012214983,0.7518904088432034,4
11.747877778861824,0.10444685467584201,1.2270288831183345,43.59791613527521,0.7682499855356458,1
2.689948331377571,0.03698766265095291,0.09949490142948728,39.93035536875336,0.6565807595176582,4
13.565178592402052,0.17305181528829464,2.3474787801250887,46.384849487319244,0.662409352365907,0
11.022405106213268,0.17714923497223725,1.952610632119762,31.02606103557294,0.6855802658552341,0
8.037384705597507,0.08607218828115781,0.6917952896682867,51.55650684397363,0.7164181306934946,2
4.448586546453831,0.08739351610690312,0.3887776200004654,77.84696456429197,0.7864407019244094,4
3.696642041052035,0.024297179881288083,0.08981797662817322,51.15016534627227,0.6678201642757919,4
13.306837737796938,0.16496300280742993,2.1951359110982107,32.90581665720929,0.6365700893679503,0
6.11798266977182,0.05677520628040256,0.34734972809622305,56.3627728831509,0.6951156136369661,4
1.9874241791184466,0.022257525754126633,0.04423514485110281,38.050193638312166,0.6908352165553202,4
11.954332646077578,0.13550705760477755,1.6198964424987072,34.48428067432083,0.6654231000762143,0
10.1053106163481,0.12665534295029807,1.2798915817328567,40.90573966041926,0.6306775586435847,2
13.141306191700675,0.11355602480652005,1.4922744918948374,36.132645864959315,0.6991296732664033,1
9.730524662360187,0.12822828353453838,1.2477284753449405,50.37317999861005,0.7107338421568001,2
3.9036995533847283,0.016744622125980588,0.06536597391478646,51.53230705132502,0.6097388558756618,4
10.299486779457917,0.14234573875715156,1.466088054441453,43.2874016754724,0.7267995933138476,0
10.915523318645814,0.13617119469526123,1.4863798510239832,35.42983098874698,0.6393674883152802,0
4.937727734970023,0.04746186657143197,0.23435377492320625,55.33906350548469,0.7711396993546374,4
9.81199627377955,0.10496530978226015,1.0299192284596528,98.8719748622841,0.7533290851750856,3
10.597960192770636,0.10732295419398326,1.1374043963183809,48.92333655087103,0.728884131572468,2
8.84952207223759,0.08063298531230223,0.713563383271628,71.45390828242445,0.6179650175905765,3
11.795638291035331,0.13662657060337371,1.6115976077819971,45.04608198225748,0.6685915169188523,0
8.586524087838868,0.126382980493274,1.085190506298367,74.13053834295724,0.726372271912306,3
9.998136431542184,0.15675285843985276,1.5672364647158665,40.95199610459437,0.6527049317815391,0
1.6769048697283102,0.013960940018647358,0.0234111683032546,32.83007306920652,0.668431676975546,4
7.968800303217704,0.119028025726124,0.9485105674977417,33.57963044086282,0.6122003943509715,2
7.4122360336713875,0.1313289620310359,0.9734412646311057,98.10173915828544,0.6975584762588293,3
7.388251479702878,0.09878589438160262,0.7298550303386477,42.705858938229824,0.7543323478214271,2
9.351485445723178,0.08733223479120586,0.8166861225924409,28.87408597610427,0.732326918192768,2
12.820291864600005,0.09810377324631606,1.2577190060363093,39.0088908761622,0.6875444681623917,1
11.198208327665688,0.10966743568224396,1.2280787915306455,48.968704374019715,0.7342775816968617,1
13.420678362629824,0.15602914276474525,2.094016940242496,50.23280795835774,0.7136607918355937,0
10.925016818452514,0.11572383850653821,1.2642848819798127,93.2733733747566,0.7038197450110899,3
11.047040564695898,0.09088588255440812,1.0040200313367338,48.21744173131554,0.6784698985957893,1
11.336973840755071,0.13874929267360606,1.5729971014639412,31.145172611722593,0.6288134830397096,0
3.1642037502709752,0.013411511058221321,0.04243675358722456,34.34486996584522,0.6893999375563267,4
11.620701280245157,0.09042829141504427,1.0508401618171872,39.747137311228926,0.630238462607126,1
11.616349142832338,0.12277195311696314,1.4261618723540868,35.33058943833768,0.6898280410619938,1
12.000370120199033,0.1021446303419851,1.2257733698947335,46.449852516452836,0.6383681332757797,1
2.4651130097485296,0.016817530218523037,0.04145711253352017,48.02528097848864,0.7295224388474038,4
11.788173780557562,0.1754738260424732,2.0685159553280013,33.462195604526265,0.7397137857962203,0
6.400649193847878,0.057977013999616606,0.3710905279183532,65.14541167009058,0.7586454702371567,4
1.6068912063178025,0.03022279302160938,0.048564740336787156,42.41192564138414,0.66924359103849,4
9.473765687234145,0.11366433665555797,1.0768292924696554,34.623243849008894,0.6451259219228753,1
11.354252746455954,0.15645564672800535,1.7764369565599973,46.18663017781354,0.7334250591237664,0
3.97052403797983,0.03066051809692335,0.12173832412074975,58.623307260381715,0.7568531154974659,4
11.998639545099989,0.1124858435283644,1.3496770904233628,28.499848363880627,0.7288278635388916,1
12.964427662750417,0.21076238759849514,2.7324137280492558,45.78856043378927,0.7181173482110441,0
12.370643870645504,0.19614647037701646,2.4264581315181886,46.95820340698189,0.7458964534710777,0
9.954453536268728,0.12286385892653613,1.2230425749708798,32.12494521186501,0.7291520579079303,1
12.172346146786989,0.09893233142463316,1.2042385832092868,42.20471968296529,0.6020268610060847,1
9.68687231218616,0.08462043242871888,0.8197073239389768,32.16353488289026,0.7880929393646751,1
12.59774713383687,0.10507640000226753,1.3237259169624624,31.485503304196673,0.672671259714104,1
9.618366509209743,0.1365669568865373,1.3135510443821612,47.68245754740205,0.6487501666241486,0
12.743243875478122,0.1554553886266767,1.9810059290269693,45.397595926663755,0.7284223562939206,0
8.574107474067903,0.11852472776361295,1.0162437541798572,65.76497435600554,0.751060276472549,3
4.64611618785071,0.019607214887229902,0.09109739848622629,47.82465035034044,0.7305413948882177,4
8.94113671234079,0.09178067620963783,0.8206235735414557,49.21102046600764,0.7922203810954078,2
2.800936286990934,0.011591002670685779,0.032465659982932625,47.358701427879275,0.6473296471050245,4
5.754006716952936,0.05228543383918833,0.300850737509488,71.68300148276754,0.7525477295899667,4
10.686934022540543,0.18297497058053294,1.9554414383704524,41.37435365076705,0.6686646134943247,0
10.027580426876586,0.11975119737837787,1.2008147629264567,85.10046382252115,0.6527077520550879,3
10.282810992011134,0.11991664498468886,1.2330801951736554,74.59273378372968,0.6565679780748428,3
5.368222716184982,0.07474907812312306,0.4012696991944351,60.07931330044584,0.6164446012962073,4
2.4068339757448447,0.027401188168344876,0.0659501106593501,34.91762158678657,0.7349993298528882,4
9.357401977969692,0.10795930639900986,1.010218627238331,69.90773557446376,0.7876056640279536,3
8.148075946120041,0.09925953774076636,0.8087742518885328,70.36958072567722,0.5930720816433175,3
0.955328530373906,0.01908273784913656,0.01823028390492614,44.46625083786286,0.739497234320382,4
11.515864246673894,0.11618027745248619,1.337916303283739,46.67724747329432,0.6580862730287107,0
13.518684792416716,0.16828706772336474,2.275019823192253,40.07395706876744,0.7661910248896201,0
9.485116151026817,0.08815080718177237,0.8361206449258799,29.930197559340872,0.6701913777080347,2
1.768041937392812,0.01734723838994769,0.03067064497137808,51.162007419137694,0.6125588803402694,4
12.733629703755927,0.08829561619411362,1.1243236810807982,35.04168678677098,0.6545203844757119,1
9.213643217644519,0.12572241195227044,1.1583614481899467,74.88855649323273,0.7226547741524734,3
10.93845368359295,0.07508340748318924,0.8212963751612019,36.15066237855866,0.7196234850557164,1
8.922652732923616,0.101809293878002,0.9084089742575782,45.75865081332038,0.7036042927560393,2
6.870163387298612,0.12522129308691654,0.8602907430759228,43.90317209598193,0.6616308482675292,2
7.090165366371199,0.11753965239517647,0.8333755725875898,67.00987455418809,0.6673236372347972,3
2.8963584343342923,0.030501958470235777,0.0883446046789817,37.25090384927202,0.7657089006388794,4
11.146883149350064,0.09909838527100796,1.1046381209051992,43.418126141558915,0.6618773010392996,2
8.416901537899918,0.0788622677030657,0.6637759423122087,77.19924885065645,0.5925909336539701,3
9.021842521495552,0.11314904262788257,1.0208128440467439,75.64844632140132,0.7236775251310626,3
8.212609932348009,0.10820896916897728,0.8886780549662823,67.35722479543172,0.7243582949054147,3
12.033251599209574,0.21278800721808605,2.5605316281496524,38.93904099625737,0.6601952672993932,0
10.199409018786938,0.09287016976443112,0.9472208470716127,32.02437677443325,0.7201356720202431,1
2.141027564817246,0.02326029722928758,0.049800937533746925,42.68919779625122,0.6908117361779706,4
8.859603036582222,0.1249604095349331,1.1070996237682513,69.16690487971249,0.6870313515122282,3
5.767839070998942,0.05496828877041525,0.31704824363595346,57.77326755221331,0.7200445024877877,4
12.86805298229354,0.11916367552377465,1.5334044902047679,48.27689105931525,0.7296831191230126,1
9.649658863795867,0.0889613266068303,0.8584464538266392,80.43394142932756,0.6454159689525532,3
10.058878172839432,0.09586790659860767,0.964323593160544,87.91543142477254,0.5972134818827516,3
8.697137978251178,0.1094045941074473,0.9515068504070349,81.61094094269164,0.6180762594525946,3
9.159198069772502,0.07619448680321439,0.6978803964553076,39.616142720264584,0.651400742117984,2
7.409704946984517,0.08986959689681873,0.6659071967098621,97.98357399847063,0.6419959998836672,3
9.766079118397359,0.0983757959061285,0.9607458061545618,38.553335282271,0.7095425794520649,2
11.421315810558978,0.11607186451796224,1.3256934213800617,38.717252841578805,0.6299978541770082,1
10.390171382468415,0.10831897536221097,1.1254527179867457,89.84605324881534,0.6752925379149111,3
9.885441876215296,0.09799008389484841,0.9686752787879845,39.23549924563276,0.7131423712772516,1
9.232788275808236,0.11466727748695672,1.0586986952004238,46.463213388102275,0.6255058321823826,2
8.558773321892746,0.11677561600022567,0.9994560268703231,81.48088456441081,0.7361959872898285,3
10.656716194376791,0.09062803416292074,0.9657972393285306,29.968986871517366,0.7670877374953371,1
9.671217094284481,0.10581382573046226,1.0233484802160857,68.1503146695637,0.6380692848498218,3
13.266476789596904,0.10631047609696269,1.410365463631352,43.024765937692564,0.6194884279543992,1
1.6932501414086225,0.011947862119686589,0.02023071922369004,30.51379695944818,0.6938538393507505,4
11.68167440954101,0.16354948434518046,1.9105318259687227,34.051535448118045,0.582673854252642,0
7.650296671968594,0.11625790758377015,0.8894074834781491,81.24065977108155,0.762744357099264,3
10.287402552787501,0.12408421515794416,1.2765042717764683,75.61466477771766,0.7390612860461087,3
7.3738016576848135,0.11210660050664176,0.8266518366532841,44.42072189736751,0.7258877401166548,2
2.004685809696172,0.034544352640339435,0.06925057354322896,51.527285810158524,0.7498666548336153,4
5.002437130813606,0.04685868504800509,0.23440762598524098,61.05406662469234,0.7234122882166154,4
10.67042573040398,0.10047706426761076,1.0721330518765682,33.493613266364,0.7244256558457455,1
13.834431639686347,0.17739220535359249,2.4541203383774777,44.51096857578353,0.6891199599017659,0
11.156991144740747,0.1997802196806924,2.2289461418718464,44.96325997533997,0.59141926191373,0
9.221775276263788,0.1254439444907796,1.1568158658620784,71.59084192853079,0.7972243762056137,3
11.57306055405975,0.2010671256847452,2.326962020980299,45.225558833137605,0.6626358559901,0
5.580283305986927,0.06593240019772215,0.36792147214699805,67.61930024804965,0.6941503763496802,4
4.832939467476438,0.016590779024568802,0.0801822307440188,30.251825721838784,0.6373448489585003,4
10.026395637218156,0.13192794062056462,1.322761728265205,32.86586259225108,0.6361015250894999,1
4.148544194772578,0.03345299227245613,0.13878121688966977,27.77403127986421,0.6882759761278289,4
10.49901614243641,0.15853131662385628,1.6644228523155646,35.25841395696656,0.7380083888490092,0
11.959981658204349,0.17573605968172692,2.101800050478559,50.349810645885555,0.6249508932390802,0
10.998689258894721,0.1116137429157287,1.2276048753522621,49.11556415335227,0.6617239959682829,2
3.899037328699237,0.030618142009142098,0.1193812786290593,48.342029356176,0.6501740476620839,4
9.272447261191008,0.10730930108275484,0.9950198349251114,73.04026162645144,0.7164503677208903,3
8.33138653342318,0.09035443763153693,0.7527777449184113,33.62701567855557,0.6395310927407465,2
12.534388388685489,0.11691285857522798,1.4654311770133663,32.91504914544777,0.6290400836282686,1
9.561807930244882,0.0954942451676025,0.9130976307363307,47.75651251285214,0.7038439498825305,2
1.2186410033937976,0.022156242981496876,0.02700050617840814,36.669230322576404,0.6285550941931805,4
6.851462227249307,0.12299831640673765,0.8427183188760218,43.95926186344206,0.7336557165017152,2
7.948279499367242,0.09319753983817276,0.7407600952872104,45.736185249092905,0.6324626343187072,2
2.0275693300283573,0.038223780881494245,0.07750136579304201,63.86840882966372,0.6601329264787342,4
10.537174859038698,0.19719938875197224,2.0779244413750804,37.74370431382726,0.5875613658411293,0
8.234097279435545,0.10873829376998277,0.8953616889018783,36.42299234136568,0.734840758426428,2
9.576841323798016,0.12071834200856726,1.156100406288029,41.672456877937144,0.6545572172157689,1
9.05856383316771,0.07794514578101087,0.7060710785428499,78.66602653327537,0.6234341541630927,3
12.104008227194194,0.1700142436239732,2.0578538035647695,29.9405513068009,0.7443048302014942,0
7.4500270645113265,0.11465282741289845,0.8541666672488396,44.606371735210054,0.7258410293238199,2
7.8104395992160365,0.07961407038298411,0.6218208879740318,43.61767329635981,0.5998896892808079,2
8.619217366438981,0.08994202697473039,0.7752298808733195,76.63710277546323,0.7303370996099919,3
11.260132100922384,0.09302879588065138,1.0475165308058787,46.288987276867815,0.7361759368775009,1
10.822618593202389,0.12651625976487166,1.3692372252737233,32.3770258729461,0.6010501461215855,1
11.315673253096005,0.11789781986995408,1.33409320690077,46.07859038023127,0.7782655199052942,1
10.100453549009382,0.15178268119295646,1.5330739209335567,41.33474697920149,0.709085843701432,0
9.961143561080588,0.11994177580104698,1.1947572477251707,54.812334409842464,0.670934262051348,2
10.91375815603107,0.09500538928313411,1.0368658421557118,43.86315410339565,0.6395735559908441,1
7.349820988471605,0.09922378512282914,0.7292770584513663,49.410058226922395,0.6842650140094764,2
11.05858096607971,0.08880904689483082,0.9821020356068565,43.33260128615934,0.6772417641809876,1
8.862411758738288,0.08685672203863813,0.7697600347206895,82.9509484480649,0.66029855973953,3
4.484241258625434,0.020308073505590104,0.09106630109696519,42.61820071171048,0.6707579218770003,4
8.587016155580903,0.12989290885999702,1.1153925068761923,33.21519622166309,0.6915184212558677,2
12.168580404734564,0.09140956070003053,1.1123245891397864,31.734365291573617,0.7555400829545732,1
2.1461588379321594,0.03955728295498996,0.08489621241843487,61.29804608586805,0.6786887979505122,4
10.625435488727328,0.10037668165919833,1.0665459555423316,46.62756766376473,0.714113551281943,1
11.03345920079923,0.11774991061936196,1.2991888347164862,41.18394721808714,0.6853885495615831,1
9.708189873815668,0.08181852052919356,0.7943097324920962,32.4191444779003,0.7523122398090627,2
10.498682585834727,0.0727324822091709,0.7635952443939567,73.06901274099886,0.6858321224287283,3
10.457018741583601,0.13364923219603067,1.3975725258721512,36.339874692187706,0.6682384460143012,1
4.719139835228493,0.03465575713008145,0.16354536399257122,33.53416628458169,0.7616785573868694,4
4.705574631147896,0.08036635167233362,0.37816986562724336,64.4163826031056,0.6810401174381993,4
8.634199943744724,0.11788593139345167,1.017850702205635,30.749661895860573,0.6201929076378032,2
2.276157303292851,0.03239692156532098,0.07374048962511101,50.9495155364258,0.753163370360063,4
10.344397758481595,0.08219386704523833,0.8502460540236976,72.23957433568555,0.6412063705640187,3
12.636726322793569,0.18996503763612518,2.400536191506894,40.08566988099698,0.7335683455899946,0
10.727665851473148,0.09657157784668954,1.035987617888812,53.58061350635907,0.801316959988922,2
7.747093842894799,0.11397655184827836,0.8829870430581771,43.13227988009476,0.598451444806426,2
12.277359681610653,0.14992424816560213,1.8406739197241535,30.91876660194683,0.725213857976471,0
4.984835497158238,0.054518519460906155,0.2717658510612372,65.76496832082665,0.6214799230007683,4
12.773435282112803,0.16900826477822803,2.1588161322868804,43.33655954077985,0.70546668224576,0
4.298045042194847,0.02378244396455143,0.10221801537311703,30.597668399238216,0.689807674369262,4
10.28892863950681,0.08868040512383675,0.9124263600417104,32.02883242219663,0.590387512419628,2
11.790171603225335,0.10169521731751227,1.1990040634007626,36.29886331306067,0.5976673647124255,1
2.0846376235417243,0.03889693171390853,0.08108600729114701,62.637431356898894,0.614987217397381,4
11.567458143536392,0.17192297366859918,1.9887118018238303,38.18615332462287,0.6459986997315212,0
3.597187483419239,0.040822754629491746,0.1468471019919025,47.58513016504113,0.7315605684915488,4
2.1903468945023463,0.018892394171095128,0.04138089690237244,37.47159932352886,0.7479813034644522,4
12.464427295465082,0.10664807110942326,1.3293071285449964,33.93379252236795,0.6365368990872795,1
9.939417394179488,0.09244814318132112,0.9188806823960189,47.39146278689437,0.7487331251045971,2
10.446261076985248,0.18870651321492138,1.9712775039706356,29.39062986937642,0.6693831916176081,0
10.830716828013562,0.10198544678300267,1.1045754946851487,42.90377290080919,0.7346183553510631,2
10.55024732734969,0.0789345431250945,0.832778952641097,39.73420398801592,0.6141655340911348,2
10.054273831748173,0.16595416842718264,1.668548652886951,45.24197330178511,0.6769130302691587,0
9.187774332983336,0.10476909347925949,0.9625947879586721,44.23767058200994,0.7314293809030943,2
12.504334367496597,0.11657359728757882,1.4576752389057799,48.618471610032486,0.6964841862771703,1
9.536240915377205,0.1314295949538687,1.253344280890536,84.663656715538,0.634518868657616,3
11.947363240081803,0.09471127249206432,1.13154997539306,34.69538135162489,0.6363024495005787,1
8.586348272165939,0.09247304958700066,0.7940058095432583,44.7195724511995,0.6179134584534874,2
10.662004074316135,0.1792198213221267,1.9108424651347244,50.47789638363248,0.672336843191211,0
10.64709002482338,0.15463766716064725,1.6464411634880851,39.47837672789129,0.679887499001239,0
11.817327155477372,0.17733534695540695,2.095629811202132,35.5995289917713,0.8009917935299465,0
11.724047121632987,0.0995858411036405,1.1675490937465363,33.82273492807082,0.6810725315331194,1
8.501057243763158,0.12757187879239096,1.0844958443085309,50.60034095146528,0.7772980097546597,2
6.630588518754081,0.08087046200098219,0.5362187568500507,71.99918473950558,0.5778549273867234,3
11.551520294599841,0.17147586816183882,1.980806971105608,38.02368718408035,0.695684468139951,0
9.244398695871375,0.08628298115480172,0.7976342784633434,30.92298926147021,0.6686914576164772,2
11.70262827990529,0.11345448931609907,1.3277157151527936,31.369496997776427,0.586649331299737,1
3.742585627541085,0.03016535657164469,0.11289642995468943,36.701540922076255,0.6323046921421299,4
7.13343340078855,0.11485604159970655,0.8193179234297059,50.74512053272383,0.6449566808976965,2
10.12903991921102,0.09279158028418316,0.9398896208651656,87.60945942977501,0.7238507748732006,3
11.101605700343715,0.15972916488614727,1.7732502074111938,48.91943769828845,0.6903879864760079,0
11.411067490997052,0.19414019562816062,2.215346875028312,44.97515412025444,0.6486578400520615,0
11.915421777593036,0.09154594564688738,1.0908085544112702,39.975736128910555,0.7728228060175151,1
7.7803726852223525,0.11712423829985015,0.9112702244456278,42.518233028886414,0.7649440140390734,2
4.1633817848825405,0.04644552597709357,0.1933704568423202,37.29294265342483,0.5890949577480652,4
12.199342719948186,0.19281464364765843,2.3522119192824658,37.067262317506284,0.6628937749029121,0
11.767568562468567,0.15717697786488732,1.8495908634666658,47.91072518290678,0.7628356629546791,0
12.42811232348912,0.17845570987535045,2.217867607098842,39.384770004475534,0.5871216154927252,0
11.36282181231358,0.1191630174146822,1.3540281335006539,41.03054432474899,0.6548270092825277,1
1.9867054972582838,0.026276121727077294,0.05220291548181229,61.323373843637874,0.6051925020471406,4
9.0954563638887,0.11339453422893701,1.0313750379827802,36.901632476064115,0.614761807153023,2
7.387300770393072,0.08986785033447514,0.6638808400094375,30.01370004297649,0.6335208857761034,2
9.78594351725822,0.19098858894319837,1.869003543838987,31.79214409440544,0.6392668155317379,0
8.672189208606756,0.1045897425144969,0.9070220363651793,40.77417125376663,0.6093535038787788,2
3.1253622409564374,0.017161217185818284,0.05363502020140916,48.43856466735855,0.5829267758936019,4
12.353460895805279,0.18427302489384367,2.2764096071778503,43.9467963485905,0.6981180075983991,0
10.569814216787258,0.10135451719601553,1.0712984167940536,89.1827793289681,0.6510585670025903,3
10.469008225317332,0.12293543289832648,1.2870120581955269,46.830755291846856,0.630265175990128,2
9.709888529853998,0.11083848259498821,1.076229310815498,45.81027342774751,0.715794361407932,2
11.874695177957783,0.16992505088364931,2.0178081823423013,43.659376083717696,0.7225789393185267,0
7.465946587757596,0.08116126456247189,0.6059456662182785,73.2773141152417,0.6469302027583151,3
7.067415344937637,0.07624663461086234,0.5388666354486616,63.2440042531604,0.6283208096599436,4
4.400139175031075,0.030250523835415325,0.13310651499342227,51.190587359209744,0.7899764874486173,4
12.981439731925336,0.20278049557926695,2.632382782172206,31.428174965196526,0.6268496318408416,0
7.365717086095781,0.10919969975545558,0.8043340942852885,46.861818824537934,0.7032222312327221,2
12.672519407136253,0.17205811953056407,2.1804098589064425,38.72079626909114,0.7852806361207265,0
2.0932063680319004,0.015249063768521547,0.03191943738679383,45.24976860593978,0.720170604374737,4
8.132944745923064,0.12128262664068802,0.9863849011091322,29.817952694252813,0.6327860201607004,2
1.5903986010036724,0.032648185625552176,0.051923628744186386,64.26246080577414,0.7418590533801983,4
8.126861527729885,0.07830950057296276,0.6364104674621525,44.78782310362254,0.7619439759613783,2
10.449563162884852,0.12445954248463639,1.3005478504169588,35.18951945987395,0.6859252883994968,1
7.331923596083788,0.09520028209578286,0.6980011946519034,88.82580939606238,0.6721000392685077,3
2.1734436525030763,0.027610231934381512,0.06000928334191923,37.65588778337085,0.8059817007462304,4
7.948209835881577,0.09175237807569404,0.7292671538867566,66.8362951417298,0.6482822369268462,3
11.447783665601436,0.11418401480937675,1.3071538996075756,32.05856040816952,0.7638254284397507,1
9.31858653801065,0.13081236210763686,1.2189863165415993,77.59754173503198,0.6219389992921543,3
10.08778290179472,0.0815532225597741,0.8226912041247485,94.38173158381079,0.6932275743162999,3
12.686490448527843,0.10085051039026342,1.2794390367952349,43.82571585418339,0.7525254214602042,1
1.9169545273593185,0.027826907152024103,0.053342915647480005,61.97579083317636,0.6880446342832385,4
3.043330619125377,0.026866583602722937,0.08176389650945849,51.83750625354661,0.707297629925171,4
7.444892055136482,0.10791246282061297,0.8033966371033925,82.10971126242737,0.6830415913811493,3
9.504420283359272,0.11370055661970829,1.0806578765655948,70.30923334142929,0.7222122787638073,3
2.924583430510077,0.011297758951889527,0.033041238632593006,31.87993361877285,0.604972392566676,4
7.068914675175348,0.1297253615899613,0.9170175122857059,46.483335356242705,0.6549415418697747,2
10.388513951361348,0.1856648158369767,1.9287815295993678,31.458820580745382,0.6082191074690825,0
10.51108313107238,0.10654516602376889,1.1199050972897433,42.47884115807801,0.7671562624772285,1
7.606779704577369,0.09402039324677643,0.7151924191659621,66.85887260577962,0.7740681096403619,3
10.349314310544754,0.11084646555518936,1.1471849122436273,39.64973649708353,0.6223132961122055,1
10.673059778280317,0.08496329413092422,0.9068183172189674,37.88583568686613,0.7178698026873215,1
2.19387602410065,0.041532691722015055,0.09111757658529236,63.774065446983236,0.6744925962180074,4
11.91408791158042,0.09205679746772406,1.0967727778890184,49.093115348440676,0.7855746101000122,1
9.704327994267397,0.11707306737534992,1.1361154451053612,65.75992689304101,0.757722357504188,3
2.5382584987077808,0.010791987417534456,0.027392853780504267,37.3701146246592,0.6695213758975989,4
4.577668252116281,0.032218163264048444,0.1474840631153336,55.606753226866644,0.7569045015647781,4
11.22807736444736,0.09904080709611768,1.1120378443125163,33.30821091652229,0.6517234720343371,1
13.132616823145826,0.18566656278533056,2.438287825930293,41.63982997591236,0.6904971052656239,0
9.56297366931263,0.09581546341249925,0.9162807537267179,33.775006712312496,0.6252930226854624,2
4.95109859411874,0.07030545129427458,0.34808922106196644,65.5673925577529,0.7778499006800921,4
7.303080431497041,0.1266088595405486,0.924634684564738,94.5001732796485,0.7424840259005735,3
12.64344530669463,0.11400128656705373,1.4413690316033652,42.74850812463935,0.6399450960969809,1
9.377199474845687,0.08181725621320869,0.7672167319958156,70.65390715280067,0.6003452593645384,3
2.492555835180396,0.01882905266983952,0.046932465103127506,56.56989152645673,0.7007969621702366,4
11.332968085280127,0.17803050202268705,2.0176139976295113,38.76262376948897,0.6501765118424283,0
9.475907103320155,0.08496451721925001,0.8051158722480588,37.38928713624424,0.7258786671532891,2
10.648829641229309,0.1285215974800898,1.3686045967841223,30.06482701588578,0.63335507041717,1
7.165733846392136,0.056501281890485665,0.4048731480071962,67.99701237532197,0.7172210058728637,4
10.307427477007257,0.11296752948131453,1.1644046173853289,70.39467854475643,0.8002321300175468,3
9.236351265794184,0.11235488455200707,1.03774918015009,95.08627768911747,0.63649432138928,3
8.788230602290735,0.08063190570179635,0.7086117812095475,73.85752380414307,0.6480727206101692,3
10.373662977656881,0.10355470610873371,1.0742416209223098,72.18422693246205,0.5762594909806966,3
10.949787990399406,0.09795791575026157,1.072618409446771,35.437615924464794,0.7584980235552674,1
3.1516152158973627,0.03818588302085703,0.12034720996100975,63.71731718934552,0.7088638504621109,4
7.9244954696040875,0.11740628913947833,0.9303856063888236,83.38900014900875,0.723832687178097,3
9.272050476401239,0.126600303047782,1.1738444001867283,66.30899791631713,0.7150385386242339,3
10.663531146001702,0.18558042116782267,1.9789426012111906,46.02797646427307,0.730758869027957,0
7.601025055117094,0.11522727002032683,0.875845366457247,37.02884868364347,0.6988329259079993,2
12.14742351044065,0.11453933795520825,1.3913578467474037,29.69183712341066,0.6482770403754843,1
9.645982998214196,0.13256808033188075,1.2787494489872155,85.08554601419308,0.6268178551133421,3
13.88096257584035,0.10862098546203147,1.5077638341493576,44.17747795783786,0.7669742194961475,1
10.62491207741524,0.0852673070608252,0.9059576405992356,79.48177046438853,0.6389874660535277,3
7.03162426539934,0.08834979366053164,0.6212425529464191,75.57888227973835,0.6965325662605686,3
10.018623328255458,0.08596042421124717,0.8612051113095361,41.48267325093679,0.6604530918366249,2
10.835947598931938,0.08907822415998594,0.9652469692035206,40.64635851807754,0.6936910814158682,1
12.012892100812468,0.16260421989703033,1.9533469487598094,42.732753718842446,0.6845460740196941,0
10.437059210580676,0.14158840803308229,1.4777665981731365,32.59772479974123,0.6833554238148205,0
10.60105549973916,0.11873067252309615,1.2586704489386977,48.141950780222324,0.7673124760034841,1
12.058005774838296,0.10452004028732083,1.260303249370846,35.1954318068747,0.7514652062804922,1
7.984709339421065,0.09933683076102627,0.7931757203260562,80.44788278367815,0.7197273921547906,3
10.080696783606005,0.10177860007291528,1.025999206394959,52.088315158213035,0.750795297834376,2
4.871609009168295,0.03520919363032154,0.17152542489502534,59.67474072957869,0.6218144406989192,4
8.435265525662127,0.08163192292694005,0.6885869452591251,36.28192849262676,0.6355982175851108,2
9.518070608413002,0.11580972192423443,1.1022851104155384,36.21297483260528,0.7123184836622702,2
12.235906299911454,0.09023014374886414,1.1040475843386428,30.67128165523277,0.7621981293745006,1
12.70058486285375,0.09930263117364775,1.2612014943255796,49.174205553199776,0.6686998405304437,1
9.396613582070739,0.0917428589229114,0.8620721942130288,35.68446813640266,0.7353029260842154,2
11.628939281048677,0.15774185243516517,1.834370424048676,45.410525751434946,0.681164913860834,0
9.998884755098207,0.13670212716421445,1.3668688152917603,30.17581158081245,0.6340955053487949,1
1.1200738953923106,0.04117406868888258,0.046117999505507275,63.40747317984171,0.6180247154205447,4
12.984091170845446,0.09019075607995841,1.1710449997096632,32.47733894176722,0.6474955855397084,1
8.847293350291604,0.08782358044398157,0.7770009792608379,67.58038409538153,0.7295042306540173,3
8.555869612505893,0.10684063594216783,0.9141145504383986,82.59324079033063,0.7963142574000822,3
9.651013173753325,0.08709120032319277,0.8405183216371233,32.58912022517645,0.6367550823024376,2
8.588021194351533,0.08792820530555463,0.7551292907453961,69.8507214137227,0.6149906931420601,3
7.720880404033577,0.08363029168205983,0.645699480231628,98.53124936898752,0.7232363051884885,3
10.58129318201815,0.12275688541395453,1.2989265946764605,36.344646678584276,0.6872449003213063,2
10.6611000073817,0.17928474741734363,1.9113726220144684,46.933908592063354,0.7810945359274287,0
11.24263438478397,0.1611125918167273,1.8113299645804029,41.447730770283876,0.7365624341072644,0
7.360469358549358,0.10040174353681935,0.7390039568476899,45.387680212909224,0.6314687315905083,2
4.476188797903286,0.06272388620627183,0.2807639567974744,72.23578079555884,0.7353303714804977,4
10.751424040162545,0.17283957825476015,1.8582715967397838,40.39812840367946,0.7017407679966866,0
8.728932771960732,0.0904266096711978,0.7893277966162198,29.726926473227977,0.6406738997497481,2
11.09625953518396,0.19002185681468792,2.1085318405733418,33.587717356620196,0.7457925729077481,0
10.280933500932576,0.12531810600899682,1.2883871143413155,45.12940040870163,0.6131042874759911,2
4.693683028511684,0.0413913550920305,0.19427790092256422,47.47904367948691,0.6586922930593531,4
12.251543048989838,0.18279714167589223,2.239547050474488,49.372950677054796,0.713317147815537,0
9.5171535496702,0.10638326749043052,1.0124658918220653,80.0365543434013,0.6576162272558419,3
7.671258124089035,0.08542718010289917,0.6553339493823824,88.92662925760222,0.6222784286047889,3
11.537898043114815,0.08371184831374985,0.9658587708447386,33.54522021824678,0.7104192699542421,1
7.691928290356723,0.08570044138831824,0.6592016496108634,43.90642130103298,0.6861619624349116,2
4.218449952043217,0.010745520751478612,0.04532944149875435,61.14526715070119,0.6646175194487168,4
12.129299534362696,0.11457873104209705,1.3897597490767764,42.01403552571696,0.5689733414526664,1
11.492767599368943,0.10834822589125338,1.2452209799721041,38.53918080425772,0.7684351173225024,1
11.823746557624181,0.08838189526374084,1.0450051298809566,37.73019846895813,0.7434684777311465,1
9.351525875084873,0.10824031800412146,1.0122121345429569,95.43253132578721,0.6792431452380562,3
10.609703315928325,0.146193302917772,1.5510675707331996,33.82474493290343,0.6136766366123687,1
6.769927200380879,0.0716342414374175,0.4849585995858239,75.4085685200626,0.7118567714254089,4
10.961225737989746,0.12562794989841858,1.377036317837432,82.00097646485098,0.596512119279651,3
8.366226398213735,0.11961087310496414,1.0006916440841442,43.67380607926314,0.744598631441638,2
10.52572959629181,0.16590520414094656,1.7462733174051959,41.45267260179396,0.6477688742158866,0
11.140122414367182,0.19240406971522375,2.14340488965003,39.33494487259608,0.5682203742616552,0
7.9895680622611955,0.11963990404026154,0.9558711562920678,85.3019088341302,0.6627149177091748,3
10.860184599710832,0.12902096773496924,1.4011915268351012,29.69155193674857,0.7724607836564577,2
9.4335043683353,0.10601312522098671,1.0000752798730552,46.482182968809326,0.7736093674008315,2
9.91674759776726,0.14465247544246881,1.4344820883551903,49.16194753080258,0.6865770299262081,1
10.555847869414183,0.11854150532478368,1.2513060964197678,46.171581990466755,0.7801158084207519,1
3.3742503426286934,0.0289423179717929,0.09765862633279078,38.069746006369634,0.680763230665306,4
10.678357701163916,0.11105469191239088,1.1858817246330653,32.66928086692704,0.6671423610408888,1
8.053504691111145,0.11151545097795966,0.8980902075823731,34.60105185168722,0.7364183602364904,2
12.488226012276241,0.19047193188159744,2.3786565343322734,45.82869359073261,0.6473844066763769,0
8.268479803796332,0.1276318872889898,1.055321682369422,67.65334723439919,0.651123360419273,3
12.24761396364,0.15385674678279965,1.8843780402972405,33.4978563581616,0.7378170479471057,0
8.33489592566559,0.08718289337282724,0.7266603427609153,99.86939087654898,0.7814077722394311,3
9.99798227988865,0.1055731899323718,1.055518882175172,35.145903834629244,0.6462782244190458,2
11.056655522595841,0.09623527217665519,1.0640402535805285,31.815723746764643,0.6837856810618798,1
11.464628756945608,0.102155637090012,1.1711764546662509,46.43711375938726,0.7475957127883001,2
11.019791948441776,0.17366834964149153,1.9137890810784797,50.23996191712037,0.7186440361173922,0
8.653679395845005,0.07387202389354902,0.6392648110969751,36.10011755361949,0.6700090394464218,2
5.34680008050094,0.0566059378163396,0.3026606328732358,64.83440520674539,0.6467670864342532,4
12.216281572197792,0.15263351271360678,1.8646139686630518,34.76853715741072,0.7313675135696388,0
8.656322540277774,0.10375567837235013,0.8981426173763856,34.97994947147799,0.7226647649392629,2
11.01742151436814,0.1267623209030822,1.396593921528856,33.23607888331956,0.7505227497332587,1
12.590927519035358,0.18157671599679953,2.2862192702601707,42.65909355959782,0.7404027516159998,0
7.407503839698696,0.11671453865361103,0.8645633932252855,41.347719293870114,0.7610281306512321,2
10.947367146699683,0.18101823052360722,1.9816730297878475,37.83994082559789,0.7247118764869328,0
11.054486640266923,0.16956631812591066,1.8744685983621303,46.65721285296356,0.6418547157614201,0
11.820046988992807,0.11141176489193501,1.316892296149291,47.414261174038444,0.6643474307482096,1
11.766837891743073,0.0972228568397129,1.1440055958050461,38.0390443136529,0.753896699243022,1
9.443236419048153,0.09815974258769554,0.9269456560885185,89.22121782557846,0.6588639246455636,3
12.831781448259832,0.19228297252607812,2.467333079676384,44.942810073130545,0.7683903117748625,0
8.201324093268658,0.07875826418238234,0.6459220495829903,32.82920578857165,0.6210184057048344,2
11.44525818592415,0.17622162484396803,2.0169019942822795,47.91106945848067,0.6377063935844525,0
10.6447576829645,0.11907589998501687,1.2675341012214207,44.583515317901934,0.7696934570279228,0
11.6587980542477,0.1143481492420175,1.3331619798896592,32.373153672419456,0.7487384798592861,1
9.329433958553036,0.1161629982928458,1.083735021000614,35.64530421228998,0.6032486930258443,2
8.293171950560525,0.1068784499492496,0.8863613632385038,32.82819330768133,0.6473344057728763,2
10.584412817740851,0.08411901883468076,0.8903504211695791,73.08202950116905,0.6445169516776381,3
10.75141982548284,0.09613840642743908,1.0336243688542954,93.80601276181764,0.7371194124826118,3
12.478097723904211,0.08516593087336652,1.0627088081851381,38.427365982609594,0.7522451656349752,1
11.069129525507924,0.14263074188963998,1.5787981562957136,46.03907043941986,0.6424065580780384,0
10.468169052467662,0.13821037779323242,1.4468095995449795,48.43764443390605,0.7810243529289504,1
10.503296315022324,0.11624576606425527,1.2209637263396393,70.75538133275138,0.7918879987758127,3
8.884000725040071,0.10922947943750305,0.9703947745185266,73.27473507683334,0.6301975654042541,3
11.327168814166834,0.09073215627811297,1.0277384510355527,38.01984437595587,0.7079404121129252,1
8.18182927759737,0.11597231562219118,0.9488656873484066,48.692938928771234,0.7354590756266526,2
5.043198866738445,0.0462577428500486,0.2332869963192435,39.39560757559489,0.6957685273079677,4
1.6911089219647877,0.026641502512182256,0.04505368259289872,63.6939799986487,0.6508076910541245,4
11.114747813442275,0.17032027331891014,1.8930668854562471,37.09556745703804,0.6264122609071426,0
9.865577363931886,0.11506434817271184,1.1351762287282832,41.89554306590576,0.6644302434987718,2
2.3552929102119253,0.04066924206486771,0.09578797749907551,61.87272346046822,0.6197442313895624,4
4.59711573867418,0.017136698204272948,0.07877938502377273,44.17321860116669,0.6640919766973982,4
3.224632468623977,0.04309565747617269,0.1389676563543641,39.71657657270518,0.7248555257112925,4
9.595522730712121,0.12853870567175396,1.2333960720496302,30.184140307056307,0.7134818930003234,1
10.948448116262474,0.1448006904381382,1.5853428464609398,42.30322281263138,0.7043455954682897,0
10.27368823576719,0.10860793646907493,1.1158040792132855,44.795030923475665,0.6607400426498306,2
8.747217566361531,0.11083733867043612,0.969518315826801,47.64988910113723,0.7629865988086446,2
11.01791315742022,0.1822464582449566,2.007975650190342,50.37110509214977,0.7774729755591769,0
3.4668796886598163,0.04366168809556874,0.15136981963112736,57.81514948900738,0.6996813594432936,4
8.337836143146719,0.1203971988978361,1.003852116504002,87.68255956723758,0.7591303770128719,3
11.49200014049977,0.08449139107354278,0.9709750780881746,44.97199130746042,0.6359822227694361,1
8.62258947254652,0.10730030500559266,0.9252064803422541,44.2654021238682,0.7584191242318362,2
3.173447479587287,0.021162368591345796,0.06715766526830348,34.10094351075828,0.6383718278278249,4
11.550357721117377,0.10924650965494255,1.2618362662980898,32.87314132623168,0.7263305651237913,1
10.899812583455647,0.09352497638676525,1.0194047144878562,47.68148195286609,0.6162236232700673,1
9.442558867458747,0.09977693855290214,0.9421496159005925,43.12751993839286,0.7023643600388758,1
12.352387179717574,0.1662397373796681,2.053457600768229,41.20437926863549,0.6727480685439036,0
12.221953373529931,0.08909950792242652,1.0889700314323576,35.82958477832866,0.70391667327411,1
12.48969529179698,0.14155913853865768,1.7680305061171093,45.71259574274578,0.6418090982799196,0
4.110734382748219,0.009907232200405054,0.040726000044075346,30.995820279990117,0.7445304824567137,4
7.881832633388276,0.0909341138312494,0.7167274658833858,42.3544426660333,0.6956470944270363,2
10.999581420020485,0.1729514637607403,1.9023937073479853,29.960630094664175,0.7359117008513354,0
10.653929852762309,0.10899245070221192,1.1611979242620198,68.20047238141309,0.6194343926556478,3
10.122209223953433,0.10778177988805901,1.0909897265570296,37.20078311929643,0.6051697212420832,2
5.209637831124895,0.03787222931092182,0.19730059856721543,50.21337378066033,0.7809549582045282,4
7.95133840478018,0.09195932315362423,0.7311996978690035,95.55288068688421,0.6265398935159416,3
10.28063721199591,0.10342801415418593,1.0633058910763635,49.190732642208296,0.7293905667513837,1
7.427016408125767,0.12730026189296875,0.9454611338377863,80.81018471538206,0.7274505018754521,3
9.221564438094159,0.09271971519962333,0.8550208283950649,62.974763447541676,0.6377919689480832,3
10.709285932762967,0.17350443132798918,1.8581085656928726,41.775759010993035,0.7555971734910152,0
9.26740907946803,0.11355425210682947,1.052353706987033,80.99187523931643,0.6580568477405389,3
9.735511665808158,0.15028706854570714,1.4631215090468421,44.5910935840853,0.6617808393128973,0
10.746923869382615,0.111534286596382,1.198650486877219,76.46729481642322,0.6123391707824056,3
11.197084129436035,0.08924719631525027,0.999308365458151,33.0389903498217,0.7295141542401504,1
1.2373933020664871,0.021011019795037077,0.025998895163965252,41.018744731306484,0.7093402371352652,4
6.9884365044012835,0.11069010523251309,0.773550772082914,83.7441209519773,0.6771720476349945,3
11.349572087059123,0.11021808618020015,1.2509281143998765,36.422014882373844,0.6474398214859102,2
6.54188639121594,0.08685782395769916,0.568214016519502,61.75678597359155,0.6247574348496958,4
4.587964736587331,0.04091715447387232,0.18772646184762276,32.60055581387392,0.7824417008393529,4
10.652332063133416,0.19795275539065377,2.108658483233467,44.8741357045862,0.6382490813669015,0
4.578160279225202,0.04434462595135308,0.20301680512758374,61.562742696014446,0.6098846172412987,4
3.135049056172742,0.02747956595705423,0.08614978731769947,50.227274744236354,0.712346185660285,4
8.127071568214078,0.10741170807632774,0.8729426388004337,68.0845690359278,0.7052698615220717,3
10.565855438862297,0.14149910923429077,1.4950591328973013,39.71999103516801,0.6557251207580845,0
11.953955131543665,0.185096212932221,2.212631824410422,32.92698612606198,0.7205671041620487,0
8.903232970519044,0.08257621387233537,0.7351952699288082,67.86584587880193,0.6037422790806922,3
1.6900173333523787,0.052280666455199,0.08835523250850057,38.74122148911151,0.7118977232670612,4
11.755078815178218,0.1763054232929913,2.07248414635247,40.777957136137196,0.6663847414263591,0
8.294696476956844,0.09678868404400502,0.8028327565490976,30.285501350732197,0.6637507626142545,2
3.19900328411337,0.019426576890013602,0.06214568327023441,58.49592369720933,0.6112195791347382,4
4.730376790694657,0.037333945290065895,0.1766036283051918,52.73695778194738,0.7616181230591527,4
12.960777833047253,0.10932463915372181,1.4169323597494474,41.08176885840805,0.6281948280942828,1
9.444576782027724,0.11568396885012931,1.0925861262547498,46.63407983137683,0.7371834444203782,1
8.263599461619384,0.10838731147039823,0.8956693287131553,53.96776403979495,0.6482298188423382,2
10.835154261764538,0.11635474058878313,1.2607215633670608,44.38997412552821,0.7399286847212292,1
11.86364680436543,0.09710434886908266,1.1520116981506785,37.489962573059515,0.6606296262830403,1
8.54220573026378,0.11458602543525981,0.9788174030812274,32.714123475731725,0.7366586615709787,2
6.351494478759139,0.04559533462590518,0.28959851613361215,56.27557225973406,0.7548457102892573,4
11.631334242598392,0.10918639089330594,1.2699834072230425,39.94935426142011,0.6504084443768805,1
7.577583183643279,0.09753582148603492,0.739085800695411,87.6220361471555,0.7101258341421566,3
7.934280264594122,0.1004908906888253,0.7973228907638318,95.60517814030746,0.7579686778607556,3
3.0675953756563787,0.018363891232285275,0.056332987823215025,42.709975742170634,0.7646297668618126,4
4.708814829041526,0.04013247513254446,0.18897639403026567,55.81230008136635,0.5895083322256992,4
12.438075759502631,0.09840938495247958,1.2240233854849993,47.16270324056459,0.6988256553816063,1
11.93413858628668,0.11029267991834747,1.3162481271985167,31.28653684513407,0.754824407812844,1
13.55024502433976,0.10374613075950509,1.405785492118486,35.31378145460702,0.6327685874025788,1
13.155849343277419,0.10597876490846465,1.3942406647223766,41.98494897067526,0.6812969629673005,1
9.50478930010482,0.10829328534430657,1.0293048598137633,35.38830640595533,0.6677416801711648,2
2.671379009001919,0.03808464879639931,0.10173853135991133,37.82645584255951,0.7951783747566616,4
10.483153031235407,0.08585434842943872,0.9000242729828113,41.06904182437903,0.6915841831966315,1
12.612785485955358,0.18897104784412389,2.3834512895141415,43.21580567724051,0.6894547637581382,0
9.445494718101038,0.10235415669343617,0.9667856464235374,87.8822879360813,0.743234892496995,3
3.3680812995976117,0.02960071742103904,0.09969762280047484,65.86718644794463,0.7237360030133141,4
11.436222213962907,0.163173953547124,1.8660935922957709,47.26603008370889,0.6446507071098694,0
10.274834893871242,0.10969970107026356,1.1271463164039883,81.59433846428594,0.7751421548369585,3
5.104531546054951,0.08837079948785681,0.4510915337358618,71.00051820952945,0.7215223711381026,4
10.50614348801963,0.11724466920238119,1.2317893178456127,33.28150060627254,0.7018289197127152,2
2.2535192552489627,0.010886704483996992,0.024533398180892445,42.983512322997235,0.7634508450769307,4
11.252986181845127,0.19267161229315266,2.1681309907686686,36.18135133255113,0.7754497500657006,0
7.205926504242292,0.1105554097384379,0.7966541572215761,95.73457774203244,0.7011296519812307,3
7.217964270658794,0.10329551369314961,0.7455833271565001,94.13128900941075,0.7377075860376391,3
3.1720928606995824,0.040804149398808956,0.12943455099488105,48.54768900259388,0.7529317059440964,4
3.1462496922784107,0.03323918457225699,0.10457877423204885,66.06176239697898,0.639760558616196,4
4.627461581152279,0.09356444050229866,0.43296585378639524,73.05043709329524,0.6455510863221777,4
9.142341460064635,0.15033391693340065,1.3744040016341417,48.79163029632371,0.6550046252532555,0
4.571584439082508,0.04482178224765737,0.20490656225533502,56.56499045540703,0.7179184348675409,4
12.285182491803658,0.15842836100965654,1.9463213268809818,40.18231872882458,0.7321400011773116,0
10.599468119337482,0.10673580605294188,1.1313427734499462,39.720662473848805,0.6759582324298605,2
10.230280018879686,0.10455145191662078,1.0695906294874657,98.07595488478972,0.7756529169845389,3
10.86035207561,0.17943444593083527,1.9487212573008772,35.5738345209944,0.6953186194576662,0
12.163734083249029,0.20553918423147838,2.5001239806796347,43.047738709651384,0.6328779868543775,0
11.898582599612343,0.15315396120086835,1.822315057806356,46.28686985443144,0.7248800044666406,0
10.85412634364995,0.17988848904534147,1.9525323878664262,48.22271845261155,0.7915306321972491,0
9.761944260037723,0.15253007633186297,1.4889901031309454,37.98521040737955,0.732396053612344,0
8.3625375041922,0.10137662271079376,0.8477658094673556,42.5730482233086,0.663350270587749,2
12.873372069753898,0.15327064908139082,1.9731100929974277,43.61511395788459,0.7236237480572552,0
11.629220700237939,0.18094336906838646,2.104230373140873,40.5005920023438,0.6276483966547608,0
5.730002918523638,0.056527069872986314,0.3239002753478012,54.89013923069295,0.7031097304001559,4
6.710617426087463,0.11606306554565968,0.7788548301758352,39.60694973621646,0.7062083237583865,2
5.050289324521373,0.06226607521169523,0.3144616949214693,70.54545530069635,0.7332833702882178,4
4.13291426803175,0.01161269433403098,0.0479942701034081,55.40096712332198,0.7095616292618293,4
9.975383929133535,0.09092934442303192,0.9070551210441608,86.73105808088083,0.7183286917872894,3
10.560195800937299,0.11443633186233856,1.2084700712073349,35.4942018110221,0.7776895520580128,2
13.050997989817242,0.1742787624548186,2.274511778465674,50.967164300775366,0.6840435505717634,0
5.382218193024455,0.03835938686163844,0.20645858983997367,67.86494816775506,0.7225937915463645,4
10.541482717775637,0.07760438748097612,0.8180653094542737,48.84447024264848,0.7270517314989259,2
9.65400486785669,0.1854171675264934,1.7900182378849667,47.64346463937664,0.7369432419555397,0
11.681529017293123,0.1281821446070266,1.4973634417258443,42.04785396819744,0.6700668156214314,0
10.52378460935223,0.09834629236511519,1.034975197978854,48.7651783394059,0.6824200255008456,1
10.152890439820492,0.09277712653721266,0.9419560010536826,47.83871884323056,0.6696572190695954,2
10.1658824714524,0.09526500528584897,0.9684528473782323,37.13489055654146,0.6777518025017464,2
7.1934158170850875,0.10823088237180595,0.7785497411504245,84.40775689843473,0.695946774098027,3
9.053481449445128,0.08757745521236422,0.792880866154751,90.69258723883397,0.6970333738469738,3
1.2007402694697098,0.025902278265359364,0.031101908584227008,34.00577007108612,0.6493198391962892,4
12.414404769724229,0.1952989868422081,2.4245206737762173,47.20945056312865,0.6140417875513681,0
11.450819144261196,0.16477158154239915,1.886769580355899,31.982314358631537,0.6267051369041838,0
5.515530235085788,0.0637273483823788,0.35149011680485565,65.93272818682503,0.722046590461477,4
1.2068589545002997,0.016266176738774184,0.019630981052674107,52.34982177159943,0.7098056814872642,4
9.474857302931582,0.17930357730839477,1.6988758089022018,43.44172708806753,0.6689207683159412,0
11.635666115311095,0.09193158996284033,1.0696852862572948,41.43619519216703,0.642146634754835,1
9.850494699039054,0.18302183911180925,1.8028556559792555,41.43819104335371,0.6223376714562306,0
7.426922328597406,0.0838172273711228,0.6225040374837175,85.34505880183768,0.7566247523972225,3
9.90661926066136,0.09104783174725815,0.9019762036288425,98.03806473863968,0.7125224209317197,3
5.208157912826883,0.06927675502759066,0.3608042798719159,67.90424493085891,0.7333486382054153,4
11.800373536530675,0.1846111355445286,2.1784803584285326,31.75258727255441,0.793427225872896,0
10.25270840306263,0.08100413688689373,0.8305117949430909,44.84359625627389,0.6752292917967978,2
6.920104337710126,0.08958547176209246,0.619940811736664,54.07853280705149,0.623684151312653,4
9.078372851970222,0.12966035981467758,1.1771050905182596,31.892594478882852,0.6935979904601559,1
10.974705579316208,0.1441386784102312,1.581879558144029,34.31435045850623,0.6856680917774718,1
10.092806255727814,0.11963665451587534,1.2074695751121738,38.881366939626716,0.7833593143043197,0
8.172914996417989,0.11650679719487111,0.9522001499785914,39.25592788977484,0.6526650402080099,2
9.409279213408078,0.09764084212907341,0.9187299462247502,42.19268048054063,0.7772043422025092,2
9.47802594047948,0.1100271632390541,1.0428403073371248,44.47112500773731,0.7317247095645327,2
11.423063499665563,0.13732833893796637,1.5687103359919847,46.244626399543506,0.7420459942119124,0
6.2917225467509414,0.08800241611704639,0.5536867856521792,38.85693573327788,0.7743775754601573,2
11.578200955000993,0.11030939034803623,1.2771842886732103,33.02726524603858,0.6792886904274142,1
6.2966027248042025,0.05218348305784503,0.32857866161180094,59.48137553151232,0.6183087077184861,4
11.91032133929209,0.1373518893215758,1.6359051383788494,39.40544347794342,0.7514977063867159,0
10.592429485816204,0.1548066555745749,1.6397785831087206,39.47755800511565,0.6923541418445313,0
13.608615254262462,0.08403757999712544,1.1436350930801833,40.17856982023201,0.7252452675893737,1
10.400203722917432,0.18727794484728288,1.947728779221037,36.8935833447023,0.6111714000040745,0
4.1452967982812075,0.010053100316860098,0.04167308455627996,55.57805017976694,0.705429597435315,4
9.388322383412575,0.19370455842582154,1.8185608416381893,43.419392718322975,0.6531594744843429,0
4.2333956883078265,0.025712172760900147,0.10884980130302063,42.24501658205962,0.7981086503674022,4
8.007741986820914,0.11708567735209185,0.9375918945877125,27.685880014634918,0.7634636036236457,2
9.468790726309948,0.1625194212891687,1.5388623891481399,44.46642159116138,0.6382063784601857,0
5.403350745806047,0.04832109256237912,0.26109581153509426,72.32077853399431,0.7531727456064856,4
2.126228161809559,0.037005511328926675,0.07868216032972657,50.276134688720504,0.7526299749137737,4
12.454449403114062,0.19747420434081622,2.459432486382903,43.901763032086,0.674555865491228,0
8.769274197601028,0.09326015922533032,0.8178239079588526,91.6108788085812,0.689487070909462,3
6.909407673376636,0.1242954052736136,0.8588076269629646,30.556005389063053,0.7491572258290786,2
9.478819584811413,0.08833454019276556,0.8373071695944971,76.94835356136537,0.7327309365103162,3
10.685178970814638,0.12020914430778283,1.2844562208571433,43.67892137535597,0.60835222013394,2
7.342703305143606,0.0844295394762837,0.6199410585642608,70.62189813336236,0.7015155875128264,3
8.574473009337678,0.13412156616755871,1.1500217490738298,75.56198635897961,0.6690859539020314,3
7.702855898783441,0.12313586176298175,0.9484977991327663,49.288831658374455,0.6058314003152548,2
9.481732756670917,0.08545036136367008,0.8102174904112776,73.0656740075507,0.7058491526422058,3
7.437645894142191,0.1004692807222766,0.7472549332514598,34.816977914362376,0.7510031268549363,2
8.849603033366728,0.11046588929941409,0.9775792690276481,47.45165267525718,0.6787440632439197,2
8.286955187275204,0.10758574365184151,0.8915582364324883,76.18017048248558,0.6726420952995047,3
8.207700392324563,0.12838157095274608,1.0537174702760976,81.25135953133618,0.6449701233878173,3
6.89109933149472,0.10767215111706112,0.7419794885833784,88.23707911491273,0.7252298176236923,3
8.39242544828514,0.1256426771040458,1.0544468007186667,50.48925184831092,0.6707937061109008,2
3.585160574605711,0.044838158750842946,0.1607519989914342,59.4566606870376,0.7530201907232478,4
11.25160445750382,0.09066390489230663,1.0201143964209798,34.417305890600524,0.7681370412296247,1
11.232225434923286,0.10725492395043487,1.2047114848168374,37.068947368711825,0.6380493503066786,1
9.740302550776075,0.10011996999114238,0.9751987990883483,30.998511629947473,0.7772060749089191,1
9.160071607156226,0.11138246756792082,1.0202713787039106,100.38667615119658,0.6896168659324731,3
10.916170353958568,0.16050172903587376,1.7520642162604962,32.122351357356145,0.606105682757477,0
12.726781477739495,0.17978813867422513,2.2881243531963884,48.83625308687957,0.6101399629116261,0
12.912050235291838,0.17157202061578836,2.2153465491615862,34.213193760476656,0.614219845937263,0
5.273825778998965,0.0722311731872814,0.3809346232024235,74.18512139003191,0.6484639089466078,4
9.955847971541967,0.11832638058158751,1.178039456093101,66.63164619938966,0.6424468204532859,3
5.124023058013464,0.08987951144857433,0.4605446891054799,59.95886912651723,0.6179951333763685,4
10.838938119945487,0.09431909971718963,1.0223188853635863,30.8935652597971,0.6706716986887947,1
9.512644350010172,0.08774135608084996,0.8346523151847279,92.96118409268858,0.7014411299643355,3
13.47587034483007,0.1932245143436717,2.603868502738078,29.49670767429044,0.6160795614226309,0
8.872421273547086,0.11454417917388157,1.016284212063336,38.86824898655612,0.6230842943778838,2
12.914309578246488,0.09008412401231183,1.1633742655801431,31.351271750591675,0.7027533698809748,1
8.681028599092837,0.09160265320960458,0.7952052522653605,93.46201492557199,0.6240555634241309,3
10.348658527546919,0.1076500353288622,1.1140334560967569,46.914656604716434,0.6146363816402827,2
13.333391114574336,0.15201583603595986,2.0268865974764565,46.41098494665961,0.6327405298922453,0
11.782155076310593,0.1547211539235479,1.8229486291129626,39.208852500389995,0.6168783034390143,0
3.079447589738283,0.046049147037293445,0.1418059348534971,59.73358547016463,0.6843425434565966,4
13.026860615673703,0.10500811476077625,1.3679260745033006,41.01653836066258,0.7330968427766447,1
9.049183527605297,0.13379818399544055,1.2107643226350433,47.41325745823598,0.6818827651330456,2
3.2980528405235416,0.03140252992010621,0.1035672030026318,56.74708521544856,0.7938685834323114,4
10.059157092177625,0.10710443262995077,1.0773803130932298,39.97892207997804,0.7197484712194742,2
10.988188054079602,0.08841122147418622,0.9714791276492389,32.72108934715024,0.5962681873561531,1
11.974992870276502,0.08683185602365165,1.0398108567961042,40.03119970477808,0.7407665187087368,1
2.670193340399363,0.040713583039257914,0.10871313829522294,47.286608244563816,0.6931122290718241,4
4.879851499164137,0.016548225825592944,0.08075288460352642,58.077288438990195,0.7731442229461539,4
3.308303729121778,0.01205155847044179,0.039870215829491726,63.388695867841264,0.7608216189203793,4
7.800291148178751,0.08653818115983317,0.6750230084805358,76.81437961873795,0.7531581266265854,3
3.6498748057686394,0.03790984308394437,0.13836618116273106,59.2317968768309,0.6080177635445385,4
2.620418866032294,0.040348786344407875,0.10573072095839259,55.77890178939829,0.6187929197653153,4
2.325313631683588,0.024680531483838912,0.05738997629656659,63.66983857293529,0.6747939902827823,4
12.420679656395933,0.15787626526337556,1.9609305161845767,42.62590202692348,0.6230767143941566,0
8.605958267481714,0.13474469243432213,1.1596071998544353,41.558470091933486,0.7337183201261243,2
4.429989834894955,0.03489859280680555,0.1546004113862868,65.36897275121804,0.6515851941552214,4
5.567865640036551,0.06589193062515862,0.3668774164834928,61.64121357656023,0.6410562958852069,4
9.527686126483102,0.10910343590358045,1.0395032926101817,44.76489606635314,0.5741056071301244,2
11.584997967452487,0.1102647964013823,1.2774174421915763,44.0200438308643,0.6448945234338748,1
3.614472865350468,0.035683116651074584,0.12897565688644455,29.88644125934201,0.6432370468940674,4
9.082016696737524,0.09697882157682647,0.8807632767906672,35.542668088711544,0.6702409406116544,2
9.261677643821624,0.15037614811136812,1.3927354091270676,32.16861121753261,0.6659918469239334,0
12.054716455670993,0.09628578472822492,1.1606978336105278,45.230762594025556,0.7429805706150843,1
6.8641918865846545,0.0835238721571677,0.5733238855973645,57.01491056138471,0.6420716446839493,4
10.06808293483027,0.17241738687204722,1.7359125504344872,40.47316567159288,0.6660485840029512,0
10.40534797465636,0.09473842854044218,0.9857863155354163,32.25847877973715,0.6561797940454056,2
13.073320432674203,0.18129728140011828,2.370157453316451,34.36918590459523,0.7114077833414844,0
9.114224874933683,0.09835623804751414,0.8964408714175521,46.439546755379226,0.5672576012650804,2
9.782156735365755,0.09914963680076228,0.969897287439645,86.35995835095761,0.6118137430234342,3
11.408244420251604,0.1481209594108804,1.6898001087214907,41.88672486781077,0.6136625416532031,0
11.348577452377569,0.12578788658755755,1.4275135735097824,44.524597383923286,0.6215017430246992,1
10.94528307962126,0.12841326283351054,1.4055195128905806,42.398812530896755,0.730256221773813,0
9.736959164969294,0.14444015219885334,1.4064078637421846,33.68470625809674,0.5800153485486208,0
1.755957751086225,0.035115657853741884,0.061661611592769935,48.243327069845975,0.6381615626518251,4
11.550730522799016,0.08554511844848041,0.9881086107393199,47.47757905012756,0.6267380250494345,1
12.612416876304977,0.14336127383333588,1.8081321495041445,46.18331157489195,0.7257096331533766,0
3.307580713967943,0.029767228872818775,0.0984575121280051,41.527337835642015,0.6524908828996474,4
10.74324240880007,0.19861095705192927,2.133725656652656,38.8726733064312,0.6607653189637277,0
4.646253531549825,0.012442203472342352,0.05780963182363215,52.20769952996585,0.736578264771597,4
7.6888462980781735,0.09757892490717687,0.750269355542995,71.82898674263224,0.6018428399556339,3
12.227869274731034,0.11415728758838482,1.3959003893886452,41.32707729764064,0.7365930055234748,1
4.557726099007923,0.0474753967005319,0.2163798546027689,57.288441366936034,0.7679070695764784,4
8.217706284694513,0.11418808152788493,0.9383641152089094,96.1558618958951,0.6731227698710652,3
6.725144301415681,0.0741911758155299,0.49894636325113983,62.37175054744537,0.7114247877095359,4
11.570474197683092,0.11667861492257393,1.350026903383043,34.79104682575444,0.6238780601537104,1
12.01183315250291,0.09544410825769803,1.1464587037808938,46.350902621789,0.6168614964644475,1
11.478307432956472,0.11723613802695197,1.3456724345258737,41.88508031720253,0.7031242754305835,1
11.92346011841823,0.10387983083225835,1.238607020036465,42.634367809120825,0.7292937294646302,1
3.4502552162058415,0.01895642387315337,0.06540450034895635,47.92212159044973,0.6196780036047517,4
12.944743946630801,0.106817840202112,1.3827295903484655,43.26282838459621,0.6901838373015181,1
12.475094112646685,0.07570190325337096,0.9443883675922771,43.78490436255651,0.7253244056873943,1
1.171799118175473,0.015298348123674609,0.01792659084086331,61.974392531481,0.6820594408015732,4
12.124819826903714,0.19410830588066907,2.353528235708627,41.56004310547241,0.7537671571441149,0
9.184619169934187,0.1162599606909032,1.0678034636574647,85.68647730539429,0.708541944121468,3
3.7636600886497282,0.04141152405339789,0.15585890028993185,49.94476305843644,0.7036844380326036,4
10.292496832217752,0.12306399344814584,1.2666357627251073,50.42980784916644,0.7240936187531773,2
3.747425853242931,0.03897040227364672,0.14603869299154082,38.84572206158315,0.7726056815246262,4
11.945992555895796,0.11617696029481853,1.3878491028485036,39.04682693090064,0.6561711728349642,1
2.903259385025067,0.03790737273113798,0.11005493564331965,55.948028363878386,0.6260685291969481,4
9.92748592727711,0.12171229783311296,1.208297123914789,40.44981599641243,0.8025901279678312,2
4.791393195249591,0.01779432613467438,0.08525961315573077,40.8781751950427,0.6886080668242068,4
12.999361558625719,0.08743978693332718,1.1366614049555168,40.15505779370955,0.7319761670535451,1
10.738361381966316,0.20723004637879955,2.2253111272171897,38.922235001985236,0.8148672271980844,0
11.65041537788272,0.1702179559121371,1.9831098911505247,35.31816801921783,0.6317319645339715,0
3.177794407172862,0.04996863732818642,0.15879005623555992,58.45686454615299,0.7598386387693736,4
3.7228775886561434,0.044571697314698046,0.16593497302125457,30.098029616364954,0.7337764840064628,4
12.837202861849933,0.19801356480581514,2.5419403008103174,36.225371439651646,0.7139043057230746,0
1.3064078024658188,0.022865026433330143,0.02987104893608969,63.63249680277375,0.7112695030999658,4
9.676225430503639,0.0856883362762622,0.8291396585739157,72.14121654039806,0.6917791377570939,3
9.755260231030194,0.10818567857318667,1.0553794477520233,32.252622126070236,0.7443898131849035,2
11.32204928871192,0.15618448618392344,1.768328450706527,32.70029903640816,0.7572033069703928,0
13.364320244478751,0.16898587687827676,2.2583813753953477,39.26048055737299,0.7414506160994088,0
8.467554023464094,0.102050675681701,0.8641196094658167,48.91286046764684,0.7523263043089943,2
9.753597826062581,0.15007766278654236,1.4637971654953728,33.72702823541218,0.7700293545725779,1
11.113492475300337,0.1495521626233814,1.6620468339798413,42.15290269265366,0.6026156596715044,0
11.461525736646724,0.11123933281561292,1.274972475993558,38.372377424593914,0.6358110229702385,2
2.455751957806991,0.033547304706218584,0.08238385921144396,36.62433046375148,0.5988664529242599,4
10.762692757719712,0.09206882104731158,0.9909084334976925,35.02387239922001,0.7198475636839754,1
12.05015569053604,0.07530117121544495,0.9073908368258226,46.393554510479184,0.7162536675265239,1
7.584243973700088,0.12806239404102127,0.9712564402632217,45.382674606220526,0.6603842106951088,2
8.677296597116257,0.08507484847570884,0.7382196931784495,74.76414330343881,0.7544208616569517,3
1.7704871347096147,0.04424539478793997,0.07833590224219555,41.301433278868735,0.7153339842127774,4
10.749589470061128,0.1604301905844788,1.7245586873868133,30.777136367401074,0.6680168252582708,0
12.045812001793745,0.11504397221491769,1.3857980612404817,36.861786544267055,0.7009862236595545,1
9.020007317072922,0.13691808982405357,1.2350021720526108,73.14871132572675,0.7111035750115284,3
1.1845801743421802,0.043817767891063106,0.05190565912768072,33.24619990485896,0.6822263373791058,4
11.998764623437122,0.1664947222894134,1.9977309837952015,42.646854394224135,0.5947006691067711,0
10.81672798396075,0.10129016973101909,1.0956282134296482,86.23757297857216,0.6719569721518218,3
9.44348878816981,0.1096170430618098,1.0351673171465283,89.3013964067157,0.5817183443707681,3
7.87369073725782,0.1080411348553845,0.8506824827536639,37.823563439639265,0.6839837150521334,2
1.4167288577712285,0.014013741432126218,0.019853671892237516,61.831776395785596,0.6840741329933523,4
12.954842862885112,0.13662999522980776,1.770020118558902,40.22604537463166,0.6073626388264509,0
7.557579019726199,0.11960373136755797,0.9039146508644245,30.623116886513568,0.7280353984679423,2
4.866241377552647,0.06176105567611598,0.30054420465244835,77.39108652260563,0.6529789487775169,4
9.280644855646456,0.101255648143132,0.9397177100447055,91.3002067679053,0.7417673604344613,3
11.485707941723534,0.08972253932633772,1.0305268824921194,37.86464995616645,0.6942199380038973,1
8.932473186606828,0.1210567160795625,1.0813358704393676,39.662311804072246,0.6469679947588578,2
2.54577332412046,0.011663315565273797,0.029692157636872975,34.5524282025128,0.7835236924616649,4
9.829432660618329,0.15130126178638917,1.4872055641958974,50.1438416761295,0.7240572405778077,0
8.052016241902416,0.08021922094152788,0.6459264699339409,50.155812654080016,0.7276533483958315,2
2.708166135785039,0.012010322410435365,0.0325259484318012,33.2816652630565,0.7552249178449297,4
9.5202245576252,0.09445406927378594,0.8992239498679288,38.84543791482608,0.6408598599784633,1
11.963758702660183,0.10739310950786084,1.2848252484804081,41.69548637398233,0.7242996069019839,1
11.344632060153,0.11907292215532297,1.3508384901793795,48.70347677114627,0.7764003426656827,1
10.584903098343437,0.13183045142366778,1.3954125537303952,31.194801264223624,0.5748623588908571,1
8.339923795875775,0.08147279610937042,0.6794769109890736,90.33987051560453,0.7882779639565836,3
9.965043466320386,0.11000654081458916,1.0962199607969285,65.99860400218529,0.6546088643580709,3
10.63701800632833,0.12693389983435527,1.3501981781515136,45.059768430609076,0.7792871727888645,0
10.572829153775006,0.12760732469347472,1.3491704427544027,41.6812634940358,0.649445885812488,1
1.9613683097507302,0.033599570255809216,0.06590113232098743,54.149210840668545,0.6283835688100163,4
13.532873702239453,0.11119624371767693,1.5048047223947592,39.297916099214795,0.5860460826869804,1
1.872383570264263,0.026398082703084542,0.04942733633973272,37.280256485259194,0.6136138542416832,4
9.51772974862514,0.12575659284568558,1.196917264813121,81.1749653148288,0.7461081739684685,3
9.708331192997722,0.1740676963385681,1.6899068460569762,33.10412243226293,0.7542697078716749,0
8.162164298953906,0.11332234020904301,0.9249555595281596,31.095570228235243,0.7695265966913231,2
11.74391767931673,0.15540407949348534,1.825052716601485,40.46881340612477,0.6215926225228655,0
2.395434073942952,0.039351499708628085,0.09426392326280386,36.049620081942834,0.6746388999753757,4
8.30107799265962,0.10698584541947888,0.8880978469377201,68.48673450008022,0.7454516042007517,3
12.187014605327407,0.20044488564334328,2.4428247488986066,47.81617995257025,0.6173582899516138,0
11.920607177447934,0.19042396786777716,2.269969318122739,41.64130916989672,0.6502085444852,0
10.235420090307572,0.10321029724830845,1.0564007499819528,29.170932519567803,0.6369227026375116,1
10.846512630794107,0.12071811535556304,1.3093705629697745,48.943255203405535,0.7349323450781945,1
6.9247593908832386,0.10701669874914901,0.7410648896444921,87.82189486335028,0.7382764507066769,3
9.586318365420697,0.12646207703523776,1.2123057316121466,81.14627992739602,0.6365740595888068,3
3.3835459584246004,0.03811608949364474,0.12896754055717205,54.091836707332796,0.7106773702223519,4
9.774424939477367,0.0935799000581071,0.9146897089617615,85.40175676259494,0.7039336552604102,3
10.338818344085192,0.09066822135063657,0.937402270125538,48.33836632547855,0.6447165964204918,2
1.6831409362102479,0.03936693608606739,0.06626010165963245,41.53233358859666,0.6146958749642948,4
3.2119176594340617,0.051189089626923735,0.1644151409430693,60.379847418513705,0.7978387281315616,4
11.29115111611427,0.08127847910862682,0.917727590103442,34.14969051771479,0.783280428384084,2
10.299091175447973,0.11185303652009437,1.1519846213711638,81.92220892562851,0.6047240459720596,3
8.325907076224611,0.09962773254096376,0.8294912433510231,33.86864554404559,0.710666731629007,2
9.603942381240097,0.10366540508180723,0.995596577333591,86.56902947144154,0.7266561142826283,3
2.9320580877197795,0.04884624505121017,0.14322002785714305,51.26589035048307,0.6738260799748801,4
9.955414087403529,0.10730921053626455,1.0683076262808793,51.72966436766044,0.6903234594804525,2
7.80930566533363,0.0827038844232727,0.6458599131717613,32.824591127493065,0.7326684799839346,2
8.609202655818615,0.10248611935625504,0.8823237709464145,66.7242510408471,0.6733805617292908,3
9.414463960915354,0.10466818750701098,0.9853948791390856,46.41806306401034,0.6167727142264795,2
13.105651596772725,0.18822264074195194,2.4667803521885414,43.7164948971706,0.6559444784375253,0
11.723340666032312,0.1612792507703692,1.8907315991434923,46.76624166137964,0.689841815378511,0
4.544024920643505,0.029162709842732348,0.1325160802788714,62.85535911040917,0.6141394622975926,4
6.871489151184465,0.1173232588919737,0.8061855006578037,48.82748402335444,0.6956245017751321,2
3.2857354087996002,0.037591636081508936,0.12351616974772257,40.36088164145557,0.7078215040375189,4
12.520813059562792,0.1898683077533762,2.3773055873155604,33.163644404951945,0.6650686342192712,0
10.301607006135518,0.09288336512183212,0.9568479248925091,40.58300625466355,0.769311376004954,2
13.404935307695405,0.08169984172117958,1.0951810929213663,34.56694207912234,0.599208136299159,1
3.5955578019339387,0.02901705751896411,0.10433250755147727,33.745791763633825,0.7450114391325663,4
8.802231132133672,0.09425882741431989,0.8296879851447413,45.060857478210096,0.6622784779722213,2
11.134011930069068,0.10017377101323485,1.1153359615413638,93.26972934557732,0.6970810085101772,3
10.397431421191424,0.08478595497096335,0.8815561522908155,69.44667499421527,0.7033105283893628,3
10.370556158465916,0.09250222890180206,0.9592995596094072,42.119183183931625,0.7519117836263994,2
10.6910291492175,0.16113283846037488,1.7226758728760223,33.84044263654376,0.5998294047078856,0
11.050551300023885,0.20071720865790318,2.2180358110717573,30.943892496424713,0.6330190592067415,0
7.4216990600480255,0.0790161620618621,0.5864341757031244,47.1009225122875,0.6743035709924763,2
12.056974646753787,0.18676502390741898,2.2518211581521155,39.67131788627366,0.6190041355091772,0
11.387954723044574,0.09396270765608539,1.0700430604421742,46.18290027316396,0.7488044651844347,1
12.512337997217976,0.20847435025753724,2.6085015341727122,43.32831197510456,0.6159508520489626,0
8.608953143425818,0.08348546730091623,0.7187224761505961,47.545153953499245,0.7348310373175121,2
3.6779259290089157,0.023077538687182216,0.08487747791529385,46.94879240479029,0.7633925981594369,4
8.56209593296089,0.13340816314188908,1.1422534910609514,50.57375426444176,0.7098663248389422,2
2.477222908190124,0.0496750584050194,0.12305619264659641,44.82601431458528,0.6193257933174621,4
8.060236484938605,0.09052740166833068,0.7296722658137708,51.18104007176643,0.5724212547315641,2
7.290111010025251,0.11068195157771152,0.8068837138077565,41.94913266002562,0.6912023766860361,2
10.072504093787163,0.10681901752054226,1.0759349912699847,41.69512291220726,0.790778911813116,2
11.707870366855436,0.14353348548258918,1.6804714413330808,33.47764182353542,0.5995004194142383,0
3.450973433498153,0.02830190648255366,0.09766912738864184,57.70567409022323,0.7193721166951187,4
4.440507694500137,0.018323587718441493,0.08136603225458765,43.01287216177631,0.6215905544552496,4
11.054307082343795,0.1419032402248298,1.5686419934248692,43.02823272666533,0.7232441713117361,0
8.841954968792871,0.11270143303266648,0.9965009957932625,50.519489925296035,0.6814863625533704,2
7.511588824057821,0.09561807148531376,0.7182436371470446,84.15326245582574,0.7677214457282824,3
7.84145923552245,0.0833954537376142,0.6539420509114001,84.35077660506218,0.7110915826127289,3
11.400788368616738,0.08595527779524044,0.9799579313091977,39.587661269878275,0.5979887519493063,1
11.058932153512478,0.11865961321854795,1.3122486119459542,46.126727889430526,0.7664376659126529,1
9.911547397665915,0.11769541796203795,1.1665437136188395,47.02298920807813,0.779036624950366,1
4.614139398527244,0.023321291068848816,0.10760768794529686,61.667860150090235,0.7091735981277615,4
13.420599846916524,0.09300678879249263,1.2482068954307242,39.65531213263353,0.7847592408333769,1
8.17375772593568,0.124103597319032,1.0143927374028483,70.58999806626667,0.7150160968942998,3
4.542889933328199,0.03468412374056149,0.1575661565873064,45.862319651994206,0.6973353880105031,4
10.738490758162344,0.11174824414385501,1.2000074869796562,45.55942116615964,0.7203197357632537,1
11.432882725902338,0.10662325141104599,1.21901112923689,36.458988636994256,0.6995093358938541,1
12.762135935497636,0.15797266885131983,2.016068673973897,32.85410258862141,0.629810985415133,0
13.604222084006064,0.1480372096280672,2.013931076476787,49.00340116585914,0.7526380533105912,0
10.383247709463282,0.09532028141802172,0.9897340936990695,37.88400415509245,0.7524837772158496,2
12.258131978564501,0.20268251212243668,2.484508983343828,45.93015183154892,0.6708601037323383,0
2.1236249428239025,0.024256086079894223,0.05151082941454702,44.55032697404158,0.7368900484043768,4
9.985577054884727,0.12292993957426526,1.2275263839711492,67.58007858688669,0.6952897067166347,3
11.045439641704455,0.12934207877683992,1.4286401242621682,34.93156752899675,0.6937950177611739,0
11.01225440800739,0.11796772428157357,1.299090591722359,33.74412647822359,0.6496653913985143,1
8.380927376779779,0.13102036402501932,1.098072155772937,45.53340941845086,0.7383209581525505,2
11.011870730340496,0.19681507876422888,2.1673022051334714,44.15558331965648,0.7104321230502219,0
9.194212205290016,0.12358925801588176,1.1363058644923572,77.05333394156078,0.6039946924852594,3
13.199559753724543,0.09442576608014203,1.2463785416660509,34.97517213828645,0.6744315996577177,1
3.59313873782281,0.02328590339168197,0.08366948152185204,47.47680762785837,0.6356270094124806,4
9.01946298974805,0.10010666448490177,0.902908355348697,64.86530341341175,0.7288819046291926,3
13.400743012062376,0.17894444335007503,2.3979884987709097,32.58985494668437,0.8227031450675476,0
11.767713053456884,0.2102607721499209,2.4742884330585477,44.79999804718827,0.7296652080625258,0
7.976365151691989,0.0743530549710419,0.5930671165928575,46.824515648778785,0.6470422032731484,2
11.527457065937748,0.11020224792124925,1.2703516814820281,91.756459353905,0.6948270352226116,3
12.575273414512765,0.14995077732871623,1.8856720236273286,40.649609007632705,0.7984694817932538,0
8.449146350219605,0.08089353692141142,0.6834813322358981,42.646990581588746,0.688495997521233,2
8.651726810188741,0.10770863199120176,0.931865659087033,47.64272880070748,0.6699713240920212,2
12.735366615633868,0.16792098836809338,2.1385353493272596,45.36844868822319,0.6784756455879698,0
12.806863437671918,0.17307892114536838,2.2165981070483194,48.49549880113378,0.7272207701434269,0
12.504140356998551,0.18605304736181083,2.3264334180593815,37.260898180462384,0.6073826466323833,0
8.609867988016795,0.08607384591280602,0.7410844505301588,41.68496189125105,0.6879854703513669,2
8.178735557568459,0.08789083560856636,0.7188359023761858,65.17859348540672,0.7097466368901401,3
8.674097169088945,0.11784426108442224,1.0221925714657656,78.37452247913106,0.6145678177895554,3
2.4053621538056653,0.021320979153988277,0.05128467633908294,64.53453650409841,0.664703725950012,4
9.172511527912137,0.09993946943963002,0.9166959355284291,37.90965636749737,0.6645242852006991,2
2.137397168107954,0.0445680947685898,0.09525971954635076,33.911511736480044,0.6809592766427089,4
10.258094399094697,0.1116314356291504,1.145125804590288,85.38548457597098,0.681522738708517,3
9.3677236482899,0.1134267285677836,1.062550247552586,88.58438146099391,0.6919986600718757,3
10.518832304128845,0.10156037946550152,1.068296600341301,66.33363680575549,0.7410208503294736,3
8.091032538038675,0.0919948108696365,0.7443330080769429,46.026190223470586,0.6277508059786205,2
9.792005762042105,0.15371643204679633,1.5051921883227835,32.936954487285355,0.7221422010858117,0
13.901272227870528,0.1660682151113086,2.308559466658863,44.218618642786346,0.6418475439642308,0
10.821401784768002,0.12196064064357247,1.319785094331804,50.13449996702857,0.6586385266086565,1
10.72371701064393,0.20256095356164594,2.1722063434012777,33.38283744541926,0.6728779478541425,0
10.080436778932688,0.12995140028206797,1.3099668748771618,41.08544815560224,0.656232521498442,0
5.283898135700901,0.03930493255842409,0.2076832598693067,39.47882798224157,0.7725220324164829,4
2.1365885322455704,0.018522891288995855,0.039575797112099916,62.319678793164144,0.7645414695594666,4
12.758871029137563,0.1771930913553688,2.2607837998573403,44.4704786875352,0.744534981280093,0
2.4352319280831636,0.03397288926122884,0.08273186461817812,36.23441328341016,0.7163446841252715,4
2.737916526415928,0.02684086022769222,0.07348803480061852,35.11673637501816,0.6954006350306504,4
9.823263210818691,0.08092285971684376,0.7949265507707132,41.20283447760894,0.6500243941410939,2
9.531068468540996,0.13356410084411058,1.2730085900843322,37.46986726607947,0.6774427097231499,1
1.4806152910461579,0.024017482961801007,0.035560652525683134,57.37625173584837,0.6873009541650993,4
11.84054470217994,0.1551358719639712,1.8368932269010647,48.26486636030226,0.6981673845616813,0
10.471432311330636,0.10423684870715902,1.091509105583428,33.08194979505376,0.6428193984236554,1
3.401725044421373,0.026117150834039267,0.08884336608108193,60.739963973653545,0.7487593416053137,4
10.42288591395852,0.07698200353468088,0.8023746402699303,49.36130216625918,0.6888671309847155,1
4.206678104184252,0.023658167804707596,0.09952229648918025,61.83136203948572,0.7225852885915374,4
11.808733915397651,0.12096995727811838,1.4285020372543213,39.87157933392788,0.7027241196366637,0
10.886094880269571,0.12284595189499889,1.3373126879859893,45.36791386955523,0.6145841260405279,1
11.456156761771535,0.08830165247050929,1.0115975730256253,37.74325164074675,0.6955490502546179,1
10.42813321220487,0.10729914856986172,1.1189298148426796,94.77687712683363,0.7316937935069692,3
11.555018674168348,0.13715113651121263,1.5847839435704743,39.36391737291712,0.6195868309001816,1
3.2785258030623434,0.032707435224954756,0.10723217033700437,56.72189597960374,0.6220292094814247,4
7.379423681732663,0.10005019218042344,0.7383127575381209,76.27646732688866,0.6070881069155426,3
9.753126337125352,0.08081366380280078,0.78818587283469,64.64534731615802,0.7319610221889477,3
5.299720373106923,0.06661675787756642,0.35305018891406986,61.89948386172227,0.6494251157374731,4
10.763379002623113,0.08521351622134,0.917185371236455,33.571717059790394,0.6540166320185931,2
10.954279210889547,0.12244570710406358,1.3413044637927143,47.29818491469245,0.6414048640224059,1
8.768289987200328,0.12233274592619142,1.072648991211346,72.44226723497653,0.6542863862180515,3
11.7624804289523,0.10015468044230552,1.1780674685705903,43.955390302179666,0.5994044019369347,1
10.725053594333012,0.08786968735195458,0.9424071061669984,47.263362222003245,0.7323484682300575,1
10.734654642744148,0.1767111695405757,1.8969333765334893,32.8493559903394,0.6441355925384867,0
8.845356500328505,0.11121026224246537,0.9836944160296287,92.43794854439494,0.7757092653514596,3
8.652601880179983,0.10306549822643679,0.8917847237357537,36.99735829996519,0.7132184582925686,2
11.556153923609047,0.11999264988711775,1.3866535317972624,46.4043077370106,0.7394144796113941,1
10.974219097510044,0.08989226224005192,0.9864973809931589,36.43960487212246,0.6521755051344891,1
8.399517171654905,0.09102788879170384,0.7645903150054095,93.73840739307367,0.6932756967006656,3
1.1184159833864398,0.025738548105699456,0.028786403590575042,52.49630252649084,0.7181623332599999,4
8.39998399219588,0.09001256392428168,0.7561040960604745,92.51557981336266,0.6148349258173877,3
10.042297896755187,0.11001535234251766,1.1048069414400459,94.10988689238746,0.6376925981274524,3
8.30564696281973,0.10900487951819292,0.9053560465028095,39.98466601339867,0.6767470775355184,2
7.781900340171664,0.11455331592511016,0.8914424881654068,66.23161565394965,0.7347552914746762,3
12.159607387218799,0.11496694677440814,1.3979529352840836,33.42940112368688,0.6568635864570167,1
12.748922253452761,0.15065837342486182,1.920731889625217,31.806946793847132,0.7326008810681265,0
8.17486516432989,0.11562863616889636,0.9452485098160861,92.29002858714433,0.7322545086028852,3
9.232252314815193,0.08710535077552899,0.8041785763301669,95.93377129143036,0.7662017810718852,3
11.678502891728899,0.1220709543359568,1.4256059932085778,32.82749596714403,0.7032857878528929,1
9.509192988138796,0.15396787187088695,1.4641102075932908,43.89819050085891,0.6385027260610334,0
10.720772184809999,0.09291014504975167,0.9960684987360401,30.345339662695253,0.6640558726927994,2
11.940888499872266,0.08119917730591088,0.9695903224912402,33.853367945337475,0.5983285892836783,1
8.197288068139482,0.09750972137314323,0.7993152755396724,80.81823023171792,0.710174731972877,3
8.091747388534822,0.09080891714381993,0.7348028181541799,81.79811884546467,0.6799915071153388,3
8.596930781047453,0.09137288758637704,0.7855263898445135,98.07406293773711,0.6199309983268307,3
12.283376802054173,0.15638264595610413,1.9209069655810602,41.17395489436681,0.6722168558915678,0
4.783020569248716,0.0235170789199342,0.11248267220269065,49.98116885519122,0.6704503156415222,4
11.817396485908487,0.10569241263852476,1.2490091457016923,44.11209511921065,0.6713692862467295,1
10.524193206029873,0.10374316931274347,1.0918131576531815,42.43779906756298,0.656596635416323,1
11.519070209623155,0.09116444119369606,1.0501295987312462,38.91500875159528,0.66967720009438,1
10.075993126864406,0.10174297195566659,1.0251614861320546,46.94939300412631,0.7651337840035809,2
9.242171960703619,0.10911940206040081,1.008500278091381,80.23226354829282,0.6056745927624937,3
12.228804674686376,0.17760357123300424,2.171879382135157,42.9556044485132,0.7791295851899473,0
8.83770687045662,0.1297539861783042,1.1467276951171321,72.64303885159858,0.7524453487763572,3
4.208144377817205,0.03571698570234545,0.1503022325759025,33.3169077268188,0.7651414601610064,4
5.467754881016781,0.04932913896465335,0.2697196403503384,62.440253995005946,0.6426326837324038,4
10.936541411735538,0.18086870449429204,1.9780780767887827,30.726786319041732,0.7053724682127752,0
11.176468330421812,0.10273654827697741,1.1482317781944897,36.28391012994155,0.7040473356953652,1
7.053773896054044,0.1038490459979909,0.7325276897907439,67.25090682681385,0.743293641875058,3
5.209061599917132,0.05751267547475194,0.2995870693240261,69.40445743164648,0.7118587920458183,4
8.965515455303889,0.11578049070481984,1.0380317788367306,86.76696135548616,0.6606721915044425,3
10.515074351108346,0.11389672658743097,1.1976325484146955,38.804425689522404,0.6987595590762173,1
11.386447305412208,0.11846998650635346,1.348952258627489,45.46433302574589,0.7522323037285447,1
11.354954844509438,0.16458601870382125,1.868866810419476,37.55497117200618,0.7067671265953509,0
7.321645801478529,0.074183195246543,0.5431430800171135,36.64397471564167,0.7529790583982297,2
10.155513011891545,0.13619526824308548,1.383132818800714,37.43322008859175,0.7036208998290587,0
1.9159841476366761,0.027961344746515713,0.05357349328092816,50.45502114319083,0.759494479982753,4
12.8682430387307,0.16014553504959733,2.0607916665857844,35.82938669909078,0.694826607148301,0
11.40803279775263,0.17081389899242835,1.9486505620176278,28.03837857051574,0.7657573345039433,0
6.917453460056444,0.09483647306144274,0.6560268887184268,69.67156260229203,0.7196652624703423,3
10.680532862679451,0.1553533808276093,1.659256889257637,29.749806210184758,0.6663600778568693,0
10.901407976713006,0.19550437548708036,2.1312729584171524,32.92968279330059,0.6598201928425017,0
9.222865989471996,0.1211339215294677,1.1172019250454972,31.853996882693835,0.6893961268924603,2
9.046048218322431,0.12468477278106467,1.1279044666680873,95.12373206779598,0.6247477853272797,3
11.348515073077435,0.1779975078094562,2.020007400345832,33.41757526104902,0.7632705837623716,0
2.9874159827440896,0.014994328620286483,0.044794296970760976,34.46676880485981,0.6641368577818575,4
9.336467904842056,0.09038839168850687,0.843908317970037,78.7872920181263,0.6592003193690686,3
10.30480735459556,0.18110826911216688,1.8662858235251292,44.426451706866345,0.6260675762007358,0
2.2152550006150817,0.04876887911650584,0.108035503337232,53.466080457833364,0.6426647614664613,4
9.310417801134381,0.11231023739664382,1.045655233507341,69.2072434578148,0.6175557423249558,3
9.91312708343598,0.0963411020314856,0.9550415877963889,83.01874872793178,0.5921725275360353,3
13.221013592766836,0.16086045714648903,2.1267382904724186,30.93788572983188,0.744476105145442,0
9.73045545430221,0.08703482026700454,0.8468884415812868,73.09462136527024,0.7586089415817646,3
9.210105245025005,0.13710518314625073,1.2627531664153977,80.41842547302456,0.6074716727465964,3
13.281564198938536,0.09254575315115256,1.229152361816151,50.89922319028571,0.7240359728302245,1
13.860140930455009,0.19719555440879133,2.733158174965056,42.93210801661969,0.7090956619355065,0
11.317613813414896,0.10420783180601247,1.179383996713743,44.65643081700628,0.665137829599916,2
1.7610386131016558,0.033890275588968656,0.05968208392083026,36.47221253325323,0.665707569014991,4
8.360727739368068,0.11934033212963018,0.9977720252615973,83.81230163700702,0.6573240140101583,3
8.575336626845466,0.08566122686801328,0.7345738562617932,38.03003154067421,0.6172189850435723,2
7.732648088573933,0.08076350433244811,0.6245157574028375,34.95358883438289,0.6406736966074166,2
3.2773126228341565,0.025574133060422416,0.0838144290969627,34.799452278400004,0.6880638170351342,4
7.863343754097648,0.09775556743875963,0.7686856306478419,50.71306566320927,0.679344421988206,2
11.809757250702928,0.09646329994073091,1.1392081559017782,45.38409979724258,0.7127500013359256,1
4.5981783484087195,0.04378474409249883,0.20133006227674471,58.45979740611998,0.7875025156830786,4
12.036928644162225,0.1854758174237774,2.2325591795476694,35.27254932508902,0.7209463413881393,0
12.722188312398757,0.16982823425644078,2.1605867769726093,33.65779293012449,0.7171045848110634,0
9.24547561210551,0.0823702321446973,0.7615519724572682,72.14133893354914,0.632512440726209,3
1.4354907165878348,0.01681289327483399,0.024134752215006234,52.51530439152372,0.7819901754819071,4
7.770752699641624,0.09530727173105952,0.7406092390996085,40.0786539994091,0.6132321325017126,2
4.6130697032489545,0.05139214871050267,0.2370755642012847,65.96818184026408,0.7646131277398356,4
7.75919478345536,0.11295170746483724,0.876414299343541,45.55141408708667,0.6447228769381724,2
6.642011302450195,0.07432502423394315,0.493667651016735,67.69960722078903,0.6704609208017501,4
9.745726029870577,0.08332264585777199,0.8120396786137762,73.80947379394054,0.6880800819092745,3
9.89766296089562,0.20614908692300693,2.040394182060297,42.88404370586222,0.6494649780920798,0
8.608963725813764,0.12054911206996305,1.03780293298937,90.83286193028857,0.7322449413594366,3
11.683044096059229,0.17604185708408734,2.0567047790655493,29.211555629343533,0.7481232574392919,0
13.289278597296494,0.17595437336734954,2.3383066880914347,44.72521868978513,0.6803877037142829,0
10.758781400364393,0.18985324925873356,2.042589606923608,47.81761000181464,0.6746211380700795,0
11.263761665263326,0.14963042064430937,1.685401396010598,45.774760151984125,0.6702232834509686,0
12.59849336289018,0.09404074873882383,1.184771748827295,32.425621835067524,0.6982212998988331,1
5.440505914956515,0.07575755426779754,0.4121594220965917,72.4746594098215,0.6676407145608714,4
1.217475547039158,0.042981820058894976,0.05232931488894182,48.26328307003008,0.6770394235199951,4
10.235700884079444,0.08946659481469907,0.9157533036403926,95.48247914219832,0.7221175233043573,3
2.89814281747515,0.04035576618672398,0.11695677391776062,49.895076584255925,0.7221414740524681,4
11.511293700123941,0.1687732483019375,1.9427984299275467,42.594759612265406,0.7577963657388729,0
9.319360493996205,0.08593570404440647,0.8008658052951916,67.03628116673333,0.6884538748284896,3
12.728927683851252,0.09714774993172283,1.2365866835297652,48.55530970959363,0.6551535699057798,1
13.672667244562842,0.17695944340221706,2.4195075854215653,49.65981603868062,0.6429950919887608,0
10.986666344740309,0.17291279128283435,1.8997351445622217,34.42452918542056,0.609503872992217,0
1.5600768950930302,0.035875788954992084,0.055968989441916875,58.25723740793305,0.6056711613923069,4
10.40476819812803,0.19620406512716612,2.041457817178579,38.494284937661355,0.726418597480228,0
8.378771336550793,0.09348460576139359,0.7832861351623157,47.27623248506492,0.7182240156901082,2
8.315069018533993,0.0831254669769905,0.6911939951115442,84.97910383724543,0.607063730005623,3
5.0479396842376465,0.03523788987747943,0.17787874270132448,50.66892657834856,0.7080831088226515,4
2.7855658833460475,0.03599378230392335,0.10026305199839357,42.91031595713346,0.7877202898234604,4
3.457735548811845,0.02379312634258908,0.08227033877214182,53.131387839422395,0.6155733151918356,4
7.723802279646647,0.08394516501852431,0.648375856935392,92.76795120225542,0.6038858619389855,3
10.685411180039683,0.13672720315209316,1.4609863851769334,37.09993125197959,0.7318528445860286,0
6.444234423364989,0.06121478836009223,0.39448244636910884,65.15050334617733,0.7001679316279392,4
9.34387648675708,0.09773007352211875,0.9131777360323662,72.14501612957854,0.689361166640784,3
4.108772748038343,0.04220071646774925,0.17339315377038106,66.97669191191926,0.6888553828811429,4
10.981908267456877,0.10232711803911605,1.1237470235788043,41.938184621671134,0.6057478033662981,1
4.647617943184149,0.04196824209804065,0.1950523550187501,63.66723625309367,0.7198419541423643,4
7.747787427534357,0.10752772825507209,0.8331019810859784,45.26816379044459,0.7008097126193715,2
11.406199612369017,0.11657972178432295,1.3297315774264322,49.49164849312425,0.6151051674464489,1
6.581001578333095,0.06544159702388964,0.4306712533028561,57.72167543425799,0.6249764594421762,4
11.404986901029753,0.07733936556933423,0.8820544512522084,37.6575975540266,0.6109719063121105,1
9.221292544064406,0.11316715569058941,1.043547449002608,66.50501301219585,0.7332435099252138,3
9.012160738359507,0.1105602453277951,0.99638670216655,66.1688314189887,0.6485372767725759,3
11.82199335244259,0.1059567522492758,1.2526200207373448,29.34219072599578,0.7656952816747526,1
10.73318818450803,0.09994309505931243,1.072708047013775,39.96912808888949,0.6749019820616744,1
12.477853651253259,0.1612544163522283,2.0121090078613655,38.868795334543584,0.7864566009968229,0
10.748071411747583,0.09346351915419278,1.004552578262502,42.028641597334754,0.635993886972986,1
4.271734799892601,0.04553420426919655,0.19451004496214516,54.67076879582981,0.7243660181552944,4
4.026345137705271,0.024629661004857487,0.09916751583023707,31.18243383452684,0.7170670563614756,4
11.793428480206419,0.18172267408257714,2.143133360024734,32.03420714666324,0.6795339559209055,0
9.68773267728614,0.10225038530949693,0.9905743990279121,92.70412567214743,0.6424131532358363,3
4.591721308979789,0.04689083294647858,0.21530963683615725,37.080689972774586,0.5866184948215649,4
10.120972978360392,0.1323301090673586,1.3393094580942198,47.96064813462908,0.6737875922843889,1
6.403241327938171,0.044002727644174844,0.2817600841931878,69.4294844864075,0.6533622477414768,4
11.702286750311668,0.16449957331780768,1.9250211772689036,28.868254311053512,0.705589302450379,0
11.278342120694052,0.10844051734144414,1.2230292543218633,37.75800082258595,0.6390487064113426,1
8.031443700188984,0.08057442708678111,0.6471289748224648,72.51385676202813,0.6594312089786539,3
10.447394780661261,0.15563271560611794,1.6259564207234949,45.8900352437114,0.677455700656639,0
1.9172450916433983,0.04609887254406747,0.08838283711540798,33.46622196162024,0.7276787253788333,4
2.9622074213446306,0.04243347575182292,0.12569675678549727,37.61581494119312,0.7604731443615219,4
8.669974238032495,0.101593775106685,0.880815412919426,80.81563737668242,0.6229923645559453,3
10.153790826313779,0.08918423122150099,0.9055580288287236,28.089853976609575,0.7068402768544307,2
9.866693103216393,0.11113471277777931,1.0965321040924498,36.979398015479354,0.6255084071182363,2
3.8177379808038596,0.04036520767473019,0.15410378644285289,57.34421271564693,0.6238020239809188,4
8.10161258940714,0.07807727452085583,0.6325518302047629,42.52973604617785,0.589218518827492,2
7.682249149296436,0.07974467862110086,0.6126184894978698,43.6374495721164,0.6628275026419179,2
8.849390890245783,0.10081596099243303,0.892159846797811,38.67407018819711,0.7110201289119215,2
11.546484636051849,0.10356585768392147,1.1958215845669316,31.955191822804604,0.6632627654542919,1
11.556432237175626,0.14192330420753335,1.6401270479504215,48.85437350965998,0.751272825528217,0
12.03281205331908,0.17803079827947285,2.1422111353992586,39.49915679157317,0.6602457222049762,0
12.686048507078086,0.11780679865564643,1.494502762209112,30.227892919205704,0.7915256917167341,1
8.9321412908363,0.10734375044306713,0.9588095456457473,95.68986357072453,0.618840791757585,3
3.807373137307518,0.020344700815024354,0.07745986736968209,53.14574696084269,0.6629650409426092,4
12.09330894455033,0.1861283444587,2.2509075728767414,38.33436141986088,0.6479524342570248,0
7.85401499964976,0.12043376802786013,0.9458886205551531,52.31536045268299,0.6226006124694495,2
8.97737903357698,0.13731119915972587,1.2326946804118362,100.68637980603974,0.7490379802416941,3
11.976300830684693,0.12073173152700423,1.445919536576862,41.6476581228998,0.625815922976887,1
11.710259310906157,0.18952059370531119,2.219335297046083,38.52963848111846,0.7965289059128808,0
6.465116938502316,0.12434514126817522,0.803905879033343,51.146736564208645,0.7292279773416752,2
2.259801709819111,0.04464977857057218,0.10089964595682371,58.01896443728352,0.7189684466585574,4
10.395586728355577,0.08898571345064839,0.9250587017608127,78.42659398433062,0.660079532517037,3
12.115916183397564,0.10187318142192119,1.2342869274440509,46.42543582615715,0.6204323373170407,1
11.24212750455969,0.10325591189120947,1.160816127080558,34.686737322785206,0.7299053984553034,1
10.256669426052682,0.0875372058596111,0.8978401829823528,40.73735403012682,0.7454452260498049,1
12.279882218540404,0.15106193694561607,1.8550227933967425,49.21781569495209,0.6266045346282716,0
2.5650264305451276,0.045959754890675504,0.11788798603595836,29.80091235941349,0.6597611172212327,4
13.262663640969254,0.08610871753244237,1.1420309571880152,33.02531536297565,0.70851307674595,1
8.638769701688616,0.12941527152378224,1.1179887265754556,48.36273627961693,0.7664181293412248,2
8.452737581309435,0.12858041837223433,1.0868565345954753,37.658060565267334,0.6859868480141087,2
10.52160986082971,0.18769667724052388,1.9748712100988675,45.70833275982173,0.6492184106438423,0
12.784555061093826,0.19894490055831493,2.5434220353116133,42.73048940881514,0.7671591112301307,0
8.645315273499355,0.11953655304638738,1.0334311877933986,75.10204039125298,0.7547369511205533,3
7.3077749065087785,0.09807902636051288,0.716739447692169,32.50492864747925,0.7157118228081013,2
1.390040524243672,0.024688310030870554,0.03431775141800161,30.170530259621785,0.7203138306445555,4
11.857170530230404,0.19416313109521616,2.3022253560794597,46.87645629786371,0.6685264541101226,0
4.906801604903883,0.035019697594029196,0.17183470835763112,50.64847425865984,0.7116799691317435,4
11.482177385212863,0.1614533866078598,1.853836424474797,44.05769859279687,0.7433769700845361,0
4.825829415078845,0.07303113262198195,0.3524357880236847,69.55170855007631,0.7773560999032564,4
8.506967977735634,0.10034730221066113,0.8536512865582544,67.35544629767328,0.7663882519593745,3
6.9868412820721115,0.05821335210333255,0.4067274516433632,66.87224658507475,0.6527138053876599,4
1.1877482461666464,0.01801428352372507,0.021396433661253166,30.324040008974343,0.7244554604236131,4
10.868306940934364,0.09737716328072096,1.0583248995723584,41.98627082433727,0.7393420183981114,1
11.38395849971224,0.11352915482767216,1.2924111870656254,42.0245294578541,0.6685308542836848,1
9.806466646202992,0.12328021616844055,1.208943327992507,41.377457758200215,0.6339425750320664,2
11.190890583997554,0.12386871284544819,1.386201212234023,41.65792474076265,0.6828447617642603,1
8.720288001175927,0.09495490182219946,0.8280340910129641,73.45265566164919,0.7688963972369501,3
7.798941637579749,0.11133272771221171,0.8682774457800967,99.04354926351284,0.7333255227518989,3
10.259096089133529,0.101306905593427,1.0393172789757466,40.55172736959222,0.6426923268839816,2
11.670295026369176,0.18658992886873677,2.177559518847397,46.62567438489195,0.6833955331989302,0
9.41822692812342,0.10528318060366665,0.9915808866399346,34.7720077311043,0.7090823162423486,2
2.0867096376280667,0.03802267899051083,0.07934229069793716,31.94632942626155,0.6920357353669389,4
10.460004688696579,0.09535437096760939,0.9974071674089071,40.29387284556551,0.6619046867506991,2
9.819724033474941,0.11896268177932677,1.1681807053550866,36.748660884946965,0.5952489901292268,2
7.4076610174125515,0.07772439766317578,0.5757559906713784,67.54130217293955,0.6356603475424506,3
11.58516510822616,0.18028204505527404,2.0885972580140173,46.65260200094713,0.7422544420098345,0
10.029439370750264,0.07728459875343452,0.7751211974903329,95.60636807620767,0.6248398468405307,3
1.9281383008246946,0.026856137889179708,0.05178234807635666,38.11840503665223,0.7944635411377772,4
7.329439617138248,0.09490678152217759,0.6956135244237326,76.02470932632934,0.7654975850841554,3
8.7438228279103,0.09321448448775796,0.8150509373559486,50.90864724055917,0.7012317898107686,2
9.85445496394153,0.12299693177439476,1.2120677248737621,40.239261644629465,0.7375772583381682,2
10.912845978651188,0.12037227293932638,1.313604074687031,40.95946641350009,0.6685013779110811,1
5.127724194612983,0.06884786619183943,0.35303286921937227,67.48332742745225,0.729085123939217,4
9.63585863824408,0.10282960426749639,0.9908515305481754,68.43075198284039,0.7025742304653086,3
8.385398895808978,0.10455817085471475,0.8767619704329315,81.71456258266738,0.6888866193192368,3
7.138098756013415,0.08999254386093535,0.6423756653842253,79.8598136257845,0.6735593618307594,3
12.164440410439166,0.17872351219633995,2.174071514056775,41.33854694076337,0.6800026721882945,0
4.127692979751676,0.03295370921525641,0.13602279418459198,46.95226385213487,0.6927045776734083,4
3.8823792009315077,0.039895534486975796,0.1548895933022805,42.40867756606639,0.7056588707327167,4
10.450717422461071,0.11300650590713075,1.1809990601351013,33.94709347321693,0.7411515007769935,0
10.588211754533015,0.16548639892280134,1.7522050342897448,42.59544765872563,0.7206194246969274,0
3.415861016851024,0.03342357763052249,0.1141702958717957,49.98825373329345,0.7714030903910334,4
1.0944625308637062,0.046669246270497955,0.05107774138671077,43.45596375785902,0.6957821407393823,4
11.51482393765338,0.17497165297158757,2.0147677780480167,39.04858833809314,0.7785665138745418,0
6.314445083281025,0.12391584994891586,0.782459829450521,93.66935790620751,0.7340589378463551,3
9.554296502098063,0.09050626618717883,0.864723702450119,30.510394261402364,0.7634296867231104,2
2.825466818559164,0.034344406541616114,0.09703898108644263,38.54414061213839,0.6657544526713461,4
2.29866252112429,0.022110947221444566,0.05082560568449188,49.302945883911676,0.6031275725629597,4
6.804084997013901,0.09052974596918459,0.6159720863324085,46.92932530408021,0.7685848883749775,2
11.010559876304619,0.08588663861074539,0.9456599769981482,41.203623277351106,0.6432531291397894,1
10.820455964344447,0.08182408429449363,0.8853739009313764,68.71006652530913,0.690713586813565,3
11.05912903788864,0.16643421533113978,1.8406174636668187,45.88536218671692,0.6439962366750758,0
12.741389321215268,0.11060362207725812,1.4092438092229058,35.64996709642138,0.7184999928753278,1
1.4257858117151156,0.048778669272498076,0.06954793456307184,57.56848379698377,0.6974174846296955,4
6.748382691985241,0.10995989978261293,0.7420514845054168,88.36140770601152,0.709730578675499,3
9.029198150300356,0.10458736789301988,0.944340068724438,72.27111846652834,0.7476543991799643,3
8.98931470451535,0.09305489508124139,0.8364997366809362,31.845758578394253,0.6720104988329567,2
12.358058923102302,0.1666344048816587,2.059277794143624,33.428030081583586,0.7173324557271464,0
10.341893529373014,0.09902931681588197,1.0241506507963998,42.22009440937977,0.673416762179117,2
2.859765127943366,0.009059938557641187,0.025909296348451783,50.57357590722022,0.5920625662419029,4
11.105594063797051,0.1383595359950254,1.5365648416160684,36.82757424758678,0.6485183525607011,1
12.29727935333256,0.1897485615245471,2.333391067960366,45.39849203005425,0.6448042568363958,0
10.353860195135843,0.11962750138272497,1.238606424810154,37.56959798657107,0.7697598914058861,1
11.310761903291468,0.07549137844839919,0.8538650073811122,28.625840470851927,0.7249824478883896,1
4.088168567186843,0.043824060275282614,0.17916014570391195,69.36175738050888,0.6826635773075496,4
11.912394686556667,0.11678217697940638,1.3911553845340008,36.18270937866816,0.7416131319165993,1
9.062815690650215,0.07863731459245846,0.7126754885591297,71.61099882913332,0.6425211394345672,3
11.33455937579348,0.13168904805929582,1.4926373343698096,41.01217566674597,0.6541549339503046,0
7.667749702756749,0.0878223538725934,0.6733998278019762,87.27359777068447,0.7279397548424034,3
7.718696811571477,0.08630206390327001,0.6661394654822081,86.56782858483918,0.6491593892013447,3
11.541599875030355,0.11059615878344596,1.2764566123938572,30.403551584202933,0.745987483025639,1
10.33468954372677,0.13903461071519158,1.4368795375744123,42.42719191395245,0.7079577853954828,0
8.520510309391627,0.08853539077122587,0.7543667098122463,34.1756168946435,0.7006283695651675,2
13.770193642180981,0.18427800736802918,2.5375438454530155,41.27919447824138,0.6513455512623572,0
5.866002213357935,0.08839753932977507,0.5185401613638556,53.23600474906703,0.68244728559105,4
8.916785662857063,0.1293051856634264,1.152986625656711,96.08258241798286,0.6470965722394151,3
12.292733053579397,0.13906293256032226,1.709463507611956,43.873194247480846,0.751813081540149,0
6.7980134936751915,0.051127851817626295,0.3475678265588492,60.86808018871118,0.7814953885141567,4
3.1400822847598353,0.04584149717505671,0.1439460731862636,28.96369058828548,0.6598576484276804,4
11.22877344058888,0.17964870812916955,2.0172346424769225,35.916669567312226,0.7652275444128708,0
8.724314822464464,0.09375163100232096,0.8179187439837677,96.06220082501753,0.6734507291651292,3
11.067663671343384,0.18430840769054993,2.039863468119845,45.290032295741334,0.7142330207887527,0
12.705665882050365,0.1832357084092972,2.3281316887093366,31.058623076069317,0.6800396926580693,0
11.65945494928313,0.0898030280630973,1.0470543600108917,31.020292139053385,0.7322725788154744,1
8.831839401712392,0.09886499221599995,0.8731597337032573,79.5649922648948,0.7696588437593883,3
6.957504227343535,0.1135091161133336,0.7897401552005467,101.31244511187758,0.746275979534312,3
10.34309887766629,0.18960843684291662,1.9611388103060303,40.618085612878566,0.6511920046585986,0
10.490039810844074,0.07697390984346167,0.8074593786542354,37.5012256042256,0.7685960285460939,2
11.69325812904699,0.1454219192201088,1.700456039062152,50.628655904776956,0.7090014574382854,0
7.722725436995525,0.12069600897764324,0.9321021386754856,86.2838220458777,0.686351560463968,3
11.586573880682524,0.18583480987051776,2.153188754167344,48.57208486690142,0.7045840430084218,0
11.708431721467365,0.10241980944706927,1.1991753458367087,29.579973668483987,0.745635118183994,1
9.182905925408503,0.10938418182250972,1.0044646514038857,39.933145149193706,0.7403549873159047,2
2.6501480155834893,0.024888475339797943,0.06595814353266413,55.72039531181601,0.6972651478414441,4
11.985262875682496,0.11805008359014117,1.4148612843241344,49.24125431295128,0.623978714964511,1
9.759212057548973,0.08462205959881056,0.8258446243713398,78.10122338956242,0.640692220804947,3
11.920366990069017,0.10311051989419036,1.2291152376755614,39.62221427258601,0.7635036556448662,1
7.640857291382551,0.12313268344216902,0.9408392620865967,91.49404569910482,0.7638669808281218,3
9.993963345547277,0.09238784492523895,0.9233207357569441,34.68981752185483,0.7752301091777964,2
8.258804434608248,0.0862370686247847,0.7122150847859876,92.49624270723477,0.7315438670623252,3
7.626034215309,0.10555828068431762,0.8049910602077973,74.06031303651176,0.6793243534273101,3
9.66814165936308,0.13359324957692909,1.2915984616443972,43.08621179749747,0.7602641190618017,1
7.999491688521373,0.08434461219270939,0.6747140242071372,38.268204101277746,0.6986380474229767,2
9.054397918441486,0.09484041932328245,0.8587228953048464,89.94565626958203,0.6304216720761154,3
11.057189727947888,0.0783812192654734,0.8666760125262235,43.318502343118546,0.769362220157965,1
10.94121037026425,0.11059973422322641,1.2100949590316346,50.04248785362603,0.7743069507737022,1
13.30964311532979,0.18519323092623274,2.4648558110030137,35.9913530612189,0.6367926837113874,0
9.43230092282946,0.09005836076522712,0.8494575593543603,73.34201743825831,0.7510159938391096,3
7.023507543297583,0.12512474460890066,0.8788145876137974,33.790330981383036,0.7289531088344381,2
10.55501908768413,0.09789841284723266,1.033319616256522,97.06605056009252,0.7597961260441044,3
10.454622289297884,0.12309594564684864,1.2869216170817446,51.67784100561597,0.7401423688618357,2
10.22559905494786,0.1549144042744613,1.584092585946742,42.38354569465442,0.7712223985265453,0
4.686516289310706,0.04363430167513005,0.2044928655731944,49.38443198172037,0.6780297216834926,4
11.708901151447217,0.10056590923841023,1.177516290477958,36.56012652196345,0.7411913501664216,1
4.672579964951829,0.0287978492104629,0.13456025325451282,62.162509778323475,0.6538182591824937,4
1.952447668197509,0.01668736514752816,0.03258120717065174,60.02904306547804,0.6992874774112845,4
9.295294544287023,0.10268542916420817,0.9544913094878358,74.26986704314498,0.6349602156805122,3
7.669474545544959,0.12584130014372172,0.9651366482305569,49.52908539852908,0.6718019628607561,2
2.992754817324238,0.029981124793202345,0.08972615565365548,56.59284503894642,0.6497749931815525,4
1.3799146858695885,0.012252591681003344,0.016907531200580063,35.15480469254976,0.6882684467053353,4
12.605145689273783,0.09347020647011715,1.1782055701623277,42.194440344116146,0.7527030052785045,1
9.810701768263483,0.10810097262661265,1.0605464032989111,45.17374614310172,0.7136668312458119,2
10.922819846441973,0.12679708074893678,1.384981670075392,34.94121751032221,0.7779308701681491,1
8.585700750238953,0.10583813327023252,0.9086945402221256,32.12908978649728,0.7108029946849846,2
9.239290060219197,0.08913902620507504,0.8235813187941683,84.93216758168437,0.6599614935300195,3
9.481754836361201,0.13329048681894293,1.263827718036451,44.00731837859675,0.6737527642203124,2
13.284567157071805,0.12093191329951612,1.606528123660607,39.45554195098564,0.6859675868631988,1
7.281838045063118,0.09388989906796277,0.6836910390802275,90.44545124373548,0.6345484033596867,3
11.394507460000776,0.18126591992134236,2.065435876787639,32.9360591126608,0.728832945654581,0
8.688863275529695,0.10690058241166499,0.9288445446494515,38.27275103091743,0.6459977696219484,2
7.033482450300556,0.11367113120971424,0.7995039064693369,97.73018673986076,0.6318676852035917,3
3.871726270116673,0.021448061275457356,0.08304102228326035,57.47440718165226,0.7094188409100505,4
10.102705589764476,0.13143708114556546,1.3278701343916313,80.59787033590304,0.5975524822568409,3
8.749905195129703,0.12635976385484687,1.1056359542088872,29.73896858632353,0.7324392746652792,2
7.8614501544377235,0.11025729714423081,0.8667822456623993,75.84980846457685,0.6980288973241794,3
10.97120193847974,0.09569584827632807,1.0498984761137138,41.70540605372349,0.706530362779803,2
6.982610960950378,0.095329019661698,0.6656454575864266,65.18413360656693,0.7377684293562402,3
5.68080827423093,0.0723336362713172,0.4109135194353093,73.27199345901211,0.6928471707723067,4
11.68625459707649,0.11714977734112494,1.3690421239992085,43.7219399776687,0.6624564855117705,1
1.2054539126244257,0.030430124393681014,0.036682112512010756,49.032500710795894,0.6459087403347727,4
10.727138288228792,0.11722326824715883,1.2574702090854117,37.09889826427743,0.7478862343969603,1
11.060093575840797,0.10582794495998596,1.1704669741963742,40.77509071160458,0.7212995935374211,1
6.436247789305774,0.11032867900199936,0.7101027163236447,86.35031065500708,0.6425056457215097,3
8.075408533913219,0.10169537487889857,0.8212316981565615,69.55008713362598,0.7292742188798975,3
8.10161935120941,0.12397787935871027,1.0044215865344328,41.58986316209273,0.6145605404638469,2
3.0861569987188324,0.01974895389491635,0.06094837228017164,39.09280434879439,0.6522080331233118,4
5.602511613573606,0.06872797429639384,0.3850492741729348,68.15063987441476,0.7136177273152324,4
12.3035675118591,0.16872208159020316,2.075883521586464,32.30564049456418,0.7417685256901702,0
9.833173675084513,0.1161319624347559,1.1419457558493453,43.79252908890402,0.7323963024824861,2
3.5446683924305393,0.021167435214857495,0.0750315385549265,41.31515369965386,0.6347779320583266,4
12.903767562804964,0.19430780524074445,2.507302754465343,46.9924697567404,0.6208192276060915,0
9.9520668970425,0.11629532284964553,1.1573788328128274,34.37729254211773,0.7664718485730856,1
11.500472140359005,0.19401451064438482,2.231258474491133,47.49939662108567,0.6399419257318238,0
6.857407703520297,0.10821526093467472,0.7420761639718976,77.90621583185802,0.5747168906780774,3
10.201652625895594,0.12272086143955285,1.2519555983569837,78.96352267491682,0.6039391862670489,3
9.978566479393228,0.11125887343003577,1.1102040649440088,37.92970354826777,0.7884998097832354,2
9.46777793278568,0.09874855973812854,0.9349294347830218,51.34902894253867,0.6269679029123585,2
2.981340153212889,0.04304321908348359,0.1283264773771289,39.37940687223592,0.6410268347011578,4
10.026336972528322,0.17980158909455257,1.8027513204580574,42.76701837500623,0.6847668028429322,0
11.309050140097131,0.11100478487714163,1.2553586779662904,45.92305936896169,0.6299893520109238,2
1.5861502100746392,0.021161378625698554,0.033565125152620744,31.958400773247387,0.6325004266822323,4
4.74643082133313,0.038595761151045044,0.18319211030013202,37.104691626302646,0.6904605356331069,4
10.067128127050527,0.13041772023316361,1.312931899625088,37.881673860029736,0.7073742584033494,2
7.7927710061388495,0.12034462532325532,0.9378181069637073,32.914381798131046,0.725894375189438,2
11.567100845575279,0.15951512662270298,1.8451275560395153,47.28806615035396,0.6546723665003185,0
8.583455881226133,0.11400385392300232,0.9785470504378392,89.82869645626648,0.6101684806493621,3
1.8906244872811009,0.04190036378093979,0.0792178537902309,48.80858170750983,0.6231466218439885,4
11.528530722661111,0.08496457310660245,0.9795166913972524,42.82367127713103,0.7482747087551151,2
12.169628971502654,0.18608060521717795,2.2645319242857167,31.01684873599661,0.6982083631261969,0
12.773782888669771,0.12290425870280769,1.5699523167625677,36.11435563570187,0.7508066491848123,0
10.938242449410433,0.16051311595789844,1.755731378657824,41.988357863569114,0.773555565616051,0
12.41727379102463,0.16630577200703084,2.0650643040390215,42.11514091382905,0.7000407376178347,0
10.673763210464264,0.08097403718565253,0.8642976991149833,32.80287532193094,0.7948141957569921,2
2.5838664005989673,0.03567187781684228,0.0921713665372104,56.15600645630676,0.7636548600510374,4
10.01639620874232,0.10378471227716682,1.0395487985784262,88.03929041587774,0.736602630662767,3
7.044623196310888,0.10085488078417991,0.710484632633403,71.75706798164394,0.7062522365799099,3
8.007340209177116,0.10999877531873863,0.8807976165699751,32.85242203465824,0.689746891757861,2
7.73333199263022,0.1138643452596851,0.8805507840166159,67.14689868211629,0.6411330569896323,3
2.757551594498489,0.028626077359676007,0.07893788526741168,61.06789779344765,0.7888643425938768,4
12.16599037006317,0.0916779314942776,1.1153528317066923,34.37625695938865,0.6406859641908872,1
11.421506893221544,0.17926954275474183,2.047528318317958,35.16140477612159,0.7740188118503656,0
10.86032136906163,0.1915807446801131,2.0806284553501726,36.4686534429557,0.734925989565565,0
3.5967418653711847,0.03770366672439667,0.13561035658563994,32.124182298408186,0.6746035457969587,4
8.974451992593693,0.11098992477683815,0.9960737515713193,86.60542238537785,0.7182096102385768,3
4.302168991241752,0.023391374838740323,0.10063364749374115,57.38350603669775,0.6230835033339032,4
4.570433563483151,0.03430737823376572,0.15679959295471416,35.15404100306876,0.698479162655533,4
5.093463819711962,0.05052822298792437,0.25736367566333107,68.58871601214682,0.7518951947407828,4
2.133562797044556,0.02918521908534534,0.06226849766408756,57.48272731657058,0.732138896475854,4
10.502314148699844,0.19344669603327527,2.031637972769505,41.110685381385345,0.7305953950321553,0
9.040897438416378,0.12324088890121924,1.1142082367751904,62.30150696331234,0.6083725112531382,3
9.126102901691027,0.10514579063779954,0.9595713050402196,51.93734534469978,0.6803294133588841,2
10.914947220720494,0.08788341848627164,0.9592428743541467,47.037089392948936,0.7141652407183873,2
9.209312613089793,0.09813560854193656,0.9037614975384988,47.63132765549412,0.5668802089047262,2
12.418317064417387,0.08733140013314081,1.0845090165328453,39.42664087102301,0.5969440777825595,1
7.431610151611333,0.09884558725168442,0.7345818696616018,68.58199244316961,0.66411546414882,3
9.390883069671158,0.12044890322768248,1.1311215660813032,71.16023733884668,0.6367696842099548,3
12.190639540658552,0.16754324611183258,2.042459320821193,31.249275118620098,0.696511994111072,0
2.663816942730881,0.02399192988469046,0.0639101093156498,54.45300511122081,0.6031894883048534,4
10.56152612276468,0.1190329810329744,1.257169938650312,50.46931365947131,0.6842284638461984,0
3.992139319931213,0.03262598529304055,0.13024747873984466,39.61978459053738,0.6373889469580761,4
9.428034355480623,0.12391703991473142,1.1682941095455515,29.873926460734694,0.7392774572265856,1
11.240716540361474,0.08734708073204492,0.9818437751369863,44.2199479392448,0.6778749459198933,1
9.96371696621888,0.10105404903147104,1.0068739428399827,39.5043446582354,0.6487143904877413,2
4.165339418522946,0.022324200257550084,0.09298787131977349,65.90014708323515,0.6198107668761731,4
4.577067425028435,0.02307673899407103,0.10562379032564596,59.80338834453511,0.7341612061163901,4
10.347810803148864,0.15688667918104465,1.6234336736997639,43.042172700106505,0.7653635465254924,0
9.229513123368864,0.1256924646071775,1.1600802516005213,77.04170568265233,0.6656348780979106,3
10.740895800981255,0.09910804569579042,1.0645091918573737,42.99540202155037,0.6994594555121494,2
11.465134527711255,0.12820013602593558,1.4698318060082336,40.24843750854837,0.60677061157366,1
1.7276977422934217,0.045424680914607336,0.07848011866056617,49.04428185870639,0.637483035469574,4
11.49127063981136,0.11438799115983606,1.3144633643620254,38.266100136552936,0.7635284246337409,1
12.211699382045573,0.11503214833587347,1.4047380147485609,33.70756227687124,0.7626288825051281,1
10.657687117255959,0.17917213615833655,1.909560567305934,41.671566933968606,0.6246272231809965,0
12.180499610016094,0.12321746808952903,1.500850322011679,49.22309117435686,0.6290592702683722,1
6.901511045396416,0.11758073942300423,0.8114847718537415,53.935909435351974,0.6075718920413118,2
9.347351750261959,0.10683516568122385,0.9986258729199141,34.88105382010324,0.7081480054437209,2
7.83555094121544,0.11367395297922103,0.8906980492580151,37.37988639348237,0.6170318464044214,2
10.978569838081286,0.12540333600561185,1.3767492822659833,36.211051593736144,0.650052717410359,0
10.208749484889108,0.12958987396420216,1.3229505590788933,35.666905783144,0.7642097335902581,1
8.935572400161277,0.13089130007722752,1.1695886883913018,100.69654137014253,0.6077856134475387,3
12.021325320466353,0.10366986106564727,1.2462491257976944,39.25351987119763,0.8060148754297741,1
4.123668419168726,0.041678997127891915,0.1718703641989119,54.342074828127345,0.7266602996829994,4
11.340929699932998,0.11692238766066368,1.3260085788079001,38.04742288324131,0.7377285099193513,0
10.555143059804557,0.16709402826954559,1.7637013728240805,28.39207930546544,0.7625818423919928,0
10.631639254194148,0.11987248603986618,1.2744410280792813,87.03980872670859,0.5926403462379115,3
9.166671737497781,0.08893960532275674,0.8152801664563214,85.93659002469397,0.5889493809022925,3
1.8258070644682158,0.02301507441483319,0.042021085455864124,42.86519900539495,0.6393818077498398,4
9.941863596235148,0.17535152152220465,1.7433209083660506,47.254157868887354,0.7066739388789303,0
9.061362370762161,0.09303120308792004,0.8429894429676112,67.85726573784004,0.6404771326686667,3
2.5577947210172813,0.042865256047530824,0.10964052563342844,41.45060911968558,0.6992205709960412,4
9.435733650781454,0.1162559929512562,1.0969605847951798,37.74715384869021,0.608912920371679,2
8.722075113762765,0.10245429062955186,0.8936140185982319,50.79759494666473,0.6900396087259415,2
11.428315847951087,0.0856173627752129,0.978462263863743,37.95773300460084,0.7010178906086596,1
11.907733046342987,0.16768618932553214,1.9967623780469657,38.92061035008654,0.7183336172226169,0
10.2618601016249,0.10126724518887939,1.0391903030052274,37.51731435545369,0.7561066486915198,2
4.671798008254801,0.01905263090612465,0.089010043119247,47.91794669934537,0.6047870218262731,4
10.786777982773428,0.10384952871746946,1.1202018098909963,47.36346459997237,0.7371594449429968,1
12.390933509416977,0.11094204240117318,1.3746754707918558,37.53504563936669,0.6840245083193661,1
12.954351443865978,0.17067661417027616,2.2110048432108735,33.0468445917382,0.6306434248975376,0
7.7254794047607716,0.09298929456532877,0.7183868800276801,90.39787462108988,0.7042913108054675,3
9.715368087764157,0.12006372999319354,1.1664633308738046,90.28165837539154,0.6159186571421669,3
9.39040959731628,0.1078612288728394,1.012861118785839,33.39416718006324,0.6835910106789701,2
8.654530859833436,0.10332168412498803,0.8942007037496713,79.65523030627335,0.6506741762963077,3
10.242097289961018,0.12203724446804054,1.2499173308404283,38.715216430159686,0.7530369032720895,1
11.80280002532751,0.1188113091128102,1.4023061222058708,43.441042370734316,0.6974338143044563,2
11.890656209458745,0.18861494801150047,2.2427555027696866,43.02998998591538,0.6756319945501987,0
12.488677609971619,0.08888651121516017,1.110074982441262,41.13826525442989,0.6990002691003621,1
8.304207138805245,0.09843431879567603,0.8174189728464841,67.50113555844389,0.7418631049493102,3
10.252653670690858,0.09274801355739873,0.9509132616485495,39.2027347528158,0.6105533724402612,2
9.80279270072367,0.11368157468899932,1.1143969105680953,71.94663258799984,0.6111187371298707,3
10.577397795919453,0.1581427785977172,1.6727390777800717,35.22492611351961,0.6721033059699055,0
8.002493928147592,0.08207436145265638,0.6567995791814735,71.39671867799787,0.6892713558601498,3
8.967618014044637,0.0956190216767001,0.8574748612733004,34.803675229356585,0.637949713943854,2
4.858538498214317,0.04721162720361927,0.22937950833212659,59.300304838502754,0.6712023400420297,4
8.324966285887607,0.09640687396970736,0.8025839755256293,47.95017299075982,0.6258984314577045,2
13.458650647629424,0.11648266355524693,1.5676994752954245,44.14559402820036,0.7253538052868774,1
12.453626355194041,0.14921343566943032,1.8582483750018681,37.884442615357955,0.6776059858558403,0
4.319628956340582,0.052999823427721006,0.2289395719593216,37.61375564837711,0.7209209623122318,4
10.871072493451827,0.18034381251349296,1.9605306595796668,45.119690665447536,0.7480246262111481,0
6.79534989448225,0.13049932994883842,0.8867886079978435,34.51712191520762,0.6593148799049988,2
10.698331218543977,0.09472121523019748,1.013358933955645,86.79657129430562,0.6424683162399464,3
11.71559396270343,0.18905658681494722,2.2149102070985127,31.331721540013564,0.7297569505488617,0
8.82623268727662,0.08310215369496288,0.7334789453255669,101.43254423216594,0.7003010351889436,3
11.159627949658464,0.18311449440450064,2.0434896297440437,42.73356915034815,0.5992658897531933,0
10.326659582072356,0.1895262799007014,1.9571733743911055,34.8740086969706,0.7777811659936479,0
6.492601366982318,0.10242469156100609,0.6650026924417304,42.402834441495635,0.7689962592986337,2
4.54761561878618,0.025678109319059634,0.11677417100025456,66.3495495589214,0.6352510241282429,4
3.1385984208176363,0.025931826669051656,0.08138959023240219,41.58799663033827,0.6778001315452477,4
10.494620023460513,0.13156861293344452,1.3807625997502526,78.76005390975547,0.6310373392749064,3
2.2885406848237224,0.03699753768119896,0.08467037022172255,56.370469744916626,0.7219828132237711,4
3.0515169984778114,0.017306603185497645,0.0528113938064563,66.47499350267712,0.6096892463942364,4
4.944785807215648,0.07637490510174941,0.3776575467745724,63.43224926520314,0.73851691359114,4
6.749346533449499,0.12003142015157997,0.8101336495050866,81.62654902337312,0.6004587991054855,3
11.040210415651401,0.13271339976508126,1.4651838583829584,45.70449540230692,0.7085955215552262,1
5.723062842664603,0.05130396683519014,0.29361582627577376,62.15699696020396,0.6327321923402259,4
11.826097210118723,0.12591860176211217,1.4891256250009652,40.36204264118718,0.6557533952209479,1
8.908765965858432,0.10588181964284571,0.9432763512373447,66.30252964504511,0.6898347655621797,3
4.6324002313096315,0.047384485962689044,0.2195039037340487,28.68600779040986,0.5823682681716725,4
5.483611690389056,0.03855376134150265,0.2114138564007336,56.93178431921054,0.7185691158751172,4
9.340704069501378,0.09244760084553177,0.8635256814334976,69.7906342992048,0.6539862893888452,3
9.694107248539517,0.11314829516130454,1.096871708283091,32.89071343290129,0.6144476692632722,2
10.246957952002589,0.11669282449078203,1.1957464658574612,43.1537402533038,0.739288078075701,2
7.953148263356076,0.12702343123503101,1.0102361815324168,46.88516750207398,0.6350052084076141,2
13.222203213466656,0.14849344534741266,1.9634105102512949,42.22389245899189,0.6496979716732463,0
2.0700069079120307,0.022462447790756308,0.04649742209547889,55.989279295031345,0.6386500254749243,4
11.61203002905365,0.1960305239695664,2.2763123309457263,41.20041667936144,0.7409730848972038,0
11.240345346961677,0.10381384306055312,1.166903447795898,46.33903482205811,0.7761861576910072,1
10.916907559999736,0.09683444098286337,1.0571326408341692,34.24154980133764,0.6651725933636142,1
11.140898624447864,0.15833174624454338,1.7639579339422615,45.63503434450714,0.7298439088797715,0
2.280807239418813,0.01816896621442776,0.04143990967462266,64.70926611030005,0.7264668712450939,4
4.031624241364912,0.013230616577785478,0.05334087452320441,47.64131226064121,0.602228374395358,4
12.885235390634028,0.16337756789486893,2.105158419874679,40.700666044253914,0.5754537833108218,0
8.754622899239598,0.07604094768400273,0.6657098218742505,30.837001472832867,0.7494599332744659,2
10.13220962928869,0.10300755208801236,1.0436941111556153,89.97498637013871,0.6245614307359832,3
12.95533754468047,0.09495262187009042,1.2301432670794303,40.88548321736077,0.641724387626205,1
9.974591862903436,0.10966449374795222,1.093858566987749,48.335830650070264,0.7471911583732855,2
10.641383543396177,0.0964365833541273,1.026218671085964,49.42534740873719,0.6243433121586364,1
7.855362316313048,0.10331648980710016,0.8115884606844358,65.07262016545124,0.6153290074962705,3
4.663387607270592,0.012875606610570097,0.060043944303823905,35.251128961618555,0.6270481306451181,4
12.456602982054124,0.08985243452297001,1.119256103823651,40.514140473821215,0.6566878843617825,1
9.87172643188207,0.16702148909690012,1.6487904486101719,32.40498521654428,0.6822572061259251,0
11.558645153093432,0.09122356031359896,1.0544207632667069,36.0955435339371,0.7172027745615458,1
9.184332004046224,0.09796299152181505,0.8997246382459149,80.33160026477034,0.6118415310443073,3
9.899913392487834,0.16314100420378866,1.6150818123810013,46.451791962315255,0.7130523752642588,0
11.66343101248488,0.14515243271475653,1.6929753852629161,33.853279688057654,0.6255054010924216,1
4.243057184033651,0.012806430330988338,0.05433841621772651,63.03476551872753,0.6794709843425353,4
12.947778833877344,0.09469929168436073,1.2261454844539426,38.511991713849255,0.7144244891868092,1
2.1371014877126866,0.014173474012276786,0.03029015239769382,37.43689509837613,0.736862172740682,4
10.006281752522721,0.11524974117369634,1.1532213820893242,87.22879588455434,0.7181227098533546,3
11.245066696595973,0.15565945600979728,1.7504009647860173,41.769127800744066,0.6175955054493706,0
10.467313597958174,0.16708827383934327,1.748965360817917,40.106487978150184,0.6102473797944191,0
7.3261582227628805,0.1191820097630029,0.8731462608306296,75.50858210309201,0.7165421162224674,3
9.022599434641691,0.10372788494753314,0.9358951560841909,79.7521556091262,0.6766301287444548,3
9.983555834873378,0.08768996658651164,0.8754576775746199,43.65259319188314,0.6283933976369068,2
11.664415857876309,0.15474246717034326,1.804980487948656,37.91621201118248,0.7200868935550468,0
9.083928237788992,0.09662256194979704,0.8777124189032776,36.40714175005867,0.6878395121758991,2
10.561421572496046,0.18884896332300927,1.9945135151831448,40.133973578126756,0.6973971693829927,0
13.222035191710269,0.08134525475990073,1.0755498211140448,49.35655820443987,0.7549683359190643,1
9.173482647768248,0.10232463492391308,0.9386732629137375,69.34021045036373,0.7282913794111077,3
11.772110440306388,0.126857305521292,1.493378210756339,31.65502881876202,0.6780573570903414,1
10.366479863718165,0.17949477633949987,1.860728984566021,28.25977775328824,0.6508956592521501,0
2.934551916523953,0.04264073717648061,0.12513145700323536,42.664452339770314,0.6485800918431565,4
3.1520845338487318,0.012406643830394961,0.03910679013475775,32.716784416321126,0.6374975796762314,4
10.92931924890017,0.18153699673393023,1.9840757927916708,48.7247350399335,0.7765223360669313,0
9.514994541929887,0.11782150743937489,1.1210710002076036,95.20987565253265,0.7078629869654031,3
10.417163234695384,0.12137835991304223,1.2644181883737675,72.57938356019913,0.7726892137254334,3
9.734411389834957,0.12224144626934202,1.189948526874181,80.4471653745513,0.7462333316706169,3
5.103428535390392,0.05254640938185607,0.26816684507166966,72.59101732524587,0.6509450703911057,4
9.102005381205299,0.11685013126547168,1.0635705235728687,33.59787935457037,0.6860392817466799,2
6.918595211391814,0.08756517936066843,0.605828030609386,38.26424839521177,0.7194535580427851,2
11.8484655640164,0.16888207315738799,2.00099342818501,46.76209216609727,0.6266162640275517,0
12.43621606332608,0.12157588616960313,1.5119439884955215,43.64329466362922,0.6168225439532065,0
10.986747308819872,0.16805689906525773,1.8463986835338333,42.09308099220914,0.6038746502403096,0
7.328369615449708,0.12638860120268275,0.9262223847929307,33.34245437590777,0.7238118236978905,2
7.364024310650232,0.07654460903709982,0.5636763617984205,31.89824781538497,0.6558354378424329,2
11.198291110386014,0.17468831145891173,1.9562105652986745,30.383382673821643,0.6138498337254061,0
12.270162696980474,0.18544817281628811,2.2754792523136067,36.71833712752319,0.61020773709402,0
8.39082833214686,0.10138804175522319,0.8507296533006156,77.35989235477453,0.7805199451725012,3
9.429102076122946,0.09321796481448982,0.8789617055642618,89.15787987695245,0.7579429376725899,3
8.994729297793933,0.12731085921180763,1.1451267152797646,47.21399039020721,0.7337833774713077,2
11.868192958581446,0.10011818270342032,1.1882219109867038,40.228935031829884,0.641189312889921,1
9.99546906890066,0.10064640543628785,1.0060080324344503,82.4922330321193,0.6379877661042813,3
10.908420279209702,0.08010626401539181,0.8738327948772264,37.23235822439059,0.7181319108872546,1
8.525585223023834,0.09586125769735954,0.8172733220850882,72.46927468176206,0.7492079060666529,3
13.285080156743502,0.07717645014126996,1.0252953263396898,41.24929969376046,0.6779989422951312,1
9.383576366631553,0.11769170281769484,1.1043690811087454,40.944402846098,0.604836973029822,1
8.534885019647941,0.10799256458203313,0.9217041216845574,69.97673128563264,0.7555902297763833,3
9.195548152860287,0.11647080526463097,1.0710128982133273,68.39988622499625,0.6522512239893173,3
11.789944121057307,0.10796784555293698,1.2729348659400725,46.891370855028974,0.7398245920690725,1
8.150430095027486,0.11219949130306318,0.9144741105632609,87.34653581510808,0.6652076303067386,3
10.93332957294575,0.12111377739572247,1.3241768440918211,32.72103607590583,0.7012296823800741,2
2.187864274444034,0.044595176426610594,0.09756819331631007,32.8973803270447,0.7321671380129073,4
9.28492217187944,0.1123059041351902,1.0427515793377944,42.848862384221114,0.5814820514717911,2
10.634925674260874,0.13755064056151303,1.462840838818664,98.31943497607935,0.7505914707562297,3
3.5953701716777995,0.028965223866958902,0.10414070190723393,59.648362669137555,0.6766591083519777,4
7.246555251950396,0.11179772555278912,0.8101483952606731,93.98301415354626,0.616654073801127,3
9.171593256043256,0.11958254229247181,1.0967624384301418,49.36898938331883,0.7475261712725668,2
2.4234938995390247,0.015616943997779862,0.037847568508062084,61.54655775762719,0.6504728672079483,4
2.2508271161461257,0.019465956735438116,0.04381450326185143,60.39342156824576,0.7820280600282644,4
8.57189252339293,0.0960286899010422,0.8231476089939619,88.48845668213805,0.6516994620665942,3
10.77564785633669,0.13738339590247373,1.4803950955527458,36.66448639200348,0.7151304825715525,0
13.108453282155484,0.10987711492342633,1.4403190277517632,45.366906852051216,0.6753129225659338,1
11.17229240314381,0.10725543887330886,1.198289124920124,39.82798266041793,0.6255076940772959,1
8.97926932894772,0.11362487278987528,1.0202683352477133,90.73283270794104,0.7037208003048603,3
8.918224340183729,0.09789319028325807,0.8730334323223894,48.76721581746823,0.6885016435084901,2
2.5924143345280357,0.04573979858892231,0.11857650952034743,47.956243173412254,0.7420710476931723,4
7.80892635947597,0.10447729257532426,0.8158554839581327,41.39277205818189,0.6922814544076638,2
10.944103811504998,0.17125177750962836,1.8741972309701298,44.569975481862144,0.76816657177637,0
7.040401962409362,0.12020115793402608,0.8462644682025949,36.31147311479792,0.7054585293130825,2
10.671416423956138,0.1190148043330294,1.270056537653416,40.55340472213545,0.6009888373609813,0
9.801857633878484,0.11029862463633852,1.081131415897992,39.82644247798685,0.6834034520052773,1
10.645015941472678,0.11104009350652613,1.1820235655195874,38.450937761210376,0.7836905999952978,1
12.276759489112763,0.11405016520597958,1.400166447927388,41.90902650116881,0.5792250221587464,0
9.955226108984728,0.18894794644004667,1.8810195296390007,33.71001550578489,0.6032647217838273,0
8.234456386992525,0.11393910491954694,0.9382265902329747,67.15755697929092,0.6369235520049961,3
8.062097268095346,0.11018323947508524,0.88830799396198,42.08519652607945,0.6523486591379263,2
10.283173165061653,0.10931826861493457,1.1241386862720968,34.675321354670146,0.6667690220028414,2
13.146042533182102,0.097701264296988,1.2843849759938701,49.20796136361635,0.6072696405256068,1
3.7283618088108916,0.04505922508959234,0.16799709395864962,63.8546743006476,0.6184589098371914,4
8.684401416769575,0.11694713416021874,1.015615857588145,30.56836762590073,0.6073098333531879,2
8.274249643247538,0.12691958646167445,1.050164343001635,50.68657870063061,0.7145475814141772,2
4.039566244224433,0.013932273574062343,0.056280342035082344,32.30652457885056,0.7328517186359648,4
10.839374674132188,0.11584402441535012,1.255676784397297,36.99956019855085,0.5951871791276319,1
3.4716158066336877,0.027612684549059754,0.09586063214410565,62.0747979217815,0.75562467906789,4
11.988510175058762,0.11690450070860915,1.401510796255325,48.291165705648616,0.7864498432009045,0
10.222626712821665,0.12866653234044195,1.3153099305495346,35.519656320918436,0.6529019216537846,1
9.163142014158737,0.10652962572652115,0.9761460892472914,43.53608356132341,0.62099213968775,2
2.3591474694535206,0.045259664272682826,0.1067742224372156,58.207714466041026,0.6956375519386259,4
12.281009643885216,0.08316374276047302,1.0213347268629585,37.270662149372264,0.7262684994456562,1
13.220472123992492,0.19219565847914152,2.5409173452758718,48.76910666768741,0.6960086590999018,0
2.028887606893994,0.015711013355087552,0.031875880287883164,43.99699038076699,0.6444899513605279,4
12.3328515744977,0.1862711958219838,2.2972550106767224,38.750138167162234,0.6255637333790947,0
9.69851484620705,0.11794203961881884,1.1438626222350547,40.77344644636591,0.7392120597781092,2
2.233372204129889,0.02072175313471613,0.0462793874719164,33.04390831850409,0.7098661790892682,4
3.6756672105062678,0.0478203570799154,0.1757717185133463,56.15176240798529,0.7701043105648632,4
11.504126808889067,0.14015815890645014,1.612397233360227,41.021448550592645,0.7126029743843093,1
11.039506229212462,0.1620391466820097,1.788832169172318,51.782151963309374,0.600493171248401,0
8.756799738903087,0.12664202363730656,1.1089788395213247,39.42587001886251,0.6329216789831735,2
1.0992092203201982,0.04581277668870211,0.0503578265446916,49.60250424393524,0.776585063442438,4
9.482115256086933,0.10659770065325123,1.0107716836279816,45.12786675517473,0.751279587464461,2
12.541892609736497,0.15046926247508774,1.887169331028804,41.830733225673285,0.6961346681659536,0
7.4889903402930695,0.09323905967747398,0.6982664172626116,40.75242739142786,0.7235092809825093,2
8.86495664834677,0.09628932387605753,0.8536006818598715,31.1352320695955,0.7629066765230365,2
2.050362421398492,0.04349677991842623,0.0891841629965817,46.05637497088054,0.6845148607180997,4
10.451777871908037,0.12960100026976315,1.354560866796658,49.06465701321034,0.7308907490513803,0
7.768773532693219,0.11102271783365802,0.8625103518337899,93.76257385501947,0.7023891680644225,3
7.3893634497889895,0.0984348724557985,0.7273710487095184,91.2095684151507,0.6776715094127189,3
12.224900394040379,0.09295011553829914,1.136305904070252,47.19788979206767,0.6705309051632041,2
2.9538157303231616,0.020459865034624998,0.06043467117956416,36.67436938815687,0.6586904981599907,4
10.343126319531299,0.10894089422796058,1.1267894303624943,38.14711861020501,0.7602059775858581,2
11.55611428020213,0.18357712330647957,2.121438216160436,44.55033684029718,0.6941040516302156,0
11.646294709159505,0.10276134831929147,1.1967889472370612,30.008076905845904,0.7899646975404635,1
1.0770270606368515,0.03608569985005469,0.03886527524052808,47.72779534751633,0.6882135920547309,4
11.179715400962108,0.09983454109678508,1.1161217566477126,32.88594082417107,0.5847363110461188,2
10.124574501570537,0.12397876596789963,1.2552322526547777,35.40893955746764,0.6346286613496658,1
10.393286733981471,0.18047674315404463,1.8757465404151132,44.78791275314656,0.6891567680059544,0
12.155674357928753,0.12174028215755328,1.4798352261495817,37.14441849719204,0.7179509026569892,1
10.995037679691265,0.09251564624129516,1.0172130163840278,46.545816522907344,0.7085879439846634,1
12.132504265555529,0.09068263765984051,1.1002074882198414,30.224549807198557,0.6079072526076545,1
8.62830024338948,0.088758845544479,0.7658379686143975,71.8043441130014,0.653630830741877,3
3.656599158880028,0.02452610729603019,0.08968214330926531,49.4420464226594,0.7203519191405887,4
3.831475391059297,0.031123233982597438,0.11924790509450252,41.51531862220734,0.6958600624951499,4
10.365935368313586,0.1189102223738389,1.2326156797590102,43.022712209747866,0.6961223423990389,1
7.914597914782915,0.1284238975411358,1.016423511687368,73.85114510259399,0.704735130374491,3
9.102445470803476,0.10378720490597212,0.9447173732237182,30.363063063845587,0.71835134723225,2
11.375037399832651,0.10771380215286365,1.2252485279669987,43.432210547001716,0.637037790568638,1
10.876761947946179,0.196053325115826,2.132425346388137,39.709016269183046,0.6475726298521363,0
5.244743685449543,0.062490510880887626,0.32774671234305136,64.54243586053845,0.7844033896598009,4
9.475241180022968,0.06981400735396172,0.6615045574226843,81.32928757137819,0.7385875339670945,3
9.885738812431036,0.10381108807403468,1.0262493025341812,36.374145362849866,0.7499651249925003,2
3.5060844109223526,0.017604740797060037,0.06172370726690095,31.465059226612688,0.7613118815081501,4
12.56619810396454,0.16478731990478543,2.070750106944913,38.787757302025405,0.7578756363449186,0
9.52370955349843,0.08718213840272318,0.8302973644004371,40.01320532539049,0.628689040284919,2
12.640818189827911,0.12114724708957807,1.531400324657515,41.904196701969774,0.7262521837829394,1
2.811909573882781,0.02263790874149276,0.06365575232288818,42.300102464725114,0.7159008087477099,4
7.4200739801404785,0.11074254999959465,0.8217179137463982,32.821086059203864,0.7556378145638769,2
1.7596394240623832,0.02461650977873872,0.043316181089485824,46.121672872043064,0.6246640855771469,4
12.321008906582167,0.10767361240410057,1.3266475374347992,44.0103924310426,0.7089798063231473,1
11.252499139634592,0.09023165784827344,1.0153316523054998,86.36435539955683,0.6198490302161035,3
10.24945452694283,0.16804473435965062,1.7223668633114264,39.21784645745197,0.6835784849601605,0
10.579942242706505,0.08051435500964473,0.8518372257108083,96.44571139501146,0.7164984631664159,3
12.033900053492658,0.09098984749025284,1.0949627305802425,30.783326754110632,0.659598387396457,1
10.572757582982343,0.09307096501887452,0.98401675115879,42.38176696322322,0.7170103410967373,2
2.437676633134419,0.03924809398705286,0.09567416160730224,35.89263121717346,0.7134484195645773,4
11.137281580824647,0.15714645326030968,1.7501842993879684,43.86030650444613,0.7106696995034367,0
9.581378869448042,0.07427972718461863,0.7117022084750702,47.45795351048612,0.6418519654999459,2
12.430188413670319,0.09063373779815964,1.1265944374663175,34.23883360929454,0.6597367147060108,1
9.480202722013589,0.09064648697631066,0.8593470725737896,94.14983542581473,0.6297379774400678,3
13.80963775163198,0.19065614397901623,2.632892283473205,35.94185515020514,0.7481765386156561,0
10.178285731493407,0.09497532267309985,0.9666859716075945,32.66255980291113,0.6196641713719104,2
1.2115591478178487,0.026648200979183852,0.03228587166921875,56.83891580600587,0.7590459504760326,4
12.409539399062638,0.18469465589606063,2.291975609138481,43.86962186691377,0.6696205866149094,0
6.384753835381099,0.1128086588480357,0.7202555172441939,91.1839811425822,0.631432781591146,3
10.350474666552604,0.19058530016458822,1.972648321170894,33.49261076267585,0.604132090544116,0
2.7391903473744423,0.01880753772033018,0.05151742578140915,58.02273854571162,0.68531316358987,4
10.167682947706199,0.10836754469876393,1.1018468363184113,40.432852772995055,0.6407648697744068,1
3.0739034682077846,0.042169764068065316,0.12962578402233,44.799112363407616,0.7580046600366984,4
8.81506566104904,0.10886724234929408,0.9596718896463661,51.12632593629464,0.7400829900123609,2
5.729313837189922,0.07419561141165228,0.4250899431195459,65.11292557760831,0.7782391864750421,4
9.34485664729412,0.11578827807863952,1.0820248600819147,40.56005821670817,0.7449282676084269,2
12.902741659030404,0.11444114020802273,1.4766044672689944,39.52727596974233,0.7727604446986536,1
9.711997900278632,0.11341627715366522,1.101498645573816,37.67327855891802,0.7542191396421841,2
8.760071533077323,0.10101726080332266,0.8849184307126344,44.29087573612239,0.5967022715450007,2
4.860254490009255,0.050891907979697344,0.24734762426346185,35.56707192532774,0.7144977789919711,4
10.062870181419319,0.14849095537590906,1.494245207062702,37.2652840955257,0.7895507934001496,0
11.312018786318978,0.10930503742772904,1.2364606368217699,34.47777780778297,0.6406181429389314,1
4.04409921035434,0.04163514200268138,0.1683766448960346,45.80482223408417,0.7241604812003595,4
5.38116372305537,0.08357733217083958,0.44974330794747047,68.51272728027274,0.6425011836704096,4
9.246627637402796,0.10408504903976767,0.962435691091541,33.42729783784414,0.7416617640121238,1
11.75983397389915,0.14737210048903962,1.7330714341358877,45.897916438346634,0.6982747771438645,0
8.653182094767907,0.11898301053800682,1.0295816563690618,98.50012643113993,0.7051711256920217,3
12.731935862318569,0.1439344621899223,1.832564340979408,33.94205471396807,0.6748762403086526,0
8.927044060127164,0.12108330415406417,1.0809159911291093,82.40052918797524,0.757725150933525,3
3.068020762951071,0.012261850974888187,0.03761961338316879,32.62702598903529,0.7352180215224056,4
11.775238575802636,0.104430483660757,1.2296938596918727,34.11417642694305,0.7235790618182784,1
9.937926030343174,0.19811735886087786,1.968875657686358,38.30288036207958,0.752263260052654,0
8.26650976089598,0.08398693563500963,0.6942788232145495,31.64569777790776,0.6881385324427902,2
4.799995486370143,0.040009105693281095,0.19204352674145525,41.83583890608775,0.6093529630327013,4
10.865826931477573,0.16059766323346392,1.7450264142945378,32.89893921701262,0.7098579229163281,0
9.051222353836046,0.12049350894772977,1.0906135416798353,99.94758992650198,0.780339547947367,3
11.5404289748292,0.1751663277056962,2.0214945636692434,29.965065922494457,0.7311675165358406,0
9.790253847045669,0.12295953113170356,1.2038050226930925,85.89384623634881,0.6145735773595884,3
8.17409839736869,0.08727313256738843,0.713379173052435,66.85888775634734,0.6620678502455191,3
10.469506727429765,0.1654076582154416,1.731736590454969,46.60373050818149,0.686214323712314,0
10.527735210462918,0.13326332608903443,1.4029610103309293,52.28569984324022,0.69369530441207,0
10.472340622299253,0.10521663758837649,1.1018644679584937,72.01010929898273,0.6121850533901231,3
1.182048323540399,0.04979505252818454,0.058860158361546636,37.77154189752264,0.6060308303578202,4
10.773412225544085,0.11619917269291345,1.2518615876879422,37.26018040758187,0.6320449576459592,1
10.19352555164612,0.08080656707935753,0.8237038062642372,32.85369801744427,0.7340679314758205,2
11.858617510898341,0.08728313084662741,1.0350572638638469,46.081866641423346,0.799852655442906,1
3.6157614305020984,0.023972912020652524,0.08668033066109553,60.452754938346054,0.665190517007366,4
9.083837379024859,0.1213407988611064,1.1022400842952553,43.21469764908363,0.7176068546099517,2
5.042974346414265,0.062363460333902596,0.3144973306174944,72.58246068655099,0.6381297481220218,4
10.012543550417622,0.10202583552614697,1.021538121473292,81.13638277740657,0.6425681472966601,3
1.803327839521893,0.04554965661467152,0.0821409638538997,58.29291286249407,0.7189658950371786,4
6.710261302412212,0.07133977655956238,0.4787085419703652,76.23418837629104,0.6826153456939379,4
7.721999713592119,0.09879536924452967,0.7628978130104858,64.89183009048169,0.7295430665778436,3
7.3213416596269525,0.1253617067865535,0.917815886418333,30.74459955661378,0.5977660164648351,2
3.881234016340907,0.043937768158528415,0.17053276037898085,33.853030109778146,0.6894401674575511,4
3.7544348688573974,0.020463405397319872,0.07682852275926239,48.59797082717283,0.6842455229477231,4
9.723740445804655,0.16148087557160762,1.5701981210195899,47.84310867495035,0.6701117159520777,0
9.419594354150625,0.1833435936641216,1.7270222797482462,42.33738423942343,0.7675512023648062,0
13.344174009406379,0.09069550501989672,1.2102566008564914,47.175029180044895,0.7101197351992458,1
10.125847772143734,0.07542340864485894,0.7637259543940313,71.74403874206008,0.6376367725877348,3
2.4073077010726305,0.02716843625840103,0.06540278583094969,62.772550309520376,0.7622089776988771,4
10.14713734021772,0.07838110660891043,0.7953438536388608,30.373241569925685,0.7843063409816744,2
10.388579867707614,0.10608406976759499,1.1020628314721272,71.5775396060913,0.6565251611853031,3
8.26108923978533,0.13264030770493793,1.0957534187430777,51.33116873933545,0.6811828754748461,2
6.3687082486791535,0.04351660983651863,0.2771445920203886,55.47970450806546,0.755978747671128,4
13.561214111262638,0.11650595229601053,1.5799621643227497,41.948146329171166,0.680987392223471,1
9.839879757647397,0.12006631631190105,1.1814381154527647,52.583457370759504,0.6514832241099083,2
9.913811795548549,0.08917376884508095,0.8840519614298832,37.04672748538696,0.6687200949288867,1
1.802011590212828,0.03942818690086583,0.07105004977643783,43.618055418922644,0.6109168089814332,4
11.89501244995908,0.09171425835263393,1.0909422449433441,43.8769247095168,0.7327427165864199,1
3.713021350432864,0.043867841559173754,0.16288223230661825,43.92548485590254,0.6533554795858776,4
12.69003516929778,0.17543832784545482,2.2263185504016154,41.332896081684005,0.6518910325856929,0
8.181400802971888,0.12663263668184077,1.0360323554312594,78.79992006288265,0.7271443148214016,3
4.3515734215845985,0.042962598196448404,0.18695490043388327,52.255543792350004,0.6048374151556931,4
9.389511446018648,0.17749158824925304,1.6665592994383904,39.59322928342078,0.7654455446100401,0
13.193469563591542,0.18035879356864234,2.3795582534739728,37.32958330687628,0.7423887169100667,0
11.082757143220531,0.17565999967353424,1.9467971161599777,39.33924580785513,0.6480367041408102,0
10.675553249511442,0.12753471639980726,1.3615036560874825,38.00076157756103,0.7202912492414963,0
7.662237902798152,0.10064804950648124,0.7711892997712654,48.356347011450254,0.6044474073570183,2
9.74518767236549,0.11749373428322012,1.1449984909170232,36.56956970737364,0.7713282613246518,2
8.389461592398467,0.09231541813925083,0.7744766548654496,70.16166193775028,0.7013144442803502,3
12.362052662114019,0.15926621377069392,1.9688573219288272,49.77616451223947,0.7946453492056683,0
8.846814124166062,0.10225052271394816,0.9045913685491194,84.01373911090957,0.6071535695253155,3
10.570100996784735,0.09631381351025649,1.0180467361889012,42.769348111840294,0.5895105958708694,2
2.5717531837785876,0.03910617378670605,0.10057142694136002,57.21066514178001,0.6810674589476892,4
12.360081318629385,0.18280904395744052,2.2595346490948587,32.444620868309784,0.6326118391382345,0
9.008314059071054,0.07975993656862744,0.7185025579417821,51.31199033575374,0.6768058791437457,2
13.145792328466962,0.1163866625941541,1.5299948962661039,44.12102598659343,0.7286649442691523,1
9.009721624936743,0.0872939504354675,0.7864941929645878,35.729599779497626,0.692034796399158,2
8.266691205877558,0.13164755892164293,1.0882897176127933,31.92784523063528,0.6882640325499046,2
7.035296859394144,0.11073935474952203,0.7790842346806462,41.824413253366544,0.6682659947342234,2
3.488709480924048,0.02679079004851325,0.09346528324369383,45.25905499204403,0.7482259792887235,4
9.131736982832354,0.12472727677859892,1.138976686127099,66.09652577289134,0.7185521482846612,3
12.16391808174738,0.11298016253422832,1.3742814419288578,46.63642969615764,0.6694729683427126,1
12.456138405160239,0.15790329691383764,1.9668653209898732,32.12756065105128,0.6555980851861033,0
9.599997752392811,0.09710356177922633,0.9321939748299093,48.90694424461715,0.7554561588785974,2
0.9343776288723078,0.01483150705081764,0.013858228390745901,62.52831853698946,0.7044615339942576,4
7.556498454102265,0.10512015691982955,0.7943403032596795,84.4563055061888,0.621110359169374,3
8.27346357195999,0.11138939102229198,0.9215760689257398,71.20356637242908,0.6694916143891223,3
10.208055143222548,0.1202770681226348,1.227794943860991,46.24188348732374,0.6826334783278537,2
9.84564102952722,0.09407995754741212,0.9262774900849798,35.785218524065634,0.6714120204696388,2
7.171236270876163,0.0881027520498311,0.631805651063758,38.68434645932996,0.6296075090452592,2
9.424131628459412,0.11010016419524292,1.0375984396909632,82.70625404413025,0.7265577876204489,3
9.634587706595275,0.10177196892849553,0.9805309607144793,46.61214985860103,0.7437793758082197,2
1.2990833071206775,0.016993655692193674,0.022076174436685084,39.04016110422567,0.6210671275302202,4
8.79574327211178,0.08927190183187374,0.7852127299263267,39.469714054265005,0.7517744226752402,2
10.671224478876322,0.12338808485555007,1.3167019515122147,47.95259737344317,0.7248549578108907,1
7.578935993174674,0.09673060209088916,0.7331150418280972,87.23420658357414,0.6596404806696546,3
7.021170991578437,0.11076822305127873,0.7777226344763282,97.20084488938404,0.6805960155490075,3
5.092847359300278,0.06505816642161479,0.3313313110612389,65.3246603118712,0.7875691138616933,4
12.293304047285664,0.08114810821511478,0.9975783671504457,33.572350508327624,0.7419227747470301,1
7.958095917775365,0.0905928864240104,0.7209468796304044,68.67942353370209,0.7572479629581415,3
10.910400198362996,0.18697950115324216,2.0400211864721474,43.583969039123815,0.6452854616488314,0
11.661438119427679,0.15425824493737186,1.79887297774868,32.47505953926341,0.5659775234829184,0
6.145644923468186,0.0473917164254665,0.2912526614646121,66.85300765598224,0.7545156568886403,4
11.682167600155648,0.11014248721231937,1.286702995512315,46.253027186947456,0.6744081884400632,1
10.841192797552516,0.12214093906664854,1.3241534688956509,67.35749987492427,0.7328575295826663,3
12.074936958717892,0.16588310594749006,2.0030280468322634,43.8623310413767,0.6625719824118059,0
3.7041264203490507,0.04966492234059471,0.1839651510063807,36.45357921738234,0.7818041065292493,4
10.749922056760788,0.09445380108217641,1.015370999598184,43.09508415460805,0.7731669202994732,1
7.944048557321772,0.11670765344641028,0.9271312659893649,81.66376950767128,0.6544800860776268,3
10.903672593829146,0.1804126127927082,1.967160061688962,43.38198948971359,0.6377681994607162,0
12.961101208621852,0.09366562279421327,1.2140096168043961,42.502098538732255,0.5972325718483038,1
7.985282960571224,0.09856949433984334,0.7871053035840727,66.79271240743948,0.7614634553302096,3
10.547708324558137,0.12614821473640486,1.330574574703325,45.0827070044395,0.6785201527397181,0
9.808664927636755,0.1068552942440856,1.0481077769842682,86.94255889683085,0.7146742536258534,3
10.661228639275768,0.19887591104331737,2.120261558477075,43.5598503054856,0.6524919018297409,0
2.221002039370747,0.01566920676489346,0.03480134018015028,40.12478150128672,0.786243327002685,4
10.047810002908477,0.12159364337742291,1.221749826217756,39.46847217074371,0.7456440793638748,1
7.4825132452575165,0.1174227958060585,0.8786176249140014,42.78517761952103,0.6592981077135839,2
8.270453076492991,0.1125327267971017,0.930696636545235,76.88909244877196,0.6486542139083634,3
12.968372761443721,0.092769775988454,1.2030730360139026,41.62582640959602,0.6708187787352715,1
3.714759200431476,0.01935379016366171,0.07189467007368253,44.967152373192846,0.7118029127892109,4
4.902252924207034,0.034701995421498405,0.17011795853085968,48.37319002571937,0.769989056298187,4
9.025291915107486,0.11061128327052058,0.9982991206210934,35.03174443342156,0.7034193542967512,2
11.61537352882044,0.08726256640707963,1.0135873039017285,42.124835858318534,0.6378318514658903,1
11.861353761886644,0.0878545091639454,1.0420734127704683,35.82250784117094,0.7562659626933061,1
7.634580556429907,0.11427110144178435,0.8724119292292762,80.77243258983943,0.7566069655884319,3
12.638782207068298,0.09377800076081322,1.1852397274302033,38.25546748932921,0.6716604576728661,1
1.3919876126260162,0.05088643663297489,0.07083328944377977,55.689462103096886,0.6546662503369938,4
8.54846182080684,0.10971764371733854,0.9379170883865561,31.231922939682306,0.6747988255722437,2
5.4172649489732745,0.07214449514542509,0.3908258448126839,68.60916490878793,0.6292542362433743,4
10.336612234399505,0.11642567679890345,1.203447075197788,67.47456098975893,0.6565656667034364,3
8.727608933347302,0.08275170221561891,0.7222244955067313,65.51756863411171,0.6560703431544335,3
12.139659199482812,0.1662525564600199,2.0182493764674163,48.85969475569788,0.6415973139891027,0
7.150404485779064,0.12430952391327971,0.8888633774145751,92.4696318640649,0.7817181398753061,3
9.976058809772589,0.13143492121401035,1.311202503688794,44.57010066386727,0.6891186752261989,2
9.846516788268124,0.1816263222279652,1.7883866310090553,41.07180179284122,0.7783416023668923,0
11.912563371275892,0.15079988856116214,1.7964132288661865,36.05111072115869,0.6071711575151774,0
4.0499313516448305,0.0317429194057157,0.1285566444939431,62.455406434189264,0.6508166695506686,4
11.125563600635008,0.19482262539849735,2.1675115097136715,40.555747534503375,0.7498265059266557,0
10.844659915755285,0.08617038478525901,0.9344885178059075,42.04025595110669,0.6995617672494754,1
10.768651116323937,0.15602953482680923,1.6802276243922238,48.58962965226996,0.796483466176196,0
10.15233948914677,0.11177406427688068,1.134768246620605,74.11902427327416,0.7544405226738491,3
4.229774888818771,0.014938913866240387,0.06318824273765013,38.47609344922914,0.7092560399796881,4
10.224781903328385,0.11280958134014495,1.1534533658087656,35.85242897920225,0.7718661719183568,1
9.876235865640663,0.090294966527069,0.891774386901462,48.33267091562942,0.6811448417203616,2
9.273583750547921,0.09852642371823404,0.9136930419930145,70.55397978820008,0.7503523119880486,3
4.145800226704737,0.01602790149380739,0.06644847764662788,48.86492008965067,0.7112102346330427,4
10.80379175964049,0.101745166933127,1.0992335960953636,37.52480330476256,0.6810094866104334,1
9.300748747389179,0.11660922181931029,1.0845530737699771,43.04448702318468,0.6977996943399062,2
4.4465064777340855,0.04937819602413716,0.21956046848014935,35.65254732743835,0.7576044441564324,4
4.345339855838659,0.016113835549178706,0.07002009184227605,35.97841804991731,0.768772733706069,4
9.181947242983643,0.09436391877590773,0.8664445238415784,96.16446548029928,0.7518710236861795,3
2.0548264054747896,0.04239345911317591,0.08711119920516971,27.926192567326908,0.7555473644315307,4
9.895259966367838,0.08428622401923508,0.8340340982538482,44.63111948790629,0.7507342469658551,2
9.388171553022932,0.09158503273363103,0.8598159989925489,70.88012551070844,0.7023522668038805,3
3.462206105220372,0.046343825567239094,0.16045187581816317,49.39999546817099,0.7580440977938997,4
2.831590688852865,0.010921547149970089,0.030925351217722847,29.7285083266802,0.6743618884829453,4
2.9619439840691775,0.02376378263412802,0.07038699301188309,63.22106208734334,0.802581034759964,4
10.52114018266743,0.1231696527860813,1.2958851832128353,45.15220346344008,0.6716231113095719,0
3.2112546300451696,0.018397592018456255,0.059079352550949704,61.98809832958483,0.7615343871538925,4
11.93632313482866,0.16004683185586965,1.9103707017372495,33.65341063447315,0.7209833320373744,0
12.005537975244533,0.08660943916243323,1.0397929108792232,48.91977423610938,0.6101218739610175,1
11.538613053937258,0.07998185014800618,0.9228796201958378,50.6805609733605,0.6984438623739079,1
4.757539297673772,0.036349564266324914,0.17293448045035908,40.179541188583784,0.7769231903186702,4
10.048997050430348,0.11970103552866491,1.2028753529610121,78.86055823968721,0.7095282142908896,3
12.942096986462312,0.18388849239505098,2.379902703271087,42.50225276744344,0.6319556049083334,0
10.687604374478239,0.13063612027114807,1.3961871704747875,33.349812376467014,0.6825422908914605,2
9.566704477506,0.10351244326590721,0.9902729544695403,65.71393561898783,0.6977584029687538,3
3.9845198414282255,0.02211468266839281,0.08811639187910005,34.07558992327202,0.7752894846038284,4
11.984254250093931,0.09881504500121512,1.1842246230290354,48.06862788278608,0.6810781617581932,1
10.6311407329244,0.12400797480937205,1.318346232203378,35.87718196606792,0.6639678293089564,2
7.520069667761357,0.08524678365158182,0.6410617520124752,70.3635831536402,0.7138877951515524,3
8.595394912342913,0.09845810296817972,0.8462862773316266,43.07343247991871,0.7094741711178433,2
11.308989301718535,0.10419224198637098,1.178308949945938,44.734933934500695,0.7672118553597428,2
12.12986442607482,0.10677084680931472,1.2951158964541907,34.393985031808356,0.6580978511176037,1
10.600592478162712,0.11816304749080354,1.2525983124277953,89.18156596912834,0.696640846613059,3
1.8974977264015584,0.02760333065234115,0.05237725715392778,59.35366392547357,0.584277630474504,4
3.416267355769236,0.02150935587992759,0.0734817103362197,37.428094196657135,0.6913805272618665,4
6.7884264569639,0.08426759522261436,0.5720443728739201,38.30766606776083,0.6532682228934206,2
11.730866693589247,0.11460052604127663,1.3443634940054192,36.59574956670341,0.5884144855152358,2
4.268876699080672,0.019448741350953425,0.08302427877953182,55.24746048949147,0.655342414755264,4
11.692059057211958,0.11956495697321484,1.3979605381038347,29.545260420355152,0.6115451495330512,0
11.79406343563099,0.16322376067006747,1.9250713875450265,39.121780203391026,0.6197063803957877,0
12.712000783748978,0.1872844474097686,2.3807600422569726,31.013947545779242,0.7432947153743392,0
10.095637456133671,0.09663226608195287,0.9755643249280387,64.08397273923092,0.7627583886282827,3
10.553903402606773,0.17380612607001916,1.8343330653242769,43.13373287154385,0.7598246039999581,0
7.274838354914607,0.12233064383743401,0.8899356597699631,49.41719756423026,0.6518078637754738,2
11.33841633012886,0.1030045420390829,1.1679083815333822,42.5807074316368,0.7735088101332984,1
10.813364638119724,0.13519525469080187,1.4619155863151068,48.55647222300581,0.7389276101429575,0
10.493124743031906,0.12099445612204258,1.2696099213038934,35.39499396595076,0.7168555713049017,1
12.131183203089275,0.09328343744804964,1.1316384694962087,44.80752369263494,0.7594567653831381,1
9.536991427168077,0.1037279983021952,0.9892530305653405,72.66600842983277,0.6437925691516534,3
10.55340210661749,0.12182646371102944,1.2856836587697373,66.01700667696694,0.7205545671858534,3
9.303124141344561,0.12972738795696043,1.2068699946959702,48.58963794074159,0.594015815651444,2
10.534556679782224,0.09903884514088591,1.0433303276368369,82.66870137309608,0.6697939207481941,3
2.239566633458901,0.02797638057538479,0.0626549684615795,33.14442200918201,0.6311960217597292,4
12.887337733322441,0.07871534222887103,1.014431200097519,42.647760246888254,0.6424715639123765,1
9.846275220226945,0.12711062065175763,1.2515661543510685,76.19755617264535,0.7476036097585486,3
7.420143230470327,0.10088474879770776,0.7485792858490107,69.05761258988838,0.7109163127052222,3
4.609676993343179,0.013776662803833422,0.06350596557187765,44.16042324350483,0.7608594352824832,4
10.2225971462718,0.11796847533685291,1.2059441993285478,33.42070571925046,0.728729935088635,1
7.108164404629432,0.11760185591080127,0.8359333261035169,77.5567149033957,0.6488290779754866,3
3.5782982279562368,0.04051349094318903,0.14496935285033435,31.48759866267349,0.7107762355130416,4
11.417655475622842,0.09256589150796361,1.0568854580318108,46.95561317638715,0.704000684739047,1
10.390594529670622,0.1711119285276473,1.7779546685207626,38.29543063436066,0.6237757305993897,0
11.061503212248203,0.09376096791749482,1.0371372478028695,52.69847050715885,0.761346120696578,2
7.957748768094545,0.08210152228343864,0.6533432878097207,97.49420172315492,0.6668556430326409,3
7.9115474195025115,0.10294811230430548,0.8144788722437828,67.586930174239,0.7728662278630692,3
2.5539374948318763,0.02526016513728109,0.06451288286974717,49.4481019815317,0.604088097169926,4
11.839734864287022,0.1287956309881678,1.5249061225784561,47.686493059185196,0.7490834934998392,1
10.680473640591464,0.15357205843518917,1.6402223220484098,43.0915325923075,0.681933508812309,0
4.552076523868664,0.02144090546708217,0.09760064242719203,61.92794263609357,0.7440295897580215,4
9.698877411325535,0.13844191537468079,1.3427311658081327,34.20549940050237,0.6975417777733596,0
11.388845544491287,0.1969539187311829,2.2430777598117313,34.98358648928204,0.6198299570699033,0
9.229754073774567,0.10604587971000781,0.9787773902604523,43.34042271796995,0.7714980573082973,2
4.268264723440719,0.07005528683728489,0.29901450949810404,66.47648430084367,0.677618229183709,4
6.455652403343951,0.12539456405875143,0.8095037188321457,76.12928114806732,0.6428679547784488,3
9.91349871078328,0.1561281041362957,1.547775759072205,39.84500299824718,0.780130288786098,0
9.273333346179033,0.1174236615335558,1.0889087561295632,89.51438120128016,0.6681239536518551,3
8.856415518640928,0.09689066537505589,0.8581039924390902,71.57907772830183,0.6752459694379531,3
0.9548904250335938,0.011972980458546023,0.011432884398979925,61.26990862995071,0.719479525287864,4
2.9062286308663157,0.028141101121050328,0.08178447378210063,34.036427524593215,0.6499190955704901,4
7.75141692478228,0.13577533648876694,1.052451241227037,42.832641392109686,0.7797812117044847,2
9.761350500666941,0.17855715712764086,1.7429589951255628,45.779828589179964,0.738280664312496,0
10.213701119077134,0.1699985166571957,1.7363140398230525,42.348217082182316,0.6513788145767684,0
6.443437491146382,0.08313432541710931,0.5356708291937657,52.97270359245613,0.6624855849232537,4
1.896106651439639,0.036499738590364116,0.06920739711699747,44.04715910610579,0.7857485002529344,4
12.158029048790562,0.16434028801527417,1.9980539955763108,30.329569976731136,0.6362621885135338,0
8.718382602231323,0.11322620726590897,0.9871493955437386,88.26403947118435,0.6393812223842815,3
8.440506751195876,0.07993883673993128,0.674724291186135,82.62270671781735,0.6907555779985828,3
10.398898497895155,0.1572756028707615,1.6354930304483168,41.85894781749063,0.7990021746021957,0
12.911865690101429,0.10481521481430778,1.3533599759614716,47.34892879002081,0.7407924011639199,1
10.777065892321568,0.1648008454956712,1.7760695710171546,37.70889358460333,0.767058835327947,0
11.639884409882288,0.1834690490987585,2.135558524300567,42.616576816525004,0.6147819499588788,0
9.69214146730233,0.12900755570692768,1.2503594802624292,43.91834572986614,0.6294030142111414,0
7.171323405827575,0.0821891093930271,0.5894046838943382,37.74084446240474,0.674160801176584,2
11.06492798053065,0.0792183385346737,0.8765452106234604,32.55857210517843,0.7090534468619495,1
3.668297883301718,0.008983049136462843,0.03295250013288197,40.38520622042395,0.6395532988307594,4
12.69060266158649,0.1028488894649557,1.3052143903851816,42.013266497673996,0.6724179349871159,1
4.718308657137978,0.014246619623892105,0.06721994870636193,44.967382243022264,0.7347371131706557,4
11.199025114257045,0.1521284490082824,1.703690321036727,43.969469668112986,0.6072136837757418,0
4.2551142910396615,0.022479433938153222,0.09565256060471776,44.45315994944559,0.716526899242329,4
1.41102498486547,0.01506164292742447,0.021252354483718226,39.01856423045594,0.7871178834837771,4
8.681278547084643,0.07152048649844975,0.6208892651160487,80.86568147091694,0.6316622255788948,3
9.969488846299466,0.11086962531482056,1.1053134929695045,75.84707535254951,0.8042196703873674,3
9.703983128446822,0.12961329974833152,1.25776527398013,29.67863296295652,0.780993874481953,2
11.757630516180969,0.19043834176297286,2.2391036585632302,35.952913804979325,0.5952945126406282,0
7.229750365823424,0.08536629694667729,0.6171770165792312,33.11331307137199,0.6840749558554073,2
2.657047962609568,0.043380482584513255,0.1152640228682008,63.421027024127596,0.7080984789103241,4
8.795832215746772,0.12441564709523902,1.0943391568632848,33.597705722042036,0.7192539782317093,2
10.272421202269134,0.08030181221972092,0.8248940384264959,81.01222568573195,0.6841063893075188,3
11.764945088579443,0.20885489723151682,2.457166397409698,31.817532203771897,0.7598020562521277,0
7.764941964481232,0.09420230642617286,0.7314754423195097,83.15923424687568,0.7064343709165996,3
5.080356965962426,0.07269066164194385,0.3692945092330671,68.84820200011447,0.610469048904182,4
8.053084097087725,0.12085006740433699,0.9732157559458458,37.73471172876888,0.7542347188063206,2
7.779898528342249,0.0961419766864858,0.7479748229351058,73.15846353516831,0.699601985793128,3
8.361806832023726,0.12232052954692703,1.0228206396622546,68.13639850455458,0.6336362916210253,3
10.61538910647776,0.11811784902933714,1.2538669278666101,35.98035081252846,0.6419349793708786,0
12.894081359802236,0.08803538338797431,1.135135395945923,32.66592093992804,0.5800765909007539,1
7.258725061899634,0.11387376417327827,0.8265783458974236,34.688418665556,0.6710554131103574,2
11.346770592629747,0.10718464223423678,1.2161995464849784,49.2472719819847,0.7110140795836924,2
11.082637821971728,0.09224936831201916,1.0223663383077837,45.71584517498075,0.6754938457440757,1
12.569886427149996,0.10906296920091821,1.3709091362633,45.553827212857925,0.6477660422122657,1
7.957097528324693,0.0995714447844908,0.7922996971863905,45.26312741475839,0.6751559515672609,2
6.999013517421559,0.11458242065149013,0.8019639109986626,31.422871013827876,0.6826103318912146,2
11.65214955151329,0.172943792229658,2.015166931065817,44.03996565214536,0.6792566306865209,0
14.0,0.08768114892936263,1.2275360850110768,35.56986461599387,0.7765632049281984,1
11.816294999986276,0.10924712080496565,1.2908962073306123,34.005206953803,0.6211022701231985,1
9.166910400397848,0.10003608711329315,0.9170218473739521,67.95004178084379,0.6144603500139827,3
9.327991692376571,0.09824964483087636,0.9164718707613635,43.84778542607942,0.659935252516327,2
2.2681797343481143,0.0323988775654731,0.07348647750963185,56.58272198046006,0.6597362206403466,4
11.968854138387456,0.11341094134767354,1.3573990146875197,31.58877242779315,0.6762584841088626,1
10.4818428792716,0.08903980587820859,0.9333012552162262,45.526264184311835,0.7460020975521084,1
12.932043938323085,0.13701313537641568,1.7718598868152167,31.650054803056516,0.6260038618570948,0
11.333244667259276,0.1140058522833241,1.2920562174263317,45.123406468971865,0.695535968021322,1
8.270109488407323,0.11970155100230472,0.9899449327212334,48.46329584902804,0.7168727624973121,2
7.90807691993547,0.12672903547976297,1.002182960563197,71.62518548836381,0.7187726556073839,3
11.382103397829287,0.1029520930073651,1.171811367632767,38.23099380966066,0.6619456994442994,1
4.03112493746863,0.021185278065765128,0.08540050271811299,53.0974313032131,0.6354456700858875,4
11.314655037592246,0.08858837936490588,1.0023469528532654,34.24554338563158,0.6455175512449967,1
7.808091237772111,0.09064539239611927,0.7077674941125536,47.00601465632977,0.6259325598152495,2
2.1292249016347133,0.025466959591292342,0.054224884530704655,47.34528704337672,0.6544471062133137,4
8.251286430103278,0.12242885803815753,1.0101955749832898,34.11231737895849,0.6598034258123198,2
11.888708619039473,0.08815512912519263,1.0480506434432153,41.18020931791185,0.7288102445367488,1
4.100277303816876,0.03554542854613154,0.14574611392214765,51.43754704244504,0.6079907866276915,4
9.384174544982285,0.1110602940616457,1.0422091844915429,68.81013502306186,0.7462766819659065,3
12.798408117912366,0.09497371877151059,1.2155124133136272,36.80990125629626,0.7338616430628893,1
11.237000972266118,0.11191559881473367,1.257595692692907,40.786544416401526,0.6892117264694358,1
11.413239902806115,0.14435483633248344,1.647556378192946,44.42217059411651,0.7824954517463142,0
11.216663201926007,0.09081735737273106,1.018667710538876,48.873189508447915,0.6157005312361837,2
12.7154274612116,0.10121914493280704,1.2870446950789716,35.53357668973189,0.753656276347838,1
9.782516730183978,0.10079810884433262,0.9860591861405894,71.27779731888626,0.6941026486637342,3
11.943251966684382,0.09697496389446267,1.1581964282516883,44.56698897966474,0.6456187477047011,1
9.754027936774051,0.12128554012604323,1.1830225467161557,77.91666065382239,0.6735792145930412,3
10.446961509076042,0.09397317387725404,0.9817341303813831,73.62573019343125,0.7082797543693795,3
10.296162684507053,0.11697989931658952,1.204444074180861,41.59405564106591,0.5940545496325366,1
4.649104067370424,0.01398297355514611,0.06500829922916286,63.34905309764422,0.6230052196299685,4
7.705022972586579,0.10587123572046672,0.815740303362325,38.84563356884469,0.7580446369204527,2
8.424581848497764,0.12135206613294369,1.0223404136212977,69.94731839696493,0.6881478662571157,3
12.505348847756837,0.0877087338005376,1.0968283131707641,37.83371957714148,0.6306013681058465,1
11.697661781960845,0.21280870832682233,2.489364294263122,48.47526919806204,0.7803799765615981,0
4.787435974611325,0.013652110033859082,0.06535860270544921,47.96823806433889,0.6354463358263266,4
5.276076964547148,0.07665051082852199,0.4044139945031366,74.87497311496755,0.7625208820366655,4
11.903991407589984,0.17456582971087228,2.07803013693704,30.406794750237715,0.6431728014776678,0
11.306604129854398,0.21272312629389825,2.4051761782701284,29.60783225118186,0.6980805802467509,0
10.873618265924964,0.13840968790648459,1.5050141106009245,35.612004000984854,0.7242725371812612,1
11.485501316623937,0.08963321052150414,1.0294823574579663,33.58095633985302,0.711086093246776,1
9.52104537377015,0.11184377362236533,1.0648696434322173,33.15542017084178,0.7411287080624166,2
2.1338442431753046,0.024490234358828987,0.05225834560060128,29.184413712525643,0.688276605838598,4
7.2731578143562405,0.11131063319238513,0.809579801624137,36.02844843356538,0.6734839402501147,2
11.599125671965291,0.12610602117525566,1.4627195876033066,34.995550268802546,0.6164010085269658,1
3.8574464577739764,0.027811729316959743,0.10728225673827502,50.65084362077087,0.6717953958791679,4
8.615848170832866,0.0966286532598961,0.832537805439319,65.47345481241484,0.5848440116245711,3
10.890884006163208,0.0927190086659121,1.00979196854689,33.07204978114194,0.6694838892102044,2
10.17207617462639,0.11622783703018642,1.1822784118831182,42.523763772804244,0.6952373450691856,2
11.654135302504605,0.07406322104782202,0.8631427990306247,38.16931271599987,0.6266699215294527,1
1.8753365124407366,0.04779320929774805,0.08962835044278902,29.931099041741238,0.6835443093120701,4
9.193703696252665,0.11717771218339339,1.0772971656188948,68.57363585885962,0.6866042602901056,3
11.99191154412436,0.17107743202558334,2.0515454320467432,32.421531397891286,0.6674756972501846,0
10.19298164823361,0.11644127488050156,1.1868837779538777,45.22470735898442,0.6399075122463409,0
12.335231774339158,0.1681400354048265,2.074046307264127,34.011699931921555,0.7916648639154239,0
10.776180742109112,0.14633547676946665,1.5769375466504818,44.08726815731811,0.6532795247778187,0
10.498789008766648,0.18971791656073755,1.9918083771539794,36.49150398547647,0.7553082877794934,0
9.182369128485513,0.10609528962594095,0.9742061121389695,86.85491830153435,0.7927963380634785,3
9.404414776165254,0.11084560664331661,1.0424380609894082,50.02896064101689,0.6091328180283657,2
8.847795100301887,0.08299586050089516,0.7343303678851592,86.94958556116397,0.6874962485275754,3
11.943842164535248,0.18075329604446247,2.158888838674573,43.96263757573002,0.6136023620231007,0
9.736680266262779,0.1920161514886374,1.86959987300314,41.57224846482477,0.648176046327162,0
8.191992185470202,0.12837299073390374,1.051630536917578,76.13839842540754,0.7282371619840677,3
12.426055992311275,0.10666038792509555,1.3253679525188786,31.996063654440757,0.7069125517052021,1
9.777312525974736,0.12873257456680576,1.2586586138130067,39.728763664386356,0.5995015152410629,0
6.3053097849395146,0.09060907943067673,0.5713183151386076,63.303816570668744,0.635242985768831,4
9.718956992473759,0.11512816798908604,1.1189257133082213,81.38675689966821,0.6758532197003484,3
4.655932352193176,0.018530484324965003,0.08627668147041308,45.34949393318867,0.790052961788072,4
8.64140247190023,0.08349765442998829,0.721536837389172,69.72117668327607,0.6789581274079367,3
11.597024825906278,0.11983178938774497,1.3896922364624509,43.87982088043906,0.6211890984255197,1
10.883505439676236,0.204313647498236,2.2236486939471445,44.57957013370437,0.705007125274494,0
10.88895538322288,0.15788075088975814,1.7191564523083025,36.67656127777362,0.7906916132029905,0
11.381785011335099,0.15793510210220557,1.7975833778705619,38.65356649346166,0.6560282511742141,0
11.736766811088838,0.15431930835340724,1.8112097365924547,44.30191506566791,0.6957129819223291,0
7.847311840530922,0.08633344113268247,0.6774854348342785,46.08071907927298,0.7261582310250017,2
12.4669462668684,0.10613728429731255,1.3232078202459308,39.95383627640931,0.695385505893096,1
13.551984559689366,0.13859990143083453,1.8783037241651377,38.0438975097318,0.6327063557076276,0
7.777041786018083,0.0829611996829959,0.6451927165528493,86.96672188976736,0.6831079986867932,3
9.179732482204752,0.09952735677441969,0.9136345098501216,63.62487013181878,0.7488522323955749,3
11.949639581446435,0.16872371674206194,2.0161876039097,45.693475169650014,0.6572965189734076,0
7.1611126103700515,0.08777567546964442,0.6285714964894198,41.60687470282795,0.6035922612278067,2
1.4456853319272085,0.03192899502858486,0.04615927977600189,34.12037852223065,0.6612925614612339,4
11.252185142665363,0.10305302713577215,1.1595717408438257,44.53016552135618,0.7291686283204061,2
3.3720606097906813,0.01657066827798516,0.055877297778101735,55.11404295166863,0.6729551915632273,4
11.183141412124197,0.15411154133755897,1.7234511600183458,49.10845750563527,0.6773202576485012,0
10.189553430832746,0.1250817688218491,1.2745273666333008,35.81754473574578,0.5928609485855192,2
9.724208317922786,0.08683766788062056,0.8444275723137468,42.15013283766152,0.7845377963827808,2
9.492385484358797,0.12359630089225108,1.1732237325100465,95.81183420297722,0.6419335349498608,3
10.9931179812812,0.13072602899942504,1.437086660015067,37.68687068120917,0.698479504731576,0
7.744498724229015,0.0920571748108877,0.7129366728790472,47.011221080592925,0.7856696113235022,2
10.374162426569589,0.16859168236740882,1.7489974966481272,49.100507971226385,0.6652486450751137,0
11.257440643450554,0.17547503390773878,1.9753997786238426,35.794671222730194,0.7192077774449213,0
8.797438218003386,0.07849390392357058,0.6905452702575058,67.22664785681009,0.6420130677225071,3
7.963807031230966,0.11504377549654306,0.9161864281987263,35.407267114226194,0.6268598491931306,2
8.920649997766233,0.12005057260623433,1.0709291402516394,40.95537124295431,0.7498122237491708,2
10.106933113700135,0.1106552549358737,1.1183852603163122,49.85608719458716,0.5932852272918756,1
8.601104518682261,0.0836108133994138,0.7191453449403974,45.18562823433452,0.6869975194587745,2
9.202063055567123,0.09919682112347462,0.9128154028900263,94.37733164858923,0.7718071337531675,3
9.32870620414037,0.12676630519116291,1.1825656177127533,47.91179630990006,0.7601304650115431,2
5.957875808358759,0.07048475600052072,0.41993942263357226,55.60664718941955,0.7086105374532923,4
7.203891923952913,0.0883223804805426,0.6362648834480772,91.63509274778052,0.7628968380149505,3
11.014610900644284,0.15130182800109682,1.6665307639882876,31.91306780370026,0.7182952788600498,0
9.863315025349577,0.16352617974032893,1.612910225670802,41.99873717164358,0.5903953689134701,0
9.147750897800051,0.08954012406862799,0.8190907503379197,98.65227073864381,0.7096021964596457,3
7.652714637085209,0.09359981995055025,0.716292712164116,51.23176134980086,0.6660170249747402,2
9.96044897434559,0.09324383169254824,0.928750427746095,29.851128377316904,0.713363058879377,2
12.50108841461333,0.1156245020525519,1.4454321230545917,37.7497525175621,0.6317442854148243,1
12.83109062663771,0.10327565299836607,1.3251392631472236,34.40412171093826,0.7190446635083271,1
6.312575813913991,0.063856947643128,0.4031018232423819,68.17487030015154,0.6046898288071898,4
11.81817515028977,0.11972747318996937,1.4149602484606807,35.8735796050397,0.669098807692272,0
10.10761929408397,0.1119526115313918,1.1315743763377832,85.44944151430035,0.5949649614164835,3
7.254308127609189,0.08837332409736338,0.6410873232633442,89.2944222463012,0.6281557381934734,3
9.90849996251043,0.1367084497672905,1.3545756693940567,48.54091763028671,0.6936999253387388,1
11.941277808008502,0.07838895238476211,0.936064257505195,41.600377663112894,0.7024101647131828,1
10.274256458987223,0.08975423208117221,0.9221579986814218,41.23925963604134,0.6977675841802479,2
1.5768105542190067,0.03399206009717635,0.05359903912087442,34.47040471597905,0.7439493266245412,4
7.913060926493746,0.10384297744180246,0.8217158072854985,37.89538763651838,0.744337667281196,2
6.41630959926605,0.0851211582167148,0.5461637045665514,81.2643117476028,0.6970499706857478,3
11.581150069626991,0.08845662147427734,1.0244294079457954,36.5127191949638,0.6049956715060931,1
11.222165866687135,0.1411800820759964,1.5843462981293348,43.36015960865924,0.6269940188064084,0
10.728209288167555,0.16551910111658838,1.7757235579681283,41.80914607828984,0.6250121563719669,0
3.729594899419237,0.031216025048813767,0.11642312780219896,55.34914230756816,0.62042785381033,4
7.140289159084241,0.11917568597413791,0.8509488585875647,68.16592244431396,0.6057158493817234,3
9.9126213158195,0.12665316188738734,1.2554648322408537,75.90361437705748,0.733328295046159,3
11.208214344287642,0.09281732267359336,1.0403164473885436,37.10829085173721,0.6687875784677475,1
8.991824148227797,0.1191552541509407,1.071423091662649,85.1885536237308,0.6467760313649886,3
11.12655555900286,0.17951068129649164,1.9973355688798697,39.746944165790836,0.7539798998187495,0
10.735650769636067,0.15692976582138907,1.6847431612192032,33.53387044000017,0.7777003884174217,0
10.373010553837554,0.16438241085106117,1.7051404826233185,45.02109640908636,0.7535458383779169,0
9.85702462732048,0.11680351569848808,1.1513351307976112,42.855643801183064,0.6155611768859527,2
12.691694038261408,0.1059579689158785,1.3447861223959428,36.32789376689899,0.6082115650652918,1
11.69668603486536,0.16204815276952778,1.895426365475064,48.9359582439982,0.6383852343227395,0
8.795141600450831,0.09919931583696043,0.8724720294539117,36.61457408369343,0.704269578190684,2
13.883207617768504,0.100965527373482,1.4017253787635395,31.060642558594857,0.7358490974640314,1
7.975744008086691,0.10946717733216575,0.8730821836891842,44.99975988306612,0.6134176933698966,2
10.494141355578684,0.08968846481688623,0.9412034277532496,47.56358393149438,0.6700123705607232,1
12.048984938622338,0.08883870277072531,1.0704161916512158,39.83496517905096,0.6945898830500195,1
8.21035915516352,0.08664579648691799,0.7113931084428022,77.88104976829308,0.5894385300465849,3
9.001515551108666,0.08245605326354834,0.7422294457348748,36.87823600675505,0.6137410752185418,2
3.1058595463309833,0.013973125560971711,0.043398565415625465,63.336359041865215,0.6485566421004294,4
6.6545214773990535,0.06706221521669348,0.44626695148144435,62.862635377243166,0.7411984252213848,4
12.835636276121743,0.09962071721664531,1.2786952917592385,30.202168778616947,0.7600714179172128,1
7.943301058819532,0.12115993410632248,0.9624098328732561,69.34860280977355,0.7402939648268564,3
11.191954355191948,0.10186711688622146,1.1400921224855936,48.74145002342689,0.764592638064139,1
2.1956907912654966,0.011202328863284703,0.024596850325841902,52.60906727250028,0.6625044857012669,4
9.448716203802789,0.12517230158126125,1.1827175542181527,49.27887782301392,0.7941455583232031,2
9.745497373085051,0.12222493669458914,1.1911427994826052,99.53681361615565,0.6362048679058925,3
12.189741749753205,0.10717645410945993,1.3064532972485923,38.180034038343784,0.6192095929820552,1
12.881537481717627,0.16782440107986693,2.161836312857118,47.79368489540679,0.6378373300834352,0
12.330175602587625,0.10157442357777781,1.2524304794456171,40.09379786931495,0.7571004559864635,1
11.199346959892532,0.1178168355121638,1.3194716186173103,43.41592162053949,0.5778972814452826,1
4.614469231178768,0.04189293579572427,0.19331366323311727,32.38591466791404,0.6362954967574004,4
11.015943545356135,0.12778033583506457,1.4076209657657188,30.11938431151781,0.5900695642962727,0
11.08986953254236,0.1007468553250975,1.1172694813692519,89.61379340683749,0.5897125912720961,3
11.38581149233843,0.14469035846813166,1.6474171462770206,29.21398940476811,0.6614940777296836,0
8.57276902290728,0.12902676928854792,1.106116690882668,36.862700052438285,0.7902547137141562,2
11.604834508934804,0.09514462380362487,1.1041376136559258,37.87413192164588,0.7054333393880946,1
9.566805700189871,0.11105298521174106,1.0624223319467858,40.033045246459224,0.6268361180937191,1
10.649638230544777,0.10626077445052345,1.1316388059955902,85.86921138931659,0.6572472188576887,3
8.217387208743231,0.08281314082249834,0.6805076441106498,42.27642394024912,0.6763065009377248,2
2.9821147171530082,0.016383904789557143,0.04885868359737202,42.65870930525161,0.6150034616055,4
11.53811312749803,0.1426521065722897,1.6459361435069837,33.96228884947053,0.7570397460610063,0
8.690580092823918,0.075380525504893,0.6551004943394287,36.62543715084199,0.6588217602579831,2
10.259933214714772,0.11576035270995802,1.1876934877159955,43.03224529099671,0.6712505519019414,1
9.72413375636837,0.10508424507200362,1.021853254767157,43.09060384042884,0.7731592374527712,2
9.413540253917326,0.10849916525832996,1.0213612596757173,84.48021575272303,0.6897006910864723,3
4.458399351676097,0.05352540314542482,0.23863762268176372,61.542770655650415,0.7210617646572156,4
5.5016283705798115,0.06427435376263269,0.35361360816118326,57.75363117304237,0.6119051851636088,4
0.7783489879752782,0.019360856252446476,0.015069502870426552,37.402213107476264,0.7954877690236483,4
10.323367409481,0.09920151167656603,1.0240936526131106,39.131614575987115,0.76026192533985,1
10.493322067440516,0.19248855775823473,2.019844430854283,48.6616737340645,0.7127851910743126,0
10.079432778999271,0.13312229741403037,1.3417972481706675,78.77678053833179,0.6500900831324145,3
8.587027319590069,0.10446143761754027,0.897013218665472,51.82385492549548,0.6704815461164594,2
3.5954149474870163,0.03464570447525396,0.1245656837365459,53.35390147539481,0.70879102235488,4
6.679746727830884,0.0724327012720301,0.4838320993097949,75.83778079071826,0.723591109041081,4
10.113622845107791,0.14919742603011632,1.5089264963294642,32.55781145492212,0.7351328136327892,0
11.979367836954971,0.11762773126673327,1.4091058606706872,41.701292837190685,0.629627183660933,1
8.579339038700322,0.13599971169692657,1.166787635813431,47.34703874512684,0.6414216677832028,2
9.982975376480807,0.10792642674850668,1.0774268607019017,89.41327810054705,0.7072508846955109,3
10.517650216891,0.12886331035854862,1.3553392241418811,49.41513493057697,0.6464079626072735,1
9.337991403086757,0.0787574150403919,0.7354360645765152,93.82402547923454,0.7476805753341434,3
10.833678394776044,0.1263540149100954,1.3688787614247107,77.4785670464998,0.673274993057031,3
6.657799970109651,0.1141013076253312,0.7596636824974022,47.55559143379613,0.7371420479019336,2
9.745841047514261,0.07053435500259542,0.6874166122442373,31.942043461401575,0.6965352585138019,2
2.606619533331478,0.011255525258482219,0.029338871996665582,56.0815386890318,0.6634100429682629,4
11.705288466593316,0.10211007280640313,1.1952278575437945,40.197542416883444,0.7534243265942648,1
11.506771739178957,0.1816594511731514,2.0903138389139784,47.791254592603394,0.7263003877998384,0
11.783683749241108,0.10859328219825394,1.2796288947163186,44.15229288796169,0.6952882745257347,1
10.4901972281649,0.08142555598802752,0.8541701417273921,77.80681666375003,0.5987824330376053,3
11.700862447092566,0.18646738279266795,2.181829196926363,36.74034924856221,0.6111935441229165,0
9.390146690002938,0.09199995473044542,0.8638930703925122,42.370802867911465,0.6051955563447324,1
2.551911889288145,0.042662199122495185,0.10887017316387373,37.548161195942455,0.7637744340153608,4
10.390736703723537,0.18826170015329952,1.9561777576882842,38.859554863315395,0.7178707016367308,0
11.126806812780288,0.13344001205535388,1.4847612352349953,43.24905397984579,0.747876882881338,0
6.630705725374472,0.05808732994642845,0.38515999124749917,73.35211065959678,0.7439167376907617,4
8.5682571234642,0.12583053550396553,1.0781483821811675,35.507488468183766,0.5965584070586675,2
10.004852036948737,0.09771665267579081,0.9776406515671979,101.47870883323617,0.6635677854872165,3
2.056660111109876,0.017865039976267143,0.036742315102571955,43.50529692505545,0.7001928275409912,4
9.625627878819266,0.2002211120901036,1.9272539184626984,30.813771167420168,0.5922363064230499,0
11.301732777820186,0.08217889222469418,0.9287638799007787,35.81939855534238,0.7590410461123775,1
11.67603015325039,0.1700799353566306,1.985858453686896,30.431877164461202,0.7310745566578442,0
11.737057570267265,0.10295355988868418,1.2083718594774449,42.97576531205471,0.6908850468759761,1
11.28263481029939,0.08710268348593196,0.9827477687688658,50.61735850838646,0.6432149918312694,1
8.638305691983726,0.12522300544791903,1.0817146007280682,30.169505712181255,0.5805072186014473,2
12.56346814287375,0.0853235549490965,1.0719597644397119,35.41654300886354,0.7058558920731142,1
9.829863706807302,0.10968040214587621,1.0781434044017784,36.81815469016033,0.6895549215829286,1
9.753491890006972,0.10587528118307862,1.032653696371365,43.10279833318067,0.7498159885018587,2
10.886253033588478,0.09026776946934886,0.9826777792209644,78.19507214143687,0.7046271168946473,3
10.701010269413903,0.18123356225944318,1.9393822109007655,38.67050683250309,0.6441525337009818,0
7.9002149782393944,0.12575761161028112,0.9935121668711553,78.89610024623565,0.6478725022945563,3
10.012724357002114,0.09774391740794391,0.9786829025793229,68.91769071521371,0.6802642662838143,3
6.647404065742731,0.10758358190132417,0.7151515397380284,46.2109875444611,0.7756996556749142,2
12.505555601277297,0.1670547544911561,2.089112520746881,31.992734911745828,0.6322672894990361,0
11.708691867179507,0.20471581576163086,2.3969544070912256,32.88467285549725,0.7756922676373015,0
10.916003225926241,0.12073534822077547,1.3179474506613131,36.33173098771468,0.6795149669121602,0
4.5446814810636305,0.0165161898468894,0.07506082213488942,41.309284060800465,0.6099454678670173,4
10.099123806282869,0.08996619489783661,0.9085797406534261,49.257817352604555,0.5679442248623021,2
7.586566096248838,0.08408994991670533,0.6379539630733395,93.87855677320842,0.7385584492238811,3
8.818068830399676,0.11993767843959925,1.0576187038387295,84.08433964711297,0.5939484448612469,3
7.061513813150445,0.10333388299004197,0.7296936421006532,62.7989576228448,0.7251629792666605,3
11.264210557468015,0.11889990500570735,1.3393135652472328,48.23001302769773,0.7125226219446235,1
9.420054716922808,0.10791762677011718,1.0165899490949575,63.92051991066821,0.6874008150975124,3
8.102843647141103,0.11986849059702369,0.9712756375264865,36.35990861807659,0.7170802101266323,2
5.153003650276412,0.015412583380006452,0.0794210984173628,40.638909074382745,0.7014261795952861,4
11.148735943006189,0.09008268082867718,1.004308021597028,36.00036474112254,0.7326554589183157,2
11.813374213032104,0.08774273992562633,1.0365378212181764,40.35812481497814,0.7562871116810115,1
10.077406234498607,0.09824014742285238,0.9900058741171148,42.7991499232278,0.7703320515390686,2
12.061289063747786,0.08454794491148508,1.0197572033232454,49.587387166340996,0.7744875230727434,1
3.296840409652688,0.04058283735497666,0.13379513813024968,51.34757387433062,0.6804510766829457,4
8.017712048405661,0.096093949603827,0.7704536175174902,43.943733570552624,0.6645847453012987,2
10.6846079141358,0.11040692309202951,1.179654684244481,103.19168498697837,0.6346515621512858,3
6.71481417285101,0.08946938036022956,0.6007702632790671,93.90647523556184,0.6821951611729798,3
10.128600256548424,0.10859848790043938,1.0999506724091612,49.11232653363797,0.7542036978894423,0
12.076226728900357,0.11393890146523722,1.3759520073360418,42.92596676618107,0.7121300892866689,1
9.516770284141415,0.11416195992385197,1.0864531477826576,85.0722678112143,0.6539256484977114,3
7.426855387032508,0.07838303990551664,0.5821395021742702,47.8118629548064,0.7346309741844651,2
6.522248424788792,0.10531823392685961,0.6869116853309977,70.76930033213533,0.7113330823535873,3
9.008602426780257,0.10692992866393884,0.9632892148573993,49.63193924094911,0.7479419635533076,2
9.831592795063923,0.12937380172813842,1.2719505369403943,88.1025149459201,0.6778114394730492,3
11.545267776471576,0.11995352562850019,1.3848955741128806,30.426322847383577,0.6739086184750055,1
7.090151558333203,0.0502396394471791,0.3562066579165152,66.43602921184849,0.7195149692721112,4
10.239541945383845,0.11713038025460737,1.1993614416958118,43.230610099343615,0.666055997538066,1
10.950399427881608,0.09679237887977185,1.0599152103083536,43.552428703948166,0.7187044040526184,1
8.05451189960757,0.09991304965454681,0.8047508473686293,66.62521350482525,0.6512562613297442,3
4.756238546324619,0.025773004449402608,0.12258255721684459,38.36174410562544,0.6492799533728906,4
12.30655494008868,0.11373375473457564,1.399670701183626,47.81983059947545,0.7246352824157549,1
10.616809333595928,0.14936221194692037,1.5857501258845974,42.05036994718448,0.6087092533829653,0
6.897517043925362,0.054684926605845174,0.37719021330962454,72.357391652645,0.6841015838227961,4
9.058370147514768,0.11355815061105139,1.0286517615021338,70.47445248238009,0.6237989693746548,3
8.491211709617627,0.10538564716410756,0.8948518412255018,71.20006735590924,0.6563961107930824,3
2.8912304257086583,0.040057145525217004,0.11581443790954683,49.71585039816185,0.7044317796112081,4
9.645727011769635,0.0952854754260988,0.919097684146833,41.90145064163634,0.682701899788933,1
4.570711961597852,0.041396281125900755,0.18921047730782198,47.61095001364959,0.6550541809171199,4
12.408101687389737,0.11675893772971127,1.4487567722618635,43.52688264674819,0.6677185181481473,1
11.821254250240232,0.10121394248319474,1.1964757477630361,44.99619252398663,0.7670188964063194,1
9.116769942742604,0.1153392978817747,1.0515218441455993,43.71041775192278,0.7505067988891813,2
3.1232042102197544,0.046099620974415716,0.14397853031683006,50.36554102195545,0.6574829536280021,4
9.238128353039178,0.0769582789179898,0.7109504584733788,88.65597958934777,0.7619699196763299,3
7.21153827069643,0.08641659607875538,0.6231965898452594,30.97852631974674,0.6351849947270196,2
10.30287275654206,0.10140044117443671,1.0447158428774497,41.18088201481976,0.6606870297107502,2
1.763930860719515,0.02113830214549155,0.03728650349764608,40.990478185426866,0.6476776202075452,4
10.91674196618336,0.18164567328689193,1.9829789445466448,42.472894871415804,0.6768770036802084,0
6.379832756011927,0.08149153963179555,0.5199023938807734,62.94449035802695,0.6843790005784924,4
12.643926425529177,0.09482835011636627,1.1990026819256563,40.33733454522833,0.685790693234888,1
1.5856780423671673,0.03407518686131197,0.05403227559554058,60.319835012332554,0.8029103088496368,4
8.045028991442743,0.09603214846289426,0.772581418494518,33.260237306601844,0.6366944931355121,2
8.292318886164743,0.10392404763631471,0.861771342941297,43.95813032551079,0.7525015445111479,2
4.1499470937017255,0.030627827255858,0.1271038627068464,58.695456782976045,0.6986068917441172,4
10.870413624519653,0.16148187093351118,1.755374729908564,33.26376002498867,0.7190603208454306,0
6.755836466889464,0.09901133967559343,0.6689044192159538,95.75918625590651,0.6840622101693998,3
8.925228792860326,0.12432461254841624,1.1096256115783287,76.72519794448121,0.5901380708155979,3
9.57517309287363,0.08017582897374545,0.7676974402882454,80.7552085496695,0.6096183574200791,3
2.273739155004978,0.02384163846837924,0.05420966690502679,37.54049030982016,0.6384867725378023,4
8.376783172829095,0.09376951075561257,0.7854868598220323,79.56587883443841,0.7204950908138686,3
10.966166783557847,0.12030060767232491,1.3192365278980738,46.04680689909466,0.7082827533069743,1
2.9598634069988763,0.01794169391451628,0.05310496327715116,32.65083615848877,0.7279287283622453,4
10.283171067339545,0.15417310766903058,1.5853884401439997,41.33701257521976,0.6568049394012982,0
9.996033434889279,0.12654478805663483,1.2649459324250993,48.38241832521898,0.8038678879756869,2
2.564221595813881,0.0116314699171951,0.02982566635273117,64.30296601133766,0.7673454187206664,4
3.5664351511863535,0.016377529197281714,0.05840939581876633,32.66695634467901,0.7498025503166391,4
12.076594367936481,0.1507301664835557,1.8203070796334369,40.30411533921,0.7587066732700569,0
12.37691516357169,0.08448073981236624,1.0456109496134303,41.75319139435074,0.6974403388280078,1
11.370723110485178,0.17041906825513353,1.937788037875998,38.25822864531389,0.7729451255842453,0
9.638823184052326,0.11576790122823553,1.1158663303277965,40.96017324827295,0.6739704714070052,2
1.5384431787388637,0.042453153928254016,0.06531176507687339,59.09759136361323,0.7967633148194372,4
4.326716919753483,0.0457841570404484,0.19809508692355865,42.173480499501046,0.6421121263185702,4
6.560637815207182,0.083347732074125,0.546814282857261,69.16396131318601,0.6899438479581493,4
5.05457094698471,0.022488628964623864,0.11367037060210662,41.44655130536752,0.6391093222535466,4
10.472363776914026,0.10634439769245094,1.1136772182721628,40.077919108678856,0.6490377922450449,1
10.275337383161006,0.10410000763357022,1.0696627000245702,83.91012452844605,0.7236413890161959,3
2.6177051248965677,0.025873958955874927,0.06773039496015724,62.01107457237921,0.7022123331503278,4
4.9485715169071485,0.038703847475700034,0.19152875721296783,57.86547954077593,0.656379828554291,4
11.399416506328059,0.10324951474565618,1.1769842226619953,43.95918186854746,0.7042761838984358,1
6.49815206513018,0.1266364978187595,0.8229032198218255,38.80908695166634,0.6982363871761718,2
8.4195953259703,0.19323594933930288,1.6269684958666284,47.481855276065026,0.7576046968124628,0
3.481380986363427,0.02148996120062919,0.07481474232155823,40.7388975708819,0.7195661366514194,4
11.693521041076218,0.1492941045105942,1.745773752403265,32.31746468709829,0.7745190429890114,0
11.697956355480297,0.17303062730312166,2.0241047263532947,36.20603034998189,0.6864097663368495,0
8.775512527418595,0.08290383189312597,0.7275236153491322,33.27405946786662,0.6428214058655263,2
11.430514182530096,0.182709280192132,2.08846101851603,35.22036526292468,0.5885860529206982,0
11.898287919171425,0.15799462207554799,1.8798655031355476,31.726840196156935,0.7524260020599093,0
9.051784133044418,0.11374664986051061,1.029610120394329,44.22711846557366,0.6344006245728734,2
8.094197938830455,0.08104035180735378,0.6559566485611779,50.18810291916357,0.6259832322840957,2
8.985192075720581,0.12169515295196193,1.0934543239575725,42.25333806353771,0.7739759689074036,2
7.742304752806579,0.1269223650802286,0.9826716303981057,98.56817006777823,0.7070500510930459,3
9.82507566663984,0.1001782457992577,0.9842588451289517,39.47500236373441,0.6283664716957895,1
10.005312828933361,0.112997361778444,1.13057395343749,47.73862227188232,0.7074218771706169,2
9.977940487211916,0.15411693484122724,1.537769603917282,35.432805257509344,0.7535637307187368,0
10.552107177559606,0.1032585902543744,1.0895957113678705,68.4264859686765,0.7797279741089975,3
10.251990773991999,0.12927483604001055,1.3253244263915165,43.45691120447903,0.7630675218027123,0
11.419941479369424,0.09891210670034879,1.1295704701191276,35.60701036074926,0.7394853282686505,1
11.382802326448394,0.08586299435597648,0.9773614919110344,89.3455515482982,0.6955549558732785,3
11.824110468399603,0.16702877408094424,1.974966676134445,45.008773822685484,0.6785019317523353,0
9.684251642493047,0.08003733277609405,0.7751016713976514,93.37515478349835,0.7687971106052227,3
10.402623596335872,0.1778537292996253,1.850145401108615,36.13754173753382,0.7310575937536926,0
6.4524359635455095,0.07431054708542709,0.4794840464847517,66.47333555833312,0.6603131657116235,4
11.193958743743181,0.13703897882871086,1.5340086752932847,33.98206648230523,0.6972042695893275,2
11.768640539893717,0.18025446982235027,2.1213500610483598,34.9220430700835,0.5864249186418493,0
7.650291646372826,0.11791173469474327,0.9020591589445233,87.74418624368771,0.655783817013518,3
10.580771988330984,0.17095487753971442,1.8088345795407639,33.97820862395633,0.6889145313038126,0
9.96278476507111,0.09531349590657612,0.9495878449237041,77.89015027507045,0.6736578976854694,3
10.340878399516507,0.09131301869016725,0.9442568225677976,46.15395223764006,0.6961778171976707,1
9.236289181163052,0.10833183636258589,1.0005841681712782,80.15520841859946,0.7542400938746054,3
12.270756943229982,0.15451256214257325,1.8959860947272347,36.27455713760622,0.6158909933443362,0
10.190627137283663,0.17461938141477282,1.7794810069410703,31.293607165901303,0.6497883829497044,0
9.443185422906158,0.0858016088862607,0.8102405022966326,49.774904348013344,0.6689646050335294,2
11.002038863600497,0.15576713071031864,1.7137560257464641,42.256747183681696,0.7688850295749662,0
6.948483904511908,0.08418650028554865,0.5849685422113219,61.14522734297307,0.6689406700059096,4
12.282400564464593,0.1871073061592649,2.2981268827860046,33.90176129930053,0.666338457270109,0
7.84755561269633,0.09701568482183524,0.7613359819431713,77.852248022731,0.6396576032191792,3
9.944329055235517,0.10789243692348198,1.0729178953383471,48.54952897492862,0.6491746542102234,1
1.861368597300165,0.0342653592854736,0.06378046374918818,43.234927911525986,0.7704805622024107,4
10.696523258956043,0.10529708261814145,1.1263126933251661,39.59956649341461,0.7122561060294369,1
11.731797552447487,0.15135701411092076,1.77568984769226,49.546095014843495,0.716120459621349,0
9.762420520283902,0.09445887224844456,0.9221472327610907,34.853004194107605,0.6337173203459868,2
1.4533442633725713,0.04382644442288632,0.06369491158601866,57.42583464368057,0.7488815674662086,4
11.366478985903354,0.13500847137013175,1.534570952747537,47.20101276558426,0.7202769289773898,0
4.5226231439683495,0.011860339896812807,0.05363984771265679,34.28186882512443,0.6614656370874403,4
11.64829596324115,0.10688182994196788,1.2449911882568514,46.85386004193055,0.7535198184231736,1
10.166821223364098,0.16106757388281648,1.6375452285475833,45.270020883958125,0.6143480828872533,0
9.902176838995747,0.19262754162889167,1.9074319812703002,31.748095931005587,0.7399804685753458,0
4.111111458149693,0.04151519165228007,0.17067358008896907,59.93845080774353,0.5979266562385248,4
7.057413687096701,0.10905197407346612,0.7696248944309944,38.5816947630807,0.7272205347484622,2
8.996075504424601,0.08931514499515056,0.8034857880650055,85.6862142687693,0.6412351190403949,3
10.765593566996495,0.09910932094628556,1.0669706680087228,40.66405179590571,0.6751669810510268,1
11.965411245459155,0.14306452284087404,1.7118258504264423,35.85753776081436,0.662964092033332,1
10.158174395573269,0.18276460080483278,1.856554688312822,37.020753416618795,0.7789286597639782,0
11.29636432941336,0.09001260688758256,1.0168152016423948,48.25392114198224,0.6869495528843248,1
13.094098619500654,0.1611094341196285,2.109582818894359,33.91844629866127,0.624996776769813,0
10.573464809718896,0.08690405589248655,0.9188769768010506,36.358074565278095,0.7486497248212364,1
12.559083976910959,0.088289760224673,1.1088385129630012,30.87874512994112,0.6265960729638153,1
12.206420323377621,0.0920513471822938,1.1236174350402404,32.9643997350683,0.590446561797744,1
1.4368826522468263,0.04068601223520368,0.05846102516986629,50.90279989341294,0.6126076062346406,4
10.866430771442483,0.11100653013216058,1.206244774859167,44.39749838557947,0.661830129851329,1
11.976228052241964,0.1809424796165108,2.1670084002254764,38.65160610845056,0.6818966374750877,0
8.320028082529678,0.1140401210593925,0.9488170097492297,52.522995247267765,0.6304816169221877,2
11.417417070315711,0.18878939904354788,2.155487307334448,39.22950979099025,0.7745875940626817,0
10.225634521917204,0.09928603529728218,1.0152627100801788,38.81180097531683,0.7463994468107399,1
1.4716639325157321,0.03943600330440772,0.05803654370566807,57.556749991675176,0.6421710165684651,4
11.889162358825446,0.18594137681827624,2.2106872182160284,35.76729259446694,0.7625947949109141,0
4.974931451551921,0.08395240516969793,0.4176574609121603,74.99907340087331,0.7068854401876911,4
12.107355983978625,0.11715139241849393,1.4183936120294807,40.68519649409083,0.6411659677205069,1
10.765199287132097,0.15063190982221417,1.6215825282374463,31.263355357821204,0.7168633272012487,0
12.193814860613632,0.1532922012174925,1.8692167212220352,33.96655700585122,0.6477372794736416,0
11.271572844600465,0.11837467802616734,1.3342688063280712,38.43115932731145,0.7010711957056113,1
10.818676243160189,0.12932674928812857,1.3991442301286103,46.826368473431344,0.801448790012151,2
9.436223143220381,0.09704238104582955,0.9157135618978677,36.425181314707885,0.7666056817225256,2
11.871646153193925,0.10414670411219476,1.236392819241363,36.06640393349512,0.6615659961345646,1
10.790796591546963,0.08461656977164725,0.913080192680287,46.1745743356482,0.7673206945857792,1
10.545554572398336,0.10411694188795603,1.0979708925906666,74.64471860325588,0.5984150656215516,3
2.9090680212713207,0.046800221292857366,0.1361450271514725,65.80476653567862,0.6286228631764417,4
9.429578789137064,0.09597952504996105,0.9050464936025622,51.04245446403046,0.7280263278585689,2
5.017143328176259,0.036065534961265765,0.18094595810802216,48.69770139913237,0.6338482645041328,4
8.828594938275387,0.11458577759247303,1.0116314160512567,31.678109481389104,0.6744695697421399,2
13.749582038843819,0.11061819491486513,1.5209539459707542,43.879226489051355,0.6966967427460083,1
12.467701125019275,0.10636730401805224,1.326155755971137,46.319842607268,0.7154230234941682,1
9.486583482647086,0.19158851174624209,1.8175204109968375,35.869630303212155,0.7738026427166966,0
7.2716148674768215,0.12805948417606244,0.9311992490560684,34.77343210215457,0.779628675596797,2
7.62964922860846,0.08935810355820453,0.6817709858827701,72.02063194611705,0.6978346621690603,3
12.564895293964602,0.11684461596052072,1.468140365207448,49.00653743226173,0.6013619980719805,1
11.50829457340114,0.16556101406657558,1.9053249197491615,43.74467582093661,0.6532712458892838,0
10.740620221439563,0.11274191842349278,1.2109181288232562,41.53233857196107,0.6612066539603672,2
1.046565405241834,0.02604592860319774,0.02725876782350552,40.42104265875854,0.7459132312961647,4
1.4129027951834228,0.020139645904540825,0.028455361992530105,50.88381602146204,0.7783654167501602,4
7.740422379183741,0.11651827681502634,0.9019006774429559,66.56600040951115,0.6380251480088226,3
10.062706346842408,0.12546207287214556,1.2624879969785439,34.62346640422447,0.7045752500248332,2
3.260200622179886,0.04859576115559497,0.15843193075477585,63.38040415770037,0.7325263991492531,4
7.687395392651949,0.10187437753026674,0.7831486204554577,42.935761158754644,0.7340941366123996,2
9.59745449155542,0.0911073163416006,0.8743983224362551,41.334480174657855,0.7416497966904336,2
12.158044523434778,0.14487454375413178,1.7613911532750341,28.257182486425872,0.7288692642972632,0
10.079187138441657,0.08322268669873197,0.8388170334004188,42.71074999255899,0.7453584928983417,2
2.1101051055778033,0.022267217324822636,0.04698616896411876,38.23934081761914,0.6468881784363909,4
8.677683152066784,0.11197605502216876,0.9716927261007771,46.46314362910539,0.6573003301927028,2
11.24469499938637,0.09115850744562407,1.0250496128253341,35.15366622159688,0.6634460516231353,1
10.18995947118467,0.13427878380935984,1.368295364857345,43.64148119757525,0.7991176053571768,2
10.446786122980022,0.13345227315654581,1.3941473552919421,47.91796030220713,0.6085030585639315,0
8.880330951996648,0.1142107907256197,1.0142296199327323,30.82667471741588,0.6875141884045631,2
12.536963013390963,0.14171508073040687,1.7766767255568252,31.013920832519034,0.7064906810946421,0
13.258401381370694,0.09734466091629472,1.2906345867616638,37.74472541021709,0.7088926970748445,1
11.625155976391511,0.09271811269229292,1.0778625218845508,46.60477896946438,0.6793770694062959,1
8.099824955173851,0.10652035063488048,0.8627961943062736,89.46263594514967,0.7779117741617909,3
12.652692017240225,0.08705072110668996,1.1014259640416213,44.625455660521716,0.7600868568934905,1
6.813940988686934,0.10649799029654984,0.7256710212944443,70.4977235205986,0.6109399512795305,3
7.891641067139886,0.07798516700490976,0.6154309465637082,46.760880555829054,0.7577443493542617,2
11.322748335521293,0.1399249192625775,1.5843346466783006,34.10317474693112,0.7084738986919882,1
8.535918953027101,0.09962944247422856,0.8504288462952908,87.42209104816544,0.6297226515504329,3
12.496332259590154,0.11988856408422496,1.498167330921642,38.64400416295118,0.6726335720954957,1
2.130723680833482,0.014456960864816064,0.030803788867546485,37.06131419324069,0.6250553392733844,4
4.447596871941686,0.019817885457347875,0.08814196536859904,38.45017224600826,0.7593317754494513,4
11.795519415363326,0.17832566095563684,2.1034437960597123,47.60195335765948,0.6512798608970035,0
11.66006225455129,0.1590633017604803,1.8546880009416782,35.89614684796471,0.7435987581531105,0
3.4039619454946193,0.036617897476511174,0.12464592953406749,64.80741003339902,0.6245043038686684,4
11.685029380061133,0.18330945471823154,2.1419763640255214,37.33559483908093,0.6531655187002829,0
3.637532418299733,0.02131976836797586,0.07755134858915338,35.758321330377505,0.6926596959106202,4
1.40548802026239,0.03944210730696548,0.05543540931384366,40.46871269605711,0.7209907238706497,4
13.2397193219377,0.1139997385196907,1.5093245407749944,41.01221913238394,0.6960392532473629,1
10.928651294970997,0.1532925104172394,1.6752803924807185,35.98746970534259,0.7641987597007731,0
9.222028943930507,0.08736853156524005,0.8057151268833499,44.0021125982005,0.6369457708777376,2
2.445210500669617,0.04888618628655977,0.11953701604558699,36.48231238190877,0.7341906013723565,4
13.932695100387049,0.10777155476976868,1.5015482131018507,30.250561217806123,0.6427087619324992,1
13.152071070308267,0.17350157520827186,2.2819050479496266,44.38462059231816,0.707397569783181,0
11.234006247208422,0.15870800111296013,1.7829266759849551,42.47721622944706,0.6784840420815632,0
8.061571207176351,0.12926637311335354,1.042090071546726,79.8553197233879,0.6105977680973165,3
7.1489101824953885,0.09834445260854499,0.7030556586451625,49.27971106241193,0.7379247011412858,2
4.383337192707879,0.051303751807986665,0.22488164342540204,43.792170040987024,0.6999424013095893,4
11.779243634818528,0.16969463594306416,1.998874460295186,31.933921422025946,0.6116952127170951,0
12.879599260714864,0.18790518761048838,2.420143515432534,51.18382127402358,0.6912340359725094,0
12.416759655409908,0.16420079642116164,2.0388418243884554,36.55341043223909,0.6832712536423916,0
10.568712772418293,0.08952521716324074,0.9461663060866637,102.52987705819365,0.6200180264184276,3
5.352113366515126,0.08031096893318969,0.4298334103051056,59.40795918732817,0.7523769492643011,4
8.49069794015721,0.10985043913010556,0.9327068972473522,91.6340768415599,0.6151740445684957,3
11.64759842102939,0.11523568748444525,1.3422190115900607,46.59898292296713,0.747247798960893,1
8.545731515528953,0.07350965239397823,0.6281937531587981,88.84653389283197,0.7167215487501604,3
12.27629009987417,0.08356016825346199,1.0258088662737954,42.5495260206079,0.6244887727924183,1
9.441587703331757,0.1040377347075424,0.982281396697224,47.92311642270065,0.6718675738950377,2
9.046537222555765,0.10464385117892847,0.9466644948017623,35.489380712176626,0.6549628154221233,2
10.758825402440232,0.13453501175695287,1.4474387020083,44.397164726212594,0.6796148302480842,0
2.918579677597482,0.045030603696755656,0.1314254048192971,35.521840595031776,0.6489050559957286,4
11.475509391887508,0.18987869955645345,2.178954800079468,40.66835580889834,0.7414925517967058,0
11.784517196967926,0.1275906491866224,1.5035941995120534,43.709410357790986,0.6626413698616144,1
13.790857976604418,0.17873975406264883,2.4649745630511926,38.14917497096056,0.7073269322929527,0
11.845038823445066,0.119001892066954,1.4095820315964895,40.225000458127106,0.7302432211757103,1
10.859530974944727,0.13088489716408674,1.4213485949058553,29.909487315489596,0.5571949239927622,1
1.4693046076879022,0.04842393652473694,0.07114951305818248,63.97490002622401,0.6078608162933004,4
9.719807243989262,0.0980347117235031,0.9528785011725045,37.880625259598276,0.7037094038925913,2
3.4274052663802204,0.041702233260978466,0.142930453898494,44.80396454496746,0.7100072234121793,4
11.486573814575925,0.145844806847293,1.6752571393239994,44.880455745321356,0.667612333775506,0
10.985524393666916,0.12307921369852567,1.352089704438497,32.76398475599837,0.675258416419756,0
1.4255904293303834,0.033754771868111884,0.04812047971941077,39.11488794476357,0.7529144927819935,4
1.2393727687551188,0.04767281974150528,0.059084394597393085,52.80947067564418,0.5961766430979103,4
10.637701183677834,0.1080226532394868,1.1491127062297088,45.91663155191709,0.7386616879089447,2
10.379157601084454,0.1320814491260638,1.3708941766590346,32.33428111328536,0.6637585705402409,1
1.493729810202339,0.03902298711995116,0.05828979914421297,32.454494863123195,0.7354120131176894,4
12.225086629745315,0.16285526024054975,1.9909196645504386,39.55029342984842,0.7437848299188452,0
8.081894551426553,0.11742468777172435,0.9490139443052632,29.77690332002748,0.6117374210532222,2
10.305874837860372,0.10665252851624016,1.0991476100297053,41.93697597405913,0.7651722947993321,1
2.347628000886491,0.010424692564336464,0.024473300164669483,59.30466163351659,0.6095384034914118,4
10.37980356829193,0.12347750971888963,1.281672295983932,45.054467655798696,0.7252670254699636,2
4.504417954682482,0.008911320465676817,0.040140311905524105,58.17332075217843,0.7027570648529193,4
11.328809421315341,0.17080169525170585,1.9349798543441572,38.680825399377134,0.6225498066331554,0
8.524605776789901,0.09704497463197251,0.8272701513561422,92.20534542305609,0.8092582293714763,3
2.602553313800549,0.045613514568314584,0.11871160349385673,62.96695937709767,0.648507276672566,4
8.956029011170914,0.12881041082090455,1.153629776252865,31.490221056984346,0.6249024995997543,2
10.539334089535325,0.2025688083704553,2.1349403475352884,40.39461644689806,0.70015662848435,0
1.0290745123189586,0.009477072856660971,0.009752614128179628,37.98209518887196,0.6590324010071581,4
11.516532294676392,0.15657234193140704,1.8031704323061637,38.619693308824786,0.7551042710100482,0
7.726598842929487,0.08269514288359903,0.6389521953203049,46.67673909959851,0.7030017059753947,2
12.413934317085426,0.1867743865953894,2.3186049673090845,40.901256035786055,0.7207994357040253,0
12.372140478960915,0.15374383188304494,1.902140285830782,46.193844266893784,0.6327197456906896,0
12.29245690350678,0.09313172853928561,1.144817759418261,46.66227671845626,0.7149050694363404,1
11.256512736889064,0.11339267489492834,1.2764060892246816,32.170856492525076,0.6022174493785446,1
7.535988002821295,0.08657301080328308,0.6524131707816597,40.093123282572876,0.7865389052854631,2
12.013649938438432,0.08008203630229384,0.9620775504930766,39.22636336498063,0.7167077012742447,1
11.677215411418477,0.09087056722886903,1.0611151880892882,40.75164513008568,0.6013813413260131,1
6.91221218161708,0.10554524444946511,0.7295511243953452,83.72708681388544,0.7359706004840775,3
9.912862656281172,0.10717666313375636,1.0624275416034403,94.00269247626743,0.7432870431977276,3
7.373722637924053,0.0901759774475976,0.6649326463022793,41.759021618635025,0.6568025801071514,2
8.608216292835657,0.09537186830191376,0.8209816705947105,89.86529565554332,0.5823402268772695,3
11.189284063850222,0.15931853202738147,1.7826603114899906,49.85732322028729,0.751045166116903,0
2.413832049269455,0.021819373830017613,0.05266830384588773,34.7663102955971,0.7238668985008525,4
9.695405360306838,0.11384792308401227,1.1038017637285331,97.64713344539064,0.6303537952068288,3
11.9132672394147,0.15381162147443708,1.832398951152666,36.891835108394844,0.7196305626599121,1
12.060699063332434,0.16764014888473663,2.0218573866310527,33.65841328913199,0.6030368065782628,0
7.198686516187252,0.10136989710687892,0.7297301114505784,30.492871826630935,0.6299489660242236,2
9.745726179272921,0.09303894848773271,0.9067321159689214,38.12247694534765,0.7305098756553983,2
11.48484476138478,0.13303432783986424,1.5278786031760103,34.32187025789648,0.6161402032819231,0
10.52716895023276,0.12643075983481136,1.3309579692873612,46.3950912641271,0.7288437055109085,0
8.874362762059246,0.09280136298415453,0.8235529599349243,78.46467445436507,0.7107359539859278,3
2.795126606111207,0.04887295054551721,0.13660608438893238,37.04814997837792,0.6100907958431118,4
10.513042124948752,0.08615525169878567,0.9057537903948963,43.17579969288889,0.7083480498735042,1
9.9535052593985,0.08065927462276228,0.8028425141769323,94.44211273403386,0.6609626723382475,3
10.93318410840892,0.10253918181423814,1.1210797531006813,85.34872572395618,0.5879486272594437,3
12.146278270874978,0.15537263152902434,1.8871992182296529,45.23622733333359,0.6509278385550578,0
9.712019982875422,0.10059342823636322,0.9769653851775043,45.645294365182984,0.6855244146905115,2
10.800267346095684,0.08706214317312129,0.9402944219937691,46.71830207798284,0.7084851076445879,1
12.209412068687127,0.1639802933866346,2.0021029731016324,47.31976922362644,0.7175433242223211,0
5.380988286470495,0.06172476121428524,0.33214021707925717,62.49239250334913,0.6244272171906342,4
12.784817295003664,0.10809542073096975,1.3819802044719998,42.4469947399909,0.6000233551745769,1
9.210403638541589,0.10835216572120912,0.9979671814024857,98.22337861587724,0.6720227289518168,3
9.570545313410037,0.11615533718405767,1.1116699179144456,33.207196837321916,0.6406401141612311,2
11.432991200569033,0.2099389304267915,2.4002299442263815,43.95330720309498,0.7332895644333888,0
12.698237684695028,0.07546591740357808,0.9582841562841976,28.371671342792762,0.6828917641999559,1
1.5683090073633799,0.037657177850468515,0.05905809121477453,56.60401263801557,0.6346636825992592,4
10.538600973716772,0.10419576893953905,1.098077632003394,65.52136916594694,0.7465485928385619,3
10.811788105527286,0.09819885643513038,1.0617052279817243,44.562242838674806,0.6483038512908277,1
3.3267141994388405,0.015578288000649946,0.05182451189470988,33.870665593129196,0.7143379260363923,4
3.286115819725763,0.04067645930852447,0.13366755642417352,60.77165492631467,0.610308362387041,4
12.364935625233084,0.1090235486556192,1.3480691607611983,34.658069102320454,0.6359506020342165,1
6.939865801008942,0.05754323069648458,0.3993422987901013,57.963382772491805,0.7942161192686911,4
10.78934676331909,0.10291405652222455,1.1103754426381012,40.21029594587432,0.6547333546915859,2
8.255287207682365,0.11115822104800781,0.9176430402463475,61.4819097227588,0.6477441484406843,3
12.242192729314112,0.16966111797434877,2.0770241049128764,45.708977453914,0.6927293939156606,0
9.553036559910224,0.08598840649065992,0.8214503909336958,39.50798009856696,0.6659970640857962,2
9.98811157668742,0.10827476358229342,1.0814604195993982,29.83557747050376,0.6156130976369187,2
2.3333152632592524,0.012647230151253068,0.029509975149871408,37.74946154727234,0.644393417061005,4
2.4661932488008085,0.022692599989794296,0.05596433689256799,61.67510120683078,0.7489295921977598,4
11.062286877278089,0.13477222251628398,1.4908889885634908,40.031757039018686,0.7650394645158344,0
8.61479494762771,0.12084298921197578,1.0410375729195587,67.91346182666433,0.6539740930141501,3
11.580880531267148,0.08389051910778796,0.9715260794932762,32.17581071508592,0.6849135378668418,1
12.653925666157246,0.18160292554179108,2.2979899205625136,36.993907566397034,0.6358074377081959,0
9.993164271618328,0.08941919787097624,0.8935807333610094,48.390470404575275,0.7287966139761933,2
7.990037485776202,0.08970510652152006,0.7167471637724925,44.209750380827764,0.7347267795487649,2
9.853928641535337,0.10838650894201547,1.0680329248197522,30.91866732433591,0.7135198990210107,2
10.619675973671068,0.2022547198280475,2.1478795887194893,31.500472785154685,0.6074993064453327,0
10.28283709056738,0.10284840359318503,1.0575733791736466,42.968618971254934,0.7445148488360102,1
11.494076484923967,0.14399936421376733,1.655139706053465,45.255367257271594,0.6946486730751339,0
11.81020233831258,0.11370124343577875,1.342834691094282,37.60700125435615,0.7348521352752232,2
4.350486783948814,0.04809822486603035,0.20925069161106324,60.46556678981135,0.7258844628529033,4
9.839235763968686,0.09096580149815976,0.8950339673987698,38.956086223000256,0.638762295413808,2
11.252925607418426,0.15626253190972397,1.7584106468069718,35.1897673145715,0.6615912179033554,0
12.753297209287311,0.10909461132967807,1.3913160022190671,32.48600619251011,0.6888933590234493,1
7.248000339222802,0.07672491726987024,0.556102226398861,56.77901471488646,0.7742007966518589,4
7.97426860478769,0.09373482276944523,0.7474666543857253,86.74167183522609,0.6672133093538937,3
7.744688601019094,0.10540916908994775,0.8163611902938126,75.05426673032566,0.6046914731381758,3
11.435130072388294,0.13669462753861905,1.5631208461007797,46.22389640980677,0.6657151878920281,0
8.884439592550807,0.13578475252104755,1.2063714313627079,90.0969071784331,0.6529855721199201,3
11.426928387833886,0.11526135960290664,1.3170833020667838,35.89821946750297,0.664850922680489,1
10.06923561945164,0.08586140184454394,0.8645586857891325,51.310990633842714,0.6383574641302876,2
9.916951756354996,0.14876003943497193,1.4752461343500833,39.67063488677291,0.7860813039417184,0
11.707711387867471,0.10948884161152421,1.2818637577796599,44.041439402285825,0.6199880494103952,0
1.7320791377762075,0.022649486301666733,0.03923070270446494,54.185472137008766,0.624485821240762,4
12.117463035933051,0.1532289997251938,1.8567467402030315,48.40797959430698,0.6364084780353013,0
10.015473465435356,0.098829197246975,0.9898212026373551,46.1746834364617,0.7721664242330493,2
10.729227300793514,0.2038472268161484,2.187123231146867,47.484233478364516,0.7496429238918219,0
10.220290075072818,0.09112473739333325,0.9313212491747007,93.2623660309639,0.7754449331895416,3
7.360794019124194,0.09358291840857809,0.6888445861140491,100.73190827110658,0.6635001439475543,3
10.325108853365712,0.11858566059605546,1.2244098541025539,103.14329964223974,0.6553022498224312,3
10.300080486911343,0.12428688725499623,1.2801649421941368,92.68324311750708,0.6807097610855652,3
4.702118894015766,0.048062925371370614,0.22599758949039148,40.21466161626633,0.7489903475513756,4
2.6347340510994943,0.024845314949835915,0.06546079730862402,32.951078487615355,0.566493065521024,4
10.42971527748693,0.12232667659422279,1.2758324077189682,39.908473287106986,0.6898486979007838,2
11.199835704033688,0.19402588623857517,2.1730580482015727,43.566730477471744,0.6696960427171437,0
12.196821570029764,0.09802533123199236,1.1955974743796767,48.68932082521022,0.7598681492134959,1
11.140647992827189,0.0812788016157819,0.9054985180802598,47.31176461633798,0.733468238380461,1
4.387723246825577,0.030183176999058602,0.1324354273818205,55.483311488154605,0.7376163268717698,4
10.464456258676478,0.09751518142610277,1.0204433505903534,30.969564941332038,0.6132964236660242,2
8.475813515328452,0.09230514742071759,0.7823612160429034,32.29954048671744,0.6100534193932805,2
10.836118344846104,0.08526922971020894,0.9239874643136915,30.779590181574775,0.6830472632038145,1
10.38019895766246,0.11719910002412204,1.2165499759093699,92.91713623360396,0.6406533936250915,3
11.11123584316494,0.13310656150882555,1.4789783971973012,46.56356338180237,0.624112206927482,0
4.158808963865195,0.03507760176519785,0.14588104465199841,31.945204952928503,0.7497309067130716,4
13.179000162898427,0.1483881983250093,1.9556080898975017,45.80458938076423,0.6876714993039442,0
7.650256264845817,0.12076780415930959,0.9239046503614309,68.12053161964378,0.7753510802657662,3
10.877139551219479,0.1224580806549025,1.331993632457865,43.941845883081896,0.6355117011795863,1
12.324266727983318,0.18651480064157647,2.2986581518234224,32.28310987411074,0.6004817417285889,0
8.847598487522136,0.11217852783832348,0.9925105732348106,33.49813611930382,0.7513913555690146,1
7.815448345608261,0.0832076323808057,0.6503049528325483,33.43390310871731,0.6901575308657592,2
8.475763465847137,0.09989074597593955,0.8466503353190854,85.75621267799318,0.634313087057808,3
11.103983325282224,0.18431316863119626,2.046610351110734,46.61819315872576,0.6269438023652625,0
8.903110562306333,0.10545402170918364,0.9388688145167142,35.075757447634096,0.6657797424006865,2
8.370003571229525,0.11665518647293154,0.9764043273808831,32.991850653161634,0.6316351609774797,2
8.911680222296079,0.08625345682485694,0.7686632252907464,69.00134354239799,0.5711372348920419,3
3.652644122185714,0.013892619114305822,0.05074479354963406,62.63108642500115,0.8009206126708949,4
12.803984709919579,0.1859498939967734,2.380899599545853,39.16367172933104,0.6982515861047897,0
8.433125777735347,0.10349846919391337,0.8728156085153385,78.3071340552689,0.7220965332531736,3
9.253596829408172,0.1063603642734274,0.984215929615286,52.27528763957069,0.7528146792299584,2
9.311898218925137,0.13643354865085625,1.2704553186835443,37.709021550293656,0.6189435148057814,2
3.7621146959132497,0.021387709839368815,0.08046301749861783,39.87952400768861,0.6486066151310529,4
8.606763296533071,0.11911774826571654,1.025218263739035,72.78201251173705,0.7441382650673971,3
11.191821836251147,0.11117739114268102,1.2442775538880924,32.253898516540396,0.7070537609951434,1
10.06189798467825,0.1292998346738802,1.3010017459243461,41.73329023638837,0.6077976108690938,2
4.418237584088589,0.050542315636091954,0.22330795853024982,61.6335824521643,0.775542377748715,4
9.277235464196277,0.09118022233730894,0.845900392300984,33.12310903720708,0.6548262759216044,2
9.417417550555443,0.10089339657295884,0.9501552436213331,78.93224041007383,0.6087760331251129,3
10.245133443360526,0.11404817180529626,1.1684387391165678,32.904752606962944,0.6503483806305397,2
10.974318047278862,0.09975736756625588,1.0947690792313929,35.53686404900822,0.6085154811703957,1
8.824081749060085,0.08300021860755377,0.7324007141829125,40.18298604794894,0.6820776328144779,2
4.335143027543907,0.03729834109245598,0.16169364332591493,51.954621966765494,0.7098779846155301,4
5.626056489002046,0.07970852085499816,0.44844464098501735,71.21177064513118,0.7096681577504692,4
12.565055075043192,0.2065689349623992,2.5955500445955613,47.94636959164386,0.623554369202905,0
12.523869016366518,0.09668466263305549,1.2108660507079734,49.752137443072264,0.75672523477247,1
11.82463722219828,0.0934480293784992,1.1049890465300802,37.22999584848517,0.6767798890181617,1
9.024202922547735,0.1029490454922003,0.9290330772042137,94.11628546598568,0.6978396256282847,3
11.436738431776627,0.17118654041987288,1.9578156858228433,45.21306856598199,0.6408175008778323,0
12.237489057855008,0.1149287813685211,1.4064397044298875,36.95380941901465,0.7279124330641983,1
11.904988874825056,0.1032531767342014,1.229227920311013,33.551263376992885,0.6924983027957441,1
9.49112912073694,0.10760087811291016,1.0212538276743077,28.370713721373132,0.7492719460325789,2
9.279408022932609,0.10365985073730112,0.9619020505877087,44.923452617664445,0.6323311697706968,2
2.6411948336271522,0.019786192789120742,0.05225919017177652,49.86548298541859,0.7476913690518471,4
9.373306796702737,0.08571275555657709,0.8034119542225844,92.5273362190448,0.7362525701125102,3
2.265474286452692,0.020118585576668575,0.04557813830374066,33.84058483242008,0.772651719006168,4
10.021045793819548,0.07661518621315992,0.7677642895440876,76.83933516566093,0.7157840332330748,3
3.5554403703576107,0.03277706365942653,0.11653689535650644,55.907272834259224,0.6087968842742016,4
5.09541098615036,0.04102098357837056,0.20901877038792283,40.587350754079125,0.6815860387759546,4
4.537473695048676,0.014903966651755602,0.06762635663422373,62.21116155653934,0.7221802514886732,4
8.961264983562772,0.10499216085308222,0.9408625746013157,66.08178002214234,0.6976715191339871,3
11.329482194128206,0.11795294841607977,1.3363458288248984,45.16678951344448,0.6500363207025069,0
7.4314772759629415,0.10070862075441697,0.7484138266300195,45.529514365337235,0.6892704228107562,2
6.868863456988537,0.06464240353588445,0.44401984341954326,77.11773721062193,0.771088954884354,4
7.652574231114809,0.09804367417747055,0.7502864945343275,36.914050553667984,0.6828831957417913,2
9.124107273351616,0.08236776567928848,0.7515323299241176,74.76984592524386,0.7797939827943213,3
9.969733284140409,0.08069338488815986,0.80449152512944,39.071141984650126,0.6177190501550089,2
11.099610412244452,0.09653095708714382,1.071456016388384,36.84785502608931,0.633391026795745,1
1.4186437567064356,0.043304877231083026,0.06143419371881461,39.55997525085888,0.6951614586765089,4
5.244182674343691,0.05774658399063023,0.3028336352661958,59.71967348780094,0.760489399252444,4
10.77756380503734,0.1833895868197347,1.9764929731291254,35.55159005912471,0.6133126773193002,0
3.39432176895964,0.03268018575085166,0.11092706590776043,31.944115735737014,0.7644766354475884,4
6.082503950186667,0.044430179948993564,0.2702467450472578,63.0920838019768,0.7055017861570775,4
10.321703461980578,0.0775632936242287,0.8005853163238175,46.42770125060175,0.7696402966384265,2
10.375105723256166,0.08237984592901118,0.854699610979045,30.229857061240835,0.5753054880234958,2
11.868217425352569,0.1711784514804372,2.031583080704994,42.660054964391016,0.6890618820522514,0
8.307079403105005,0.09894101404505032,0.8219108598959606,47.63184871330313,0.7050830347800422,2
10.380560954716598,0.1087653538699089,1.1290453856079101,48.18328744279761,0.7023267941688269,2
13.016512030747798,0.0949597525659655,1.236044761711724,46.944661189065876,0.6672050410554554,1
5.626103705142858,0.04044239303934688,0.22753309732351323,54.59687703897696,0.6446810941018367,4
11.908481847885882,0.11232244283835868,1.337589771650794,45.20550369753838,0.7355052544742554,1
11.425635454462082,0.09336620364443886,1.0667682066084274,43.885920422117266,0.621320270215664,1
11.27576720844448,0.161259321144592,1.8183225654182078,42.118152116342415,0.7009186505728955,0
11.12457395968398,0.09126704319542756,1.0153069721092063,34.67446333090748,0.6570190897084603,1
12.676005622127422,0.1747747354533334,2.215445529212287,43.18116371858836,0.7189397963661298,0
3.213317877706913,0.04882190758939257,0.15688030848074994,66.91757510963772,0.7660980114328285,4
7.365679666450527,0.12198110318664036,0.8984737314330404,35.29028687045179,0.7379030831424535,2
3.0835880167121927,0.04302773114980779,0.13267979615986125,54.20936418741257,0.7130161071950643,4
9.45619493257355,0.0900642566667654,0.8516651674982706,34.953381830416696,0.7657319957257611,2
8.93081508784373,0.09941713996908115,0.8878760936261418,91.75942355585511,0.7339318656300151,3
9.178488518831477,0.12759064382301186,1.1710892594398306,93.43897405387479,0.6509869198176603,3
8.445226268999361,0.08356636657013271,0.7057368741629148,78.70446543883743,0.5831358252299345,3
8.342400312899189,0.08177948468723405,0.6822371986435157,77.05051332141466,0.6942440786048754,3
7.215674498219923,0.12388351321553341,0.8939031070592153,81.7717087332517,0.6072858027477585,3
12.035278266929556,0.12385608258402317,1.4906424189505263,42.830770640828014,0.7750028278334081,1
11.82590435646756,0.19511076942925346,2.3073612981871463,48.36602707940935,0.7497695535540878,0
9.156273541482056,0.0952844371096877,0.8724503704224444,52.90330373887951,0.6208394491758263,2
11.742460251731368,0.141355651819559,1.6598631228487504,49.88686827926033,0.6130063098999666,1
1.0137312053766778,0.011539146880117123,0.011697593275799664,32.47603794690124,0.6091103511895616,4
7.094846265537581,0.11572827148257432,0.8210742947452617,101.26729499426378,0.6795570667746194,3
9.495303985405865,0.12469266499846544,1.1839947589108073,82.87804412997785,0.7159083055037267,3
12.301667377346812,0.18154185342297058,2.233267495876434,42.381282100201055,0.5905062253087389,0
7.775661997908573,0.12580079506098335,0.9781844614623727,46.004008235177345,0.6902746967512797,2
9.982126613237648,0.10137222189326174,1.0119103540037602,69.46851362484426,0.6947520840498482,3
1.0681211860888007,0.03985938210453207,0.04257465049025951,46.06121111188972,0.6794433063106,4
3.8399941669833084,0.02833742087003866,0.10881553084829952,35.69781461507756,0.7633334291407934,4
8.496665550475065,0.10861111490400079,0.9228323184035123,77.33072274372515,0.6236198611583137,3
11.685069243008915,0.14858096373457116,1.7361788494314605,42.01145045679073,0.6770947806364604,0
6.405823208008581,0.05078082828125422,0.3252930083259568,61.322478307172695,0.6605373607819169,4
11.426083838095119,0.1132239713217514,1.2937065888044088,44.99175111689424,0.6779397120392292,1
13.195052337576566,0.18057829254951557,2.3827400212210703,42.679994997504274,0.7100013972979787,0
6.874911222914827,0.11797847497354802,0.8110915416580213,65.75702703209681,0.6479338484962519,3
10.83976799282434,0.12360746506317549,1.3398762434659626,45.23091049546353,0.6198260108119102,2
10.446514264307902,0.14121536508368285,1.475208325686141,43.1810856222893,0.6672219172966458,0
10.036310495798418,0.12557499574344244,1.260309647789753,44.761338261753444,0.7471738350806584,2
10.435043621321103,0.07647816290461334,0.7980529659881417,38.79933957903437,0.6512709352242259,2
7.798979530706252,0.09341051001758927,0.72850665558001,39.92293188171455,0.7154628400829159,2
10.97856027193361,0.09094267677711255,0.9984196582885072,95.4903324091804,0.6926836858975153,3
4.0170147358037935,0.022236088004666792,0.08932269318137648,43.21924716876591,0.7040549012374155,4
11.632094071013391,0.08951777360438778,1.0412791635939183,31.567462568662055,0.8066674133163433,1
7.8677959077275235,0.10593223756142234,0.8334532251821786,44.62144993703186,0.6832781195420154,2
8.402764992578748,0.12947166062421192,1.0879199374241642,43.139200043953224,0.7124979400657404,2
9.360353380772116,0.12445958766518932,1.1649857221713584,94.12639669541382,0.6160608435529574,3
8.501675756578686,0.08710018564051614,0.7404975366534791,88.15094514041651,0.658611806728852,3
8.135063964920374,0.10594360180463308,0.8618579773547437,30.017766456763933,0.766495755758825,2
10.006559633917046,0.1537185074384244,1.538193411519315,41.953731344720744,0.5969676941381439,0
9.982568041565218,0.14744886938931448,1.4719183713306947,46.97518956328727,0.6594694013305525,0
9.273676010469586,0.0824186389330589,0.7643237546890629,51.80358765451952,0.650717231976993,2
10.713475566490388,0.09307991044549184,0.9972093462888902,39.95990744866046,0.6310072388468724,1
10.086644427515772,0.12222181087143123,1.2328079475472085,68.44792247277343,0.6953808620501897,3
11.175559379268304,0.09505798721200708,1.062326180561512,42.6507714522666,0.7139489064476814,1
3.0775286541613154,0.03949889080798175,0.12155896826915283,61.27392921759132,0.6351232126849926,4
2.4067183489469537,0.030164025296484084,0.07259631315914832,44.87460323286645,0.707198854315965,4
11.130993483065193,0.10740121803454043,1.1954822580157334,33.39578411617429,0.633677549539433,2
4.5774444564582595,0.05836338275546168,0.26715514285413966,71.32321141233585,0.6722862207068806,4
10.732721040696799,0.11879466308626474,1.2749899800284408,42.091216911919744,0.6558351334173046,1
9.52433643601697,0.1256335679922847,1.1965763692157325,44.55747440507121,0.671787558286063,2
9.14207438093252,0.08161364844904896,0.7461180446204836,92.07964694859614,0.7531283460748274,3
12.081120769244768,0.09971853154616298,1.204711622540939,33.67360541563473,0.7903204190289053,1
9.048795178916263,0.08624365692760362,0.7804011870186078,50.95063986339651,0.6675477484204488,2
4.22001260100198,0.028429468270852847,0.11997271434278499,37.99895717093775,0.6249954323307785,4
9.80524590877538,0.0800972334456208,0.7853730705468998,93.77892033641703,0.7366650733734226,3
9.53703138389821,0.11860886724526504,1.1311764893267091,68.97868978233201,0.6351332269615246,3
9.713801153141056,0.09742426791070798,0.9463599659749583,69.98787256137129,0.6961471281856711,3
11.898178016736589,0.11330794694385743,1.3481581234489601,40.829076504314365,0.6879930936653884,1
10.16303223675276,0.09412986568313404,0.9566448593788988,33.821718163773646,0.6456788427880131,2
12.505876202111505,0.09803833414018033,1.2260552698183371,40.752445502983946,0.6033206200799522,1
12.052821287563345,0.19676394172356718,2.371560625430684,41.33978895435203,0.765982922186909,0
10.557444749712912,0.1030523401130239,1.0879693870718736,31.964423228571864,0.7433699403753948,2
11.445529824140092,0.11341525752782414,1.2980977125472402,31.90004120108113,0.7278662951748223,1
4.084184526875018,0.0355548110628372,0.1452124091988044,65.07215268877408,0.6783738901336395,4
10.39367157063854,0.12456503041377354,1.2946880153073632,45.34226116554866,0.6302335004399424,1
10.221090649776103,0.093010555699156,0.9506693211871229,34.93390610841945,0.7459626901465465,2
8.813733480342886,0.08292676387137768,0.7308943951496503,74.92720646936148,0.664697144004891,3
11.757566773240182,0.1459897107296208,1.7164837721095352,50.33103227741505,0.6113077335327717,0
2.98474715951224,0.04993822161480466,0.14905296511588095,34.05049640697304,0.6226297837246316,4
10.316217513194749,0.09059931763272573,0.934642267246219,44.45484156972424,0.7736066947567457,2
7.656624363898464,0.09316479751584726,0.7133278585175032,73.95158343807951,0.6503627307310843,3
11.617024289758032,0.08092904038263393,0.940154627871867,36.18368134294151,0.7837454369012171,1
11.77968723586562,0.09268998134708398,1.0918589901668674,49.48188797894825,0.6462968640760666,1
7.191665406881249,0.09488782387758803,0.6824014805146904,79.095842786005,0.722165130992923,3
9.388773140550255,0.12574629616152877,1.180603447925039,36.05380930203417,0.6243936860426996,2
9.950619633605074,0.11690104885407744,1.163237871916409,32.72992390900778,0.6749474554706644,2
5.4286963280604486,0.05664287531696868,0.3074969692440137,67.03779134488592,0.6520044695269214,4
8.744732095829717,0.11594877301857957,1.0139409568876474,33.80894295156196,0.643351133513065,2
11.814513565250424,0.10915598976032563,1.2896249217517035,41.12318888813763,0.7170828274857007,1
3.282976268261976,0.02021044193634129,0.06635040124809506,55.744041756631816,0.6472548054625564,4
9.511936109104072,0.11831643679715392,1.1254183874713781,38.26054546105223,0.6797292125609619,2
3.2516448396425974,0.016980977381012223,0.05521610747305607,49.93176365862905,0.5979506327104301,4
11.759581298391465,0.1833473340199885,2.1560878802513903,38.84406415519287,0.6925797881800464,0
8.644721968984188,0.11522339250692741,0.9960741925455234,44.88494343953319,0.7046889347732005,2
8.285786590654828,0.10016314572087208,0.8299304496918074,97.9048674548387,0.7332278901279922,3
9.322076106015869,0.11004793724050871,1.02587524626608,73.43070399054383,0.6996778169058532,3
1.5618834486940152,0.029595638610042115,0.046224938098554325,35.35624798314001,0.7282763579004243,4
9.148682040236396,0.12411536444860231,1.1354920056483229,96.95063836520939,0.7465216108442989,3
11.627943171937353,0.18106833471582257,2.105452306312916,30.25434025687196,0.7848962132039456,0
11.054007276765942,0.10127079751107682,1.1194481326113335,38.892239917356406,0.6602255492406073,2
10.634836132813994,0.10003069816973116,1.0638100832860677,45.25535872669005,0.6635680199303945,2
0.8741429378054962,0.04583272466818829,0.040064352589080546,58.96211188960385,0.6160836582229626,4
8.985940383484024,0.07477798095438594,0.6719504788534159,73.95195817268267,0.7023953861261443,3
12.312569603262009,0.15551121720551225,1.914742685930866,30.936313509356637,0.6579944274947157,0
12.451316070136563,0.0966394907640887,1.2032888443607117,48.10411178228197,0.634706697959151,1
11.465687959383146,0.08577707323437836,0.9834931557745383,47.41101199575845,0.6884910353238154,1
10.5399945206568,0.08393561587485052,0.8846809314088784,71.49382644066613,0.7661113054084027,3
8.334204872188943,0.1002559620100564,0.8355537270502017,48.942628321010396,0.7304127930930142,2
7.928704735398097,0.10708444314261333,0.8490409314323065,72.7053091688087,0.7345598603156717,3
9.055766563067108,0.0959795887099509,0.8691687501765066,98.77462211765443,0.622732794230531,3
7.075732467033305,0.0863874780235889,0.6112546829966341,48.651018800615134,0.7938319658184196,2
11.048553492834525,0.0776988135711497,0.8584594980706246,46.154622536395294,0.6219820649315146,1
9.681787535388771,0.10233221800433158,0.9907587927430239,80.22097558608537,0.7397773717225692,3
2.47524753947545,0.05206231161386623,0.12886710872162652,47.24751281508972,0.7111122213444568,4
7.6601033965992515,0.10791488720753246,0.8266391940420446,44.496548977379184,0.812672078724782,2
2.4558241101738862,0.009907773817058,0.02433174981808059,52.994666905514,0.7001579532863449,4
7.093199053085353,0.11312925506233526,0.8024483248844079,38.301642680291415,0.7717687042436531,2
9.256521011602116,0.10641795510191425,0.9850600374125998,36.3527263770641,0.7402480512464515,2
10.37367012482142,0.09839971393598398,1.020766172748691,32.19016318632257,0.6632040829333532,1
3.6584668067673953,0.034299856221600776,0.12548488546362058,36.324923877462226,0.7040899329718213,4
9.580603989846724,0.11044663025862897,1.0581454265209467,69.90951985444562,0.7069651081810084,3
11.334658273276908,0.12397492237159091,1.4052133795380153,45.04616419490772,0.7337867222817371,1
5.045030843601168,0.06963813835055353,0.35132655586950795,54.16325248136393,0.7147359502469772,4
1.5475772382527657,0.03294216778056707,0.05098054903590923,39.868639543210634,0.6490885757306508,4
10.138014667589005,0.10110340533224482,1.0249878062014943,38.11734733030263,0.7621484758507073,2
4.349100362306202,0.017094585986846957,0.07434607010887062,61.88252780801804,0.6796828314655192,4
1.2909482313071168,0.018905554763512775,0.024406092483836652,45.27687862850487,0.5695166356128993,4
11.462209845825656,0.08900079154636087,1.0201457491489745,45.07377608403351,0.6354047662386965,1
10.32854933032482,0.09012725604419043,0.9308838100592367,79.93663086551476,0.6441354025079895,3
8.978479399353992,0.09090211738932216,0.8161627883376873,78.78561984263435,0.6787431815568407,3
12.20044027181263,0.09161558200226157,1.1177504361859443,34.06518574883206,0.6020707894668647,1
7.6266194037124375,0.12768137152502124,0.9737772255653436,74.26311884725459,0.7641188713998365,3
10.955631204697056,0.08695051511211556,0.9525977766267761,45.65154081538168,0.6562362813915817,1
10.800740660796198,0.10990476878037564,1.1870529049816076,45.5643276713497,0.6577194916850129,2
9.213122451057908,0.12366402964413961,1.1393318479027132,94.51395391276479,0.6505802249180369,3
2.398007830305988,0.03303267953638802,0.07921262418424685,59.69709755316848,0.7244888078818984,4
8.714553353452722,0.11750965522672864,1.0240441600191612,42.729788469904825,0.6484462916821427,2
6.833468258693334,0.11536152063911209,0.7883192895619684,43.93458246811652,0.7552445331436626,2
7.1930965754525555,0.10209379077172961,0.734370496775098,72.09689610754225,0.600925366126342,3
10.70100748413492,0.1452069238495561,1.5538603788623093,35.984759438728176,0.5685073208523245,1
11.223933162035015,0.17793931795798704,1.9971790116585435,30.711892448353755,0.7572599187059598,0
11.537584070497955,0.11153485464283053,1.2868427622324263,44.61809974987352,0.6498892958516418,1
8.473111607405121,0.08173209129401156,0.6925251314407844,48.673253385302544,0.6438373457759351,2
10.005300318714724,0.10696480917791827,1.0702150393590852,34.484428276599125,0.6243930388835973,1
8.015633991704856,0.10153517664666639,0.8138688132827763,71.80836617333543,0.626596513012866,3
7.6597695806733626,0.10065577252647633,0.771000024517481,33.78110237888306,0.6289254782735599,2
4.343669529792399,0.016962858708952835,0.07368105251225206,37.01231717718512,0.7022889616251726,4
11.04414147891489,0.15046658346566544,1.661774235643765,37.859876614910455,0.6674414600949782,0
4.023325075721678,0.0365277947287441,0.14696319249297027,39.1790436650141,0.6820518394640248,4
1.1235289246174376,0.013517611079475396,0.01518742703951975,44.993019029420374,0.6288880464816935,4
10.018598654382265,0.11783606404594062,1.180552232688363,35.441816529911,0.7280377416748358,2
12.863678884560917,0.08082336655089611,1.0396858336798895,35.8274990564625,0.6021765170573408,1
7.390881173766304,0.11640815568331571,0.860358846312675,100.88709026420288,0.7182574521837352,3
10.52507013178597,0.1479733038989708,1.557429401168746,38.120023854147895,0.7505101665641323,0
10.24476027190654,0.11169566852937966,1.1442953474938302,45.96721829386068,0.6126884286518502,2
7.993913946834569,0.10959432879875534,0.8760876334783438,80.64391412960632,0.694693085702949,3
11.755697945356124,0.10965036256624003,1.289016541927502,38.54738604866481,0.6312775159543975,1
10.885443447248857,0.15814315640444632,1.7214583856100312,42.16600113913238,0.6237637475966926,0
11.985462447866754,0.09565656050438123,1.1464881138173553,31.68172868527195,0.6812296781628677,1
10.060051100534105,0.10650498228654717,1.0714455642641443,99.71057387781381,0.606184288262778,3
9.29034249840132,0.19611697986397436,1.8219939126883968,46.07872121418879,0.7354940289137764,0
11.343788352212986,0.10380907758634692,1.1775882051779762,31.500609487629923,0.6444610471516183,1
12.73635032314833,0.09951207930911896,1.2674207034658593,30.351293564971385,0.7729550991833305,1
3.5785466094107754,0.03867300867977679,0.13839316408672872,47.87172754477965,0.7269916270725948,4
10.200279415439844,0.09352249942208193,0.953955625735547,31.616105867485995,0.7673090436532491,1
9.235983853140528,0.0984244266727745,0.9090464155043592,35.22770160370247,0.6233805626223557,2
10.291253293282638,0.08548284973945977,0.8797256589004003,42.441709703806836,0.7643216523991712,2
11.458874432424789,0.10646928682145476,1.2200181885968695,46.72958842343398,0.6503972731743654,1
10.515740289412221,0.096298939141418,1.0126546341570648,47.61518489320558,0.6389082244501229,2
6.8100034631305295,0.13477410306923446,0.9178121086417976,47.31116306357671,0.7135218145943265,2
8.64004544106966,0.08335225602792354,0.7201672796969318,80.29678194500798,0.6287968917883645,3
11.452807151107955,0.18561165526260942,2.1257744927205975,40.24859863944487,0.6610929127595242,0
11.863270775137975,0.11284849160752294,1.33875221250593,48.42791358776798,0.6947827012060187,1
13.014298581178767,0.089345896499114,1.1627741740425643,32.71607705907607,0.648792483420109,1
12.446051539471911,0.17677510864816598,2.2001521131308204,35.15109236786024,0.7186427455063771,0
7.595503501906414,0.07976949464032752,0.6058894758859127,47.53337569890228,0.6996907111908992,2
11.547991788665447,0.14495281789848402,1.6739139508356113,31.728603733354273,0.6111051912230656,0
9.624757864386956,0.09941155071034134,0.9568121045102604,50.17409969620366,0.7939600187062492,2
7.156150797227894,0.1113398676362268,0.7967648825482326,80.23304024004788,0.7452197290372096,3
1.56084659918862,0.05107523542865738,0.07972060752157799,40.74199464373388,0.7569569804637135,4
9.072445212279618,0.11749599462402277,1.065975973888747,67.67140532066306,0.7470415232571336,3
12.232874534432067,0.1495816557353685,1.8298136272633736,36.158568992451734,0.6510735365284044,0
9.5110710604413,0.09755637803693189,0.9278656439085341,35.212789350201874,0.7009862101721719,2
9.199465194354712,0.10000630417412106,0.9200045144658769,87.46508349844264,0.6752306814927662,3
12.615125087989917,0.20665857895432097,2.607023824014999,50.939107770053255,0.6792264925817801,0
8.044692236404755,0.10338444149251488,0.8316960138398761,73.71899836108862,0.7105751259164561,3
9.67404382454441,0.11767533555376891,1.1383963532151296,37.14227353618535,0.7383163599049938,1
10.364752771886797,0.12440029295558101,1.289378281234888,43.741077041554014,0.7414764992795626,1
1.247961177222506,0.029270791786384757,0.03652881177597158,55.01692411739434,0.6631297484726647,4
7.795813343832679,0.11828374730449757,0.9221180155949348,49.82471566629001,0.7711813044272449,2
8.608517033499686,0.09846878740717233,0.8476702336627023,42.59692389597988,0.6390498299370119,2
1.1203417940135396,0.01787005019173525,0.020020564090920668,52.512396313426855,0.7310672240438935,4
13.185386710251258,0.10062869128340597,1.3268282087181977,44.62704548356102,0.7292421841743889,1
11.073422705564287,0.10401732571449857,1.1518278163390043,32.33483294116018,0.7338767146372019,1
8.742882621928482,0.11733948714758437,1.0258853630486158,46.137445585602684,0.6455157342845796,2
11.64345499127086,0.12568941002714806,1.4634589885304867,33.27489084559883,0.6271520979661181,1
1.4014041889998843,0.022403536255699782,0.03139640955714846,45.10353928289241,0.7054714104812795,4
7.880154797287345,0.09502245295189225,0.7487916384788648,35.635565325481295,0.6017309612154701,2
12.477384340278066,0.1126070633925112,1.4050416093784186,49.41310940069014,0.701967203031234,1
3.9483048569113834,0.030596754074483364,0.12080531271800583,36.959941057259435,0.678208363751198,4
11.133596816604145,0.10042207213447796,1.1180588626332155,28.66545031638977,0.7464424221298374,1
6.905283842739914,0.08932586730949345,0.6168204682709746,86.93759010150576,0.6548627815841538,3
11.427766916204599,0.11499602335699954,1.3141477512142106,36.24406074125516,0.7289609777770666,1
12.145694398388624,0.1313054836175324,1.5947962768511723,41.03150699225734,0.7723132985418559,0
9.350719237832363,0.12106851404498718,1.1320776833762394,34.36343533618355,0.7704827039926654,2
12.642727694012816,0.19394879675973775,2.4520418240147994,30.66534880843892,0.63471497783269,0
10.685141227558251,0.10944398547270735,1.1694244412827117,49.22482972805745,0.6038895438603872,1
8.421367086120569,0.08797958293745321,0.7409083640000832,80.79610309357712,0.6979737324787276,3
9.007963547353793,0.11386271494442075,1.0256711856220782,76.81693705249481,0.6695776476913893,3
8.32312844250019,0.10769322070868495,0.8963445083449062,70.42462297056207,0.71317908744225,3
10.69039525385418,0.09858204964256279,1.0538810756140704,34.867805132243184,0.7568110354168804,2
9.747891154463897,0.10392216131082514,1.0130219169945627,50.00500299168236,0.7551698299120225,2
11.26072134658019,0.13501736239585857,1.520392894889998,38.82008551296528,0.6598224797636427,2
7.298339555525473,0.08270061457950718,0.6035771666518839,45.030093354668054,0.7414268175305146,2
9.235410082839993,0.1044576775850795,0.9647094887992923,37.465223298056124,0.6163390810258127,2
8.880544273496719,0.10941292235787244,0.9716463010917452,69.72333160143302,0.7213363393160329,3
9.228215641944399,0.10223015321629877,0.9434018989890208,36.974671716026926,0.6350544799628889,2
9.445679590590597,0.09379515788320797,0.8859590085136403,83.69630120706567,0.7160019392513285,3
10.20491840888236,0.19271804491556477,1.9666719242826645,36.31405377943258,0.7351994910909164,0
12.415055299526236,0.11280396064810758,1.4004674094518368,39.50723358559346,0.758172346156609,1
7.239726427273936,0.10615455966434525,0.7685299709775881,40.85129151384369,0.7331054070269389,2
10.406098609302099,0.09499396696779941,0.9885165875557069,42.82687874252241,0.6656942401667207,2
11.887782423527836,0.13874450028837387,1.6493644318892837,48.90895401404485,0.6021193622850649,0
9.494052159838965,0.1171033861313513,1.111785656024812,86.62388402963806,0.7244864775734181,3
3.793977823612931,0.020776147151562712,0.07882424155314789,57.99136127533361,0.7537323497015969,4
7.549476255330597,0.09680694217937172,0.7308417113343288,31.144590510553375,0.7452093311945162,2
7.7941974072701035,0.09119540431311551,0.7107949838522337,49.30870955343801,0.7037212056206495,2
2.1620290361746557,0.019111941243366386,0.04132057190582208,57.1640311718399,0.6752020309171596,4
8.535213322551508,0.100809289789298,0.860428793246572,45.53386650432267,0.6304771542888796,2
8.030413713076827,0.11325958173460995,0.9095212982989576,65.72302574374486,0.6321311417199652,3
12.994447592316638,0.10364855572139466,1.3468557253409736,47.11591529400695,0.6585235478444638,1
11.252743629688583,0.16859160406573948,1.8971180986697296,43.58007782250615,0.6703348931188406,0
11.511655922487403,0.1466461732944235,1.6881402893148645,48.461220668979784,0.6677846093376476,0
8.272542535838575,0.09472081578197455,0.7835819775857142,67.76304282591241,0.6347006021631276,3
8.069329128377849,0.08904084601011622,0.7184998923248374,39.73153871591509,0.6546006846193337,2
8.900248878713214,0.08616082646535489,0.7668527991372787,69.73895378196649,0.6910715924622566,3
10.696377460111805,0.09792726534678396,1.0474669937857277,44.82861905764274,0.7572736902222068,1
10.268920284703576,0.10485780480880966,1.0767764388106738,41.210158005503274,0.7522488186265329,1
6.636145484846605,0.09183146195218456,0.6094069416008523,47.29715795376316,0.6995621006606612,2
11.587731772209603,0.09305042212500257,1.0782433328754077,32.43605361059456,0.6119734823843159,1
8.34408186297806,0.11360527356647306,0.9479317027046686,86.4355054471853,0.7721333800958459,3
12.486290247288196,0.10232509445194765,1.2776608289081974,40.9044999900975,0.6266886092784247,1
8.164077432037429,0.08912160838936742,0.7275957117585121,43.7570995678373,0.7055226464015085,2
10.681235317668465,0.20186538409196603,2.1561716699778173,39.070328422975535,0.8037749580290382,0
8.922563710670708,0.08301472316749997,0.7407041563857102,71.90918963771058,0.7326908261199482,3
10.800630399731647,0.18842147369010392,2.0350706966995733,35.01007511718353,0.647918126225271,0
10.948295343417772,0.1063916082788036,1.1648067494975531,43.132800085502055,0.665704542316133,2
11.613838677456835,0.09909218950522983,1.1508407031097205,35.75941039597427,0.7590060010594212,1
12.668982509909618,0.0966335886406397,1.224249244358065,44.82729763603214,0.5939559193250517,1
7.633127161592631,0.12526637062352633,0.956174136040568,51.454187227630285,0.5954094066971166,2
9.639091457519347,0.12170335330508361,1.1731097531944905,86.99504189855567,0.7301983451398995,3
8.01971885461755,0.11318715006435867,0.9077291214715631,48.62501291663755,0.74057431943388,2
8.12319805720771,0.14114758630892343,1.1465697988842043,86.05932104057713,0.6244244312649934,3
11.846438447234572,0.0931553527919046,1.103559152879719,38.06871058295375,0.6403404641276,1
7.231285116829555,0.11028373815093198,0.7974931543191622,82.27415918582624,0.6891845985807543,3
8.848904015891238,0.08429863749893217,0.7459505518984606,40.89395182178385,0.7032497202123923,2
11.46218403331599,0.09484037165389606,1.0870777936850418,48.61844938919561,0.640819601884212,1
10.588027407237425,0.1451639438583411,1.5369998161147904,39.98380040189752,0.7676136961742833,1
10.980357460541391,0.11537685367935818,1.2668790960719332,27.77655350061645,0.7174310954688226,1
12.456114248553323,0.1779462820524574,2.2165192193507033,42.025839343713855,0.6937063773217725,0
11.340384377390064,0.10827642161306138,1.2278962401004612,33.80797631452373,0.6223711227437458,1
12.533394868756469,0.1707771045651664,2.1404168860581434,38.43648807373479,0.5977421520915345,0
10.137558387453923,0.0878983153239984,0.8910743037558697,70.31434043143472,0.74574765918085,3
10.461438071496017,0.11207892481296032,1.1725067310506427,40.30576192224215,0.6389436537330746,1
12.449325502740702,0.16205512767219873,2.017477033779404,31.230472432226325,0.6484490278022366,0
3.590971224324248,0.02472746661501434,0.08879562106495502,54.5931556039732,0.7861097426200779,4
9.403712522839403,0.09395615509363078,0.8835366722518169,47.97891839463824,0.6118967929982484,2
2.181489933365533,0.04977657330353884,0.1085870935791015,54.757985412735806,0.6544028358904874,4
11.366886279086948,0.10769391542828294,1.2241444896228995,43.35866186361026,0.7283785631171636,1
9.119500138566282,0.08040147703619119,0.7332212809724793,30.12351360852833,0.6695709519912015,2
11.019770222745922,0.08589266020505751,0.9465173792801264,38.72382993573329,0.7738768884364984,1
8.804820202015431,0.12160488447936897,1.0707091435277007,33.62058275232627,0.6446717329207625,2
4.580082543017997,0.02781942651648227,0.1274152697449124,53.34163325170824,0.6809098686697715,4
4.286734796036992,0.03902156169980307,0.16727508633425023,40.27036648690043,0.6354442634576688,4
12.104193321550289,0.10058476367169808,1.217497424684682,29.598077901772008,0.6371217182517407,1
11.82552350606603,0.10233069692383309,1.210114061864907,47.49350706762157,0.7360428813640626,1
11.001767482593875,0.12716856014065264,1.3990789297637158,44.30997294713828,0.6338348318978838,0
7.922607202494499,0.12676908250224372,1.0043416460858954,98.81330843445538,0.7745832707319419,3
12.01420720637659,0.16854207056184126,2.024899358721705,41.65081389447038,0.7659047114802758,0
2.4034996055619784,0.013287673248804073,0.03193691741233704,42.42486105832603,0.7104013788522748,4
7.406457724278652,0.12477458052839965,0.9241376557481943,81.89199679105143,0.650182016308737,3
13.437277977799118,0.09444592334158335,1.2690961258107616,37.640334621488655,0.6133834737143155,1
10.097591778207052,0.10330228910732131,1.0431043451600557,73.67659230218074,0.678074391593479,3
11.382419251854646,0.14260825602400495,1.6232269588410504,36.536373891501576,0.7682369914096518,0
9.98273263453572,0.1047633472495964,1.045824485491744,34.68786362659491,0.6949450521202573,2
11.325699428451372,0.1073011451555238,1.2152605183600937,40.00910496750399,0.7373437002749883,2
9.182746438971048,0.1177145622874116,1.0809429776597645,70.42204560409621,0.69942290682084,3
11.406845349589146,0.09118381868453637,1.0401197181194837,37.4977243736325,0.7253297409312061,1
10.87588907408219,0.08472592345879885,0.9214697452370744,32.17904201855665,0.7463418782959316,2
10.169914731897569,0.08340220379163596,0.8481933010132818,50.283501466787314,0.6465126441379911,2
9.357031274810863,0.1004280120317981,0.9397080494486165,64.58943048663394,0.5910247113757323,3
7.150908551883944,0.08749440482080931,0.6256644876751211,87.03493617760415,0.7216974917047025,3
9.507602661816243,0.1270716309251319,1.2081465764251154,33.52314551373784,0.7653950192831813,2
9.120585648739125,0.18978505109413601,1.7309508133543985,46.002746371171995,0.6131772583988842,0
7.200586147155566,0.11807957656613458,0.8502421632841036,75.48313396402968,0.6694316237091003,3
1.0090262938457735,0.01510760434712766,0.015243970023270518,37.8670109187325,0.7159886649986422,4
12.38150659309266,0.18187596246637092,2.2518984284024444,48.028661374668125,0.7093318433634926,0
8.209789532086821,0.11847480844018062,0.9726532421481863,63.09044986582789,0.679993195976075,3
10.538267550436496,0.10148324882745692,1.0694576280312618,30.353005196768823,0.7319643559102538,2
7.57462205998628,0.08852500485799128,0.6705434546577334,68.2828065679034,0.688553810599853,3
11.618546778747756,0.10740608745670563,1.247902651438007,33.267031873026134,0.7191307658345033,1
8.402827960497422,0.10663800540903977,0.8960608135027547,48.553861860479095,0.7054541769069084,2
11.087270271933,0.1710275003390315,1.896228120191955,33.54877748542325,0.6007048196078408,0
10.20166286981525,0.08674652404885046,0.8849587934746933,33.058625330479,0.7145517836392751,1
11.522718746629236,0.18350714312882124,2.114501198270843,42.965568088759966,0.6571209955256385,0
11.35961874174659,0.0866786896355907,0.984636867294492,39.72913845806557,0.6607591491176846,1
11.15505714342771,0.09332780045999871,1.0410769472017045,48.863661772036394,0.6504984906732939,1
12.670068625064927,0.08103137876031795,1.026673129676857,31.428117799387177,0.7111239317930523,1
8.007466450960196,0.1251753859250817,1.002337703281087,48.210088345963314,0.6362213636875685,2
4.52703410886789,0.04348692391992545,0.19686678787524545,50.43625971415321,0.5894555110766249,4
8.896065580620622,0.09184009872035578,0.8170155411469571,43.47531076684283,0.6630790983348454,2
12.334795612586355,0.11516872154798823,1.4205826412573048,49.22013607966509,0.7093998944789618,1
4.27819784171359,0.04902667454693417,0.20974581323308836,40.94998503697776,0.7368181161514602,4
8.581452808455133,0.10050976017598338,0.8625197637393445,75.13778353373257,0.7518306107618631,3
8.775573481024793,0.09238658700628323,0.8107452829347288,39.569909253296466,0.6720625775584672,2
8.884395071301496,0.13322392677471007,1.1836139984166656,81.69969625295717,0.7352594674960201,3
11.274251377132638,0.10864579433427136,1.2248999963928282,40.900930522413034,0.6380604951072111,1
10.383821985152892,0.08896028863999261,0.9237478009855024,32.11824443537851,0.6907993798996229,2
9.535459219092706,0.08001773148094549,0.7630058153408663,33.06904092299657,0.6920286176478524,1
11.925059817082161,0.08669716029111527,1.0338688224427097,49.22619379365765,0.649166981280903,1
1.4565911269474405,0.03006346788551925,0.04379018056731667,51.087184206108,0.6286274527165266,4
10.101107552500588,0.11062816476335126,1.117466990610367,40.98156446874435,0.7564904417683603,2
11.990779379035969,0.2115317691471712,2.5364307755008975,45.60500759903318,0.7155650010829685,0
5.847584966697206,0.08735416955429645,0.5108109286640227,54.39251016685512,0.6109826182014686,4
10.634723287274255,0.1873047009343642,1.9919336648426227,31.23106620533607,0.7299226011556212,0
12.040819534001448,0.073884936291591,0.8896351841682414,35.54340304464406,0.613031797344724,1
9.109352160044082,0.10425467886388932,0.9496925841034723,41.27027010098711,0.6484063395667893,2
11.522161895869285,0.08559744845083753,0.9862676589238755,46.36782887587221,0.7243984635167838,2
12.930302628612049,0.17604690713998022,2.2763397861511074,50.923957782305656,0.7289530109753448,0
2.7178640034789208,0.04105416730905762,0.11157964352208878,57.02343371982506,0.6984392264528291,4
11.486112923579944,0.0926919333683821,1.0646700137741847,45.16282778260376,0.763383398854004,1
9.347730979724513,0.08467516317437247,0.7915206460183098,84.97775501159427,0.7285583056781451,3
13.030007323349587,0.08645863501678913,1.1265566474355715,31.981821673625795,0.6421723587741333,1
11.280429387869606,0.2001162549024265,2.257397282791737,40.03962851882469,0.6781313485567766,0
13.433822422232293,0.08825323613204863,1.1855783023852762,41.03944993079643,0.6261193637280389,1
8.262297332432093,0.12363258789170718,1.0214892011393284,40.28048557515595,0.7232954699042774,2
6.060075879260766,0.06468601989399868,0.39200218888500343,58.5448243373549,0.7875223316054706,4
6.0409968066037685,0.07519976926184092,0.45428156596812125,64.62313029678477,0.6745589143744621,4
9.675548329124723,0.1668056544602344,1.613936171301277,45.70330898857476,0.6342220307521732,0
2.9012273218687126,0.016663209753680554,0.04834375940740724,47.688498073930134,0.6996347672815735,4
9.355339105356062,0.1230673025008944,1.1513363476773013,78.74298853469418,0.7779920159713308,3
12.522688430563266,0.0771289739745355,0.9658621100521309,33.88406148990334,0.6661768489848011,1
10.253838974210755,0.12792509565582585,1.311723331615346,91.97354005639811,0.6433391293365923,3
8.126044087791882,0.10434563995558362,0.8479172706479307,83.67891291555922,0.5407914082417629,3
9.29131965560936,0.08798280958518001,0.8174764080545187,49.00094669205592,0.8114889134462719,2
8.515618058551901,0.08752412284484874,0.7453220010565089,43.75912908613824,0.6353846169300716,2
1.2013325351217825,0.03659450572016422,0.04396217032833345,55.63926296123508,0.7296100654453149,4
11.000952021317548,0.12332327022817637,1.356673378892147,47.31061115091998,0.7255015679154413,2
8.757694264076052,0.11608232804554529,1.0166135384850667,47.55900872799206,0.6989316010298233,2
9.55135862586155,0.09443442316636697,0.9019770422883389,72.67698603100678,0.624996427175043,3
1.6194031998458642,0.04309909728028504,0.06979481604616178,39.23411429571974,0.7428116135664579,4
10.7227136357309,0.09647519767166078,1.034475917583751,46.72439626032694,0.6361449762630565,1
10.826381038442301,0.16926528091519807,1.8325304277669099,42.37227467406797,0.7493963107379135,0
7.3849455938574975,0.08107408213931534,0.5987276856707777,99.45133129608213,0.7298692069681889,3
10.438059400796792,0.11623371755095109,1.213254448172264,39.12428675221337,0.6888932407708265,1
9.744921384911638,0.12066057367777469,1.1758278047482529,34.69596567225354,0.676132668607241,0
7.2591513976846604,0.08355539384473402,0.6065412540120932,43.89748489869218,0.7856882348889535,2
10.320414295318155,0.10447256285195017,1.078200131125791,30.438953279472038,0.6599813779665503,1
6.755831847186831,0.1022800205938423,0.6909866204588047,32.218811410416876,0.6503281529779437,2
7.856386016480505,0.11847346699726902,0.9307732894413089,38.39982945359535,0.7443508812244817,2
12.755084206632434,0.12145550580420977,1.54917520389183,28.78662153006252,0.7438944851487724,1
13.144662936392809,0.09129465559513192,1.2000374756920769,46.41735209018978,0.7064717119078237,1
8.429135165264698,0.11451457443410028,0.9652588262977965,75.59708436929186,0.7580719838663483,3
11.006567966726779,0.20376505163760425,2.242753890092883,41.30756360775629,0.7353860732988333,0
11.704211161318016,0.1731194305330414,2.026226371085842,40.31774019017704,0.6267927948904631,0
5.371425925914646,0.03477067978992161,0.18676813088526137,63.20317534208413,0.7471964896454718,4
4.738003728077666,0.05672058843354445,0.26874235945689257,55.37341757097207,0.67509058505929,4
7.637477785179141,0.11655069851422531,0.8901533707495073,86.11106416941577,0.6455898828141794,3
12.507820958104244,0.10088338522416926,1.2618313200313682,41.97377139776975,0.6003476524991856,1
11.342117104097012,0.11293020011552206,1.280867554299361,40.99529223742875,0.6338189148444372,2
1.6791927751046662,0.010116554038607976,0.016987644450586446,57.38218618652562,0.7469659003390168,4
9.074940868766163,0.16903103461216107,1.5339466440917282,41.059954343974056,0.6583110564222671,0
7.951342557721771,0.11592587394788675,0.9217663350629215,44.01476066795814,0.6289048762228665,2
8.797964476396178,0.09156849729247747,0.8056163863361964,39.24004278678195,0.7815391856284268,2
12.052020418907162,0.11344523249478373,1.367244258454804,49.16303189176023,0.6888095792121559,1
3.875620695473343,0.02136599695674554,0.08280649998498348,58.15236980021861,0.7041954752342013,4
10.74219306781146,0.11943709738246837,1.2830163595414739,37.144004041004486,0.6571666028422921,1
12.360262055591345,0.09904540538053523,1.2242271659056925,46.54213116060056,0.7213905748986695,1
13.174133717845859,0.16265908091104025,2.142892482343953,42.05555022982389,0.6257865181587112,0
11.147140174361983,0.16666204094073786,1.8578051321116607,49.101032121844035,0.7652803877398483,0
11.152461850594287,0.16892266107378795,1.8839035333262888,38.44855617611453,0.6943060218915009,0
8.472550140863419,0.09983015345645405,0.8458159807298964,71.97339087006694,0.781557256479339,3
11.205303992711684,0.13062600582638134,1.4637041046383306,35.13109094214323,0.7302345305168206,0
11.887644862202409,0.15094957639488782,1.7944349562823183,32.94299334852796,0.6310356413483533,0
12.524111793496168,0.16455719393118134,2.0609326932181444,47.956603424641294,0.747986218587789,0
11.480456319559377,0.13352749676954867,1.5329565941229093,32.15506808057569,0.6529826958692609,1
8.175956643433963,0.10350751408779925,0.8462729474514769,43.91061648015011,0.6474027481694924,2
11.671817839582372,0.10166641646533468,1.1866318933865043,50.79818831022808,0.7623001901155092,1
11.866988167655457,0.14820855682797024,1.758789190222814,48.97027489478031,0.7008243576950609,0
8.953605011660265,0.11113720510692922,0.9950786366273163,36.34599837478792,0.5930461802944615,2
12.423495224135822,0.15747208881316943,1.9563537433051024,44.64185321822031,0.7121590450500752,0
12.529167129760426,0.1018811222337532,1.2764856078342446,41.00600468902694,0.7396412529733581,1
10.217301093160886,0.08981202741462337,0.9176365258824268,42.05138206056521,0.7757866921439103,2
11.07515745201577,0.18941266402451856,2.097775077477306,35.04716992906964,0.6064855993743683,0
9.640272058207351,0.09149467508809034,0.8820335597264776,41.08160143748893,0.7283540270128733,2
13.5189594114665,0.07144923873270917,0.9659193584076754,34.78575880597811,0.7133099629997206,1
12.816245001961477,0.1253294405742178,1.6062528163579468,47.416996143928564,0.7418752897825752,1
9.167708542448016,0.11977959096963656,1.0981043793432663,77.06350775677225,0.6332646047816961,3
10.748938381208706,0.13938740464125285,1.4982666236054314,43.21044417291423,0.7467085359716329,0
10.842795139225275,0.18652845110973174,2.0224897830198185,45.532853711082886,0.704833465318849,0
3.842617071664435,0.025798801353325247,0.09913491450876713,57.919861411594844,0.7161828425927556,4
10.903136518551593,0.11822849609567014,1.2890614333141355,36.73891598071359,0.765432939604557,2
8.512311849819337,0.08466804327253748,0.7207207880498372,37.76046153454726,0.7220207581616837,2
4.309210694300293,0.016566561712715835,0.07138880490022086,31.434172267908245,0.7020593300541244,4
11.97795177367265,0.1525672698016871,1.827443399925512,37.03147803662799,0.6106282935465153,0
3.3547617070888633,0.0432244007574766,0.14500756447304536,34.90235467152065,0.6807489136917071,4
3.263802649665604,0.04100164809540116,0.13382128769442697,38.48707024034979,0.6230903361799741,4
9.620857259767858,0.10825678750384372,1.0415230999755012,31.065318635390856,0.613215646532821,1
9.986173932286889,0.18781153222020042,1.8755186272402244,33.55382121630968,0.6406078882990445,0
11.851228039132907,0.1625321264297778,1.9262052940044774,46.618127725927344,0.6600263287694418,0
3.3249848817953755,0.016025631993212497,0.05328498409864784,43.83501449874741,0.7754301973510063,4
11.947863532221612,0.10391823056966537,1.2416008373563021,30.137380667979215,0.5932645967816992,1
11.929312597791222,0.11212303554599165,1.337550740441391,47.31705418322255,0.7528907804906103,1
11.24420946644864,0.15312556254206866,1.7217758998908017,44.11065714992698,0.6812726192742684,0
6.819738038245327,0.10658672297796948,0.7268935290647757,51.299048702643105,0.7465146563001958,2
13.22609466946612,0.19795160980343057,2.6181267312333905,38.92925785561997,0.6862380091747681,0
12.53752695021738,0.19099691461561974,2.3946289644017003,33.803876999522274,0.6732171776959254,0
4.208764731117952,0.04470452499989667,0.18815082814094589,38.9384673277689,0.6893368582679441,4
7.331440310503509,0.12211995165268048,0.8953151362632012,76.21063369008004,0.607067761581341,3
10.065508386780598,0.14635235471407548,1.4731108537996158,47.739073242506166,0.5834271582929881,0
3.67900799072558,0.01611458333640581,0.05928568086185026,34.757104591032544,0.7221429359157192,4
6.091870211790105,0.07111675403660078,0.433234035474772,65.06679967992086,0.7745295466342421,4
1.0656752960181073,0.040951543050206096,0.043641047762426645,34.205838592885605,0.6114808207884949,4
11.061569681444302,0.17648415158410183,1.9521917404181213,40.0816123206496,0.7500457305674025,0
2.419943885410152,0.04959853960799939,0.12002568264965136,61.686113308800245,0.702801740979109,4
12.886401631540421,0.1298363213748409,1.6731229835979564,42.03132941912657,0.7452605498553138,0
10.734782781644832,0.08277190970460824,0.8885384711008892,88.95812160602877,0.5978047676099233,3
12.68268117143288,0.08792090994650342,1.1150728691537648,34.76767614926218,0.6455909829487151,1
11.72385099892565,0.2032326065041571,2.3826687967780256,47.016240868063605,0.7947927703690298,0
10.504662960792237,0.18075801127771712,1.8988019859355005,46.28362892053849,0.6848165917192602,0
10.349023264732418,0.11516073655481833,1.191801141789536,35.625097702223464,0.7141792983454234,1
10.736520910755846,0.19173124567585925,2.0585265284441294,46.907456887958766,0.6751659050149941,0
13.11004394727539,0.18981887968669922,2.4885338547152065,48.32903684923824,0.6609353392368026,0
11.815218319814313,0.10629813823009972,1.2559357101784285,31.37108763429251,0.7228700424569406,1
8.831299952514197,0.1150734773377789,1.0162483949487702,43.16767938683059,0.5844948988726656,2
10.31329834880947,0.14277614220671153,1.4724929516698642,30.922143252599557,0.662566563370934,1
11.229319547926488,0.12766034324494013,1.4335387878954116,30.1618833798592,0.5562028875555785,0
9.46506377859927,0.19383558455981692,1.834666170420739,30.918918791216324,0.7662974962850314,0
10.67752524155902,0.0880661633352355,0.9403286819392365,31.348072104912347,0.7840386434018927,2
11.631148593610062,0.09208857711845175,1.0710959242388318,38.073876873468365,0.7674266806718792,1
8.418716685470413,0.11294994959352933,0.9508936252660874,81.06582576501545,0.6033911978872726,3
11.661301061863183,0.09606649943152679,1.120260371830342,38.34252748409581,0.6288760814747706,1
9.711382478013563,0.10488607724529064,1.0185888127474927,37.079156275975514,0.7404269975381992,2
11.670732410644629,0.15955609513377977,1.8621364907937012,29.806798160234944,0.7709771635159635,0
2.5649793958873364,0.01496281988857048,0.03837932471855653,56.002695662956214,0.6039182747939379,4
11.262702732929128,0.18176115463583753,2.0471218530574014,42.75527067020378,0.6089091033878632,0
10.61930350465186,0.122153875668678,1.2971890799952,101.44898101317628,0.6308644847553831,3
8.415706310164376,0.10856469426973585,0.9136485826268823,71.60739977793645,0.7271867783110032,3
10.071823355413526,0.08733618711181083,0.8796346491255022,77.43745469371945,0.7576369200351909,3
4.569225036824338,0.04608812828581103,0.2105870296638997,38.2630172486581,0.7837487858505205,4
8.358364985172917,0.11602391902464067,0.9697702622180945,79.89349962150226,0.7033417946084036,3
11.169714570703574,0.11024905915630437,1.2314505224645331,45.21028030135028,0.599161874098534,1
13.253750631201148,0.10756544441365577,1.4256455767929221,44.01349062069352,0.6863510539916564,1
2.8200064283973707,0.04342248970208571,0.12245170009690033,56.43419985647991,0.6002928541688921,4
10.180895679854338,0.137394143134456,1.3987954382748715,44.86441976464067,0.6217552708555828,0
10.664219456704048,0.19166827114559856,2.043992506383719,30.473953741054544,0.5655723391083238,0
9.397575561193026,0.11353684734911476,1.066971101942944,96.53254110151427,0.6451720537421582,3
11.333684132901157,0.16575080903070494,1.8785673143268302,37.36991936645012,0.6772892294091658,0
1.2242862364668468,0.03902550306294495,0.047778386271158275,45.579133481042675,0.6816275823159561,4
10.024895302298528,0.17040512195446084,1.7082935065688822,36.968728839890986,0.7165437988481792,0
4.749031719433593,0.028632625298427403,0.1359772457528885,66.91319840180279,0.7073266928873,4
9.62689707914069,0.09748180352828266,0.9384472896557909,68.41609590182082,0.606448036184893,3
10.084078869549996,0.08697783874200567,0.8770913857773864,32.685573568755096,0.6284558827336928,2
6.3358879224487055,0.05980755176053737,0.37893394487081455,73.40315026384673,0.7465252720468677,4
12.913889649018376,0.14064944008697636,1.8163313484794343,29.19255487988905,0.6621444077802254,0
6.729179594364701,0.09170363659418676,0.6170902400986376,83.2355442140775,0.6617208997108622,3
10.005687499289838,0.10661852781415247,1.0667916709427512,34.956875461724145,0.5992746325460154,1
8.826198761370025,0.0914326943893464,0.8070031339679732,48.58235238449531,0.7002973243994204,2
10.811364618398992,0.09091124987148846,0.9828746702750403,80.27454917568664,0.7323826934806146,3
6.924556175013863,0.08472946756944774,0.5867139578636562,69.41001455728431,0.7025295886303758,3
8.626440082997679,0.10670136219785563,0.9204529077740351,36.410000778557674,0.6957794714007693,2
10.401587314446848,0.10093959247649777,1.0499319846289736,47.42649940277296,0.6837219409760843,2
7.3498412811226,0.10266393917279726,0.7545636582148849,69.33862896625762,0.6135814459059865,3
11.33749145833656,0.13534564432529078,1.5344800864610424,40.73687657088416,0.6734631081337521,1
8.587900070532427,0.08266699180073185,0.7099358647162086,80.88290383135761,0.718414215894671,3
9.171392368683492,0.08425595171079563,0.7727443925365558,96.0312112422759,0.7147727452100394,3
4.493668032374261,0.033841767986383595,0.15207367095943863,48.64020966086141,0.8056878905666431,4
12.16175090864419,0.16459814916944382,2.0018016902226354,39.981345275016956,0.7426989188225424,0
10.384949993213528,0.15480015695756216,1.6075918889458882,30.27154566223405,0.7764777794692765,0
11.320233521924067,0.18731564843958143,2.120456882646693,34.34324044647387,0.7456678807873564,0
2.3515418292532497,0.013189640026869861,0.031015990235977436,42.51912524613691,0.7627823989784017,4
10.80790555705688,0.07682195716862239,0.8302844577867395,37.647706898962056,0.6857348931096399,1
12.05819299925141,0.18117492759611797,2.184642243579391,43.206780527380886,0.6135882812631552,0
10.026459048744991,0.10178427185880054,1.0205358335985908,36.19175914131001,0.7393023582068466,2
12.188897596497814,0.10949251807456797,1.334593090393595,33.57622823695483,0.7257894540726261,1
11.494440104375611,0.12712974405017485,1.4612852284693365,32.97482389958431,0.7088379123006504,1
11.997476648108865,0.10707663192728936,1.2846493911058023,39.42527241908569,0.656532531152217,1
2.2513499137330886,0.04906208175225667,0.11045591352050879,31.842668604102087,0.6817734505001222,4
9.217205934866225,0.1074110044330341,0.9900293475301043,65.85545060579088,0.6929080451653397,3
10.815233841877152,0.09152563765165177,0.9898711737295298,34.22450973308049,0.6845635162072531,2
10.193808280956516,0.09682782168812527,0.9870442505513923,45.750677774521286,0.7426745928630616,2
8.866131329762483,0.09127144744009659,0.8092246396614102,67.38299344075719,0.6433525436036029,3
9.706295539291204,0.09642177065751639,0.9358982024236109,84.90257692691361,0.7100416500310999,3
7.841303864328139,0.07851866431355488,0.6156887059037618,59.91420799809012,0.6524529243915131,3
12.036702585754263,0.20443360187518286,2.460706464306071,43.64294385839824,0.6754944448359456,0
9.036430394303085,0.10187815507812523,0.920614857063494,47.36719792249399,0.7355614968125918,2
11.719393313733374,0.16067025879763888,1.88295795666886,44.70699366889042,0.730741647178863,0
13.154322810073069,0.09177172106362946,1.2071948437069642,44.235461853777096,0.6632548727448151,1
6.940869558516423,0.07765563263068109,0.538997616573629,42.84409827291659,0.6542122743526396,2
9.87277886666366,0.10625889304797184,1.0490705536790905,93.2446017524056,0.5988272028643574,3
2.7842134959786318,0.03832659840696457,0.10670943253962388,32.63336465167032,0.6415680098525003,4
7.806693534593119,0.0986004971024109,0.7697438632370587,76.25773118084534,0.6311155078563816,3
4.773212864158934,0.07824120318665302,0.37346191755780517,72.27813909137342,0.7068603413645902,4
0.982895941488696,0.016221009625879156,0.015943564528125693,35.38226387710689,0.5882686439974434,4
9.093707558484816,0.11155386684664813,1.0144382421215727,97.08516233401215,0.7271007329432398,3
3.101060418324825,0.040766944351774956,0.1264207575053401,64.17869599959066,0.7145110937073504,4
10.283076620440017,0.20268322654693013,2.084207148260085,36.289968755600256,0.7728568779353819,0
11.454481864377305,0.1711244133127026,1.9601414888425581,45.44572869217072,0.7149376629202551,0
9.47667124185664,0.07560858653346024,0.7165177176390718,45.93380097808488,0.6202218782023138,2
10.421437407939242,0.08494271220980763,0.8852251585551068,30.368992479484547,0.7028419607191118,2
11.08624749921141,0.13900915121524965,1.5410898550275622,41.13686817132461,0.7063673014623848,0
3.1876797869809814,0.036463398216915736,0.11623363746070066,57.00948470784208,0.7485902547296244,4
9.676042008853537,0.07848937799957736,0.7594665187726952,65.36832867658381,0.6563030100921127,3
4.485722395729438,0.023660183513064592,0.10613301507162225,51.368756627054815,0.7254195355572248,4
4.4015706988844405,0.04212558936055449,0.18541875980265476,58.80598845599208,0.7839764588416639,4
12.46644569070444,0.15743742585070739,1.9626851190521508,49.4682508078099,0.7193872932916106,0
12.928417314166715,0.19423943089054577,2.511208421419221,34.98146405563019,0.731223527619033,0
10.887514454526753,0.11320081426358916,1.2324755015590252,33.176868601150304,0.6682208570674186,0
9.002762211618924,0.11222603451715787,1.01034430271091,44.54749274698071,0.7813251902292602,2
3.882438852951128,0.03388880620118295,0.13157121787560383,34.6728239682237,0.6696705662554194,4
9.142919404374055,0.12510370683286548,1.1438131087613288,40.5665571691217,0.7421238716419881,2
10.93686461663571,0.19157928320437562,2.0952766837583674,35.719325603713536,0.6875686779661081,0
7.569114399951746,0.11103073515417786,0.8404043362927162,70.06794859434179,0.604330274036044,3
12.446650340116573,0.11367763430502048,1.4149057656862305,31.397897679071523,0.7483919183471508,1
4.833851932637605,0.07899991911524051,0.3818739116934198,68.40657772413923,0.7194228712336067,4
7.963896527077186,0.07931860678300288,0.6316851770917576,76.75902039271107,0.8017281194017389,3
8.8465515278,0.08225257536038684,0.7276516462199148,73.03127144882656,0.669371820100587,3
9.556834555528447,0.07864115124579966,0.7515604717123971,79.45767110355456,0.7321360106964523,3
2.4064656405126668,0.0389863471730759,0.09381930492110528,33.481676687898364,0.6927373378515351,4
10.792341682592692,0.10360868755480256,1.1181803573764184,45.76195279507066,0.7465875297195045,1
9.646430665618908,0.12303551285417191,1.1868535441566332,42.04197533570775,0.6112928841589176,1
10.106018256459944,0.12399586139971715,1.2531044390310184,47.72511692458853,0.6875726736119795,1
11.427633212183947,0.138223671847655,1.5795694231162773,45.83036949376478,0.6662794329265365,0
11.107634156612642,0.12931384935035642,1.4363709299670804,50.04500820576988,0.659269551775285,1
12.35560190382563,0.1090390502084223,1.347243096346521,50.49520363523119,0.7565888647790228,1
10.217019635158868,0.15881786028400144,1.6226451969355604,42.47194999659592,0.5920379976401666,0
10.916894114413125,0.09752608138611409,1.0646819038858444,50.7534366229648,0.7462156833416138,2
7.181287769442608,0.09381479469157046,0.6737110377113442,32.03498557821245,0.7184192892219953,2
9.981277002522877,0.1292317159906659,1.2898975548142015,94.61943527781152,0.6844746739770985,3
9.906783379969388,0.09833435704136857,0.974177174017406,94.37833123987471,0.6626782255515572,3
10.082165795150765,0.16203906465562945,1.6337047151492106,46.471305312995284,0.6741470385614857,0
13.520029521222451,0.16869615546641561,2.2807770020226714,37.69986251249189,0.6798016164248913,0
5.413786271502782,0.04559561245463135,0.24684490074764445,53.99354499191927,0.7584578751044578,4
6.940847722777812,0.09012685581099127,0.6255567819168429,36.34150881433046,0.7909466027994128,2
1.2372390746669677,0.03757879985265336,0.046493959556792024,46.890054446681674,0.7017684575364073,4
7.328050093534493,0.11864598453928055,0.8694437181005669,73.370902905473,0.6995570343596845,3
2.2157287205002256,0.04661084164880632,0.10327698052794826,61.317139864549276,0.6168895964689823,4
10.318665962274538,0.10126401284262576,1.0449095225225342,70.29908975982747,0.6699667129747313,3
12.031170141201178,0.1853675026269414,2.230187962754288,37.304496080013166,0.6080248197601676,0
10.782481755627243,0.08062054346257348,0.8692895390139518,45.010018646123875,0.7315724469838375,1
11.728497981845072,0.12978792615463247,1.5222174299724642,45.858214844658534,0.6103204902975545,1
9.329432616417279,0.09591413273131269,0.8948244382788847,92.62391180800074,0.6920362125067235,3
10.066282363909254,0.12515573568295446,1.2598529748474125,79.19687155857353,0.6838435500762119,3
6.998991880088217,0.10864156913433223,0.760381460211234,47.824796567293795,0.6369318411980034,2
11.448228723347892,0.12270643449431087,1.4047713279173764,34.803113423531244,0.613206398496626,0
2.8805370768595293,0.05025442464077036,0.14475973345398216,31.90041560222532,0.6564079186617823,4
2.4486359724397335,0.046749465990541715,0.11447242411678836,54.66139864709665,0.6441393016367322,4
10.527913501591433,0.18802419453428723,1.9795024562633767,33.76181965602746,0.741747325687656,0
11.776038409214227,0.12315847559113258,1.4503189389814501,44.053881445382444,0.6992738256429407,2
6.316026451345339,0.06436203589286064,0.40651232116174596,55.969467931930275,0.6146238442323887,4
10.678275491351034,0.09647431963691507,1.030179362923636,43.012893799117066,0.7787425826092704,1
9.797546312596921,0.1001009112934356,0.9807433143305915,98.70307189165405,0.7257381236051673,3
9.330316224317091,0.09474669913607091,0.8840166641497725,39.61455962209761,0.7684167396397424,2
12.912017298054609,0.11204675994338538,1.4467497025799643,40.9774207545427,0.7227376202438245,1
8.281730324330134,0.08932064601318415,0.7397295026761447,95.31786521911074,0.6380642022300258,3
11.853672770905808,0.16695232349750988,1.978998211081891,36.78347027459422,0.7090881094734796,0
3.0530181959947598,0.0368420608682507,0.1124794822087159,33.36452554007944,0.6886376983460797,4
8.158405831411619,0.12134987267383118,0.9900215088632418,66.48443552528451,0.6259797904073284,3
10.711831929665374,0.16745410012564876,1.793740176479307,39.28377800470258,0.6349978481323676,0
6.991267607743338,0.10191759811955986,0.7125332023922822,78.4582935377384,0.6949754782231005,3
8.134420842221774,0.11041903886810006,0.8981949311467693,68.79047336499191,0.6449351162986572,3
8.750900505137874,0.11503767472577288,1.0066832458676525,53.88578077515553,0.5909031479051982,2
13.89230124217196,0.16775689423459142,2.3305293101581244,50.00773036484644,0.7470217185177545,0
9.46967906192609,0.0873607952383746,0.8272786935020484,87.15562211495781,0.733710745655274,3
12.445701782568351,0.08877659344266099,1.1048870072596717,43.14924338442619,0.7460214014608479,1
10.953216803759524,0.14014871633180495,1.5350792747508528,42.86651252318154,0.7105974899564478,0
9.781071827042076,0.17009846041440163,1.6637452589825357,30.9478360826098,0.5874408206326176,0
8.930406096106504,0.12676941821961904,1.1321023852683607,48.60834344721315,0.7776627731301167,2
10.013143921703934,0.0813433637194537,0.8145028079984001,66.89517077340051,0.7348831189758306,3
10.7047814462459,0.11590575885953502,1.2407458169526018,48.53329767111652,0.6812606462588444,1
10.724587875722776,0.09228480916064292,0.9897165454376212,46.2415982369218,0.6889838025674696,2
8.681385201180065,0.07219204005772671,0.6267269082001471,50.101023499823356,0.6677159610763865,2
11.922698564048268,0.12150708957766652,1.448692402429329,41.60453972069316,0.7639313951153619,1
11.912093369909709,0.09088060024694779,1.0825781956550813,37.97949024826689,0.6052664190130546,1
10.318795750554816,0.14500172687203222,1.4962432030702362,31.396113867661498,0.7449521667285609,0
10.756062883681855,0.18270510272945656,1.965187574127588,35.252554855768444,0.7378116216346973,0
10.981226433874,0.1500649128472807,1.6478967877555568,36.37757175672965,0.6241741806176433,0
10.212868714792474,0.13425429564100316,1.371121495778501,33.895770397387764,0.6655059998166418,1
8.299267050996502,0.08557082437892524,0.7101751232946224,70.4197988219434,0.6793331192397861,3
11.419183713138864,0.14047198473534905,1.604075400242189,30.124546659633534,0.5999450780489765,0
9.140214921157666,0.09901963458976512,0.9050607415649509,74.48902232156459,0.7229727935580655,3
10.965495218292514,0.1896757073706848,2.079888062199494,42.540662468780475,0.6885904749058834,0
10.112469236329332,0.1486392785914749,1.503110132066475,40.85632171929209,0.6611200121227992,0
8.047774675878273,0.11307054835667399,0.9099662956525106,76.75739907221585,0.6240986236418782,3
4.046225476600974,0.014284732811989966,0.05779924983031168,42.29397425722145,0.6540534196617105,4
12.074071064835634,0.0909455951421354,1.0980835787799132,48.111726926077864,0.6106882020942531,1
4.383668896217017,0.04772293515423796,0.2092015464718146,31.189299971912945,0.7568109984741928,4
12.656801304966045,0.11024242092165872,1.395316416983866,43.07056441522968,0.61102460645263,1
12.508525872845373,0.14110846907506172,1.7650589363030107,48.3003124941097,0.7157022562410769,0
12.728361096867413,0.08592674847646242,1.0937066824881156,48.65653502679496,0.6039430451511401,1
8.51710046582038,0.08142419546373235,0.6934980531132046,81.42256396788503,0.6807790720976747,3
4.361646829829688,0.013550466443677724,0.05910234900678051,45.17701070133719,0.6983531794362687,4
8.368544960114027,0.11172793207915652,0.9350002229049876,76.05028915685985,0.7236127790838698,3
1.1330965612981678,0.031747394573561294,0.03597286362147842,64.85246128779782,0.6409871554326716,4
10.639231733615837,0.08549271228349112,0.9095767775194071,39.00986458800689,0.6545768804143606,1
9.048884628278119,0.10494632865108228,0.9496472201250019,40.21749566881939,0.6878404172992645,2
13.285436140728068,0.0982218219913977,1.304919743692674,42.80617598293012,0.6682534049765068,1
4.13894832225567,0.04476744885969973,0.1852901573495207,41.406282049261385,0.6707268325621496,4
10.665090859740085,0.20975198421825825,2.2370239696984924,42.40291607026406,0.6630856335450526,0
8.566212923653213,0.1288279003914955,1.1035672252607376,83.90677116177018,0.6088516019339794,3
12.512959227383238,0.1207428922892164,1.5108508882112908,39.30803278658506,0.7487354019520194,1
9.846558831416841,0.11550855052605992,1.1373617382865338,41.610726170674326,0.6535560566716112,1
4.11150774976656,0.04737945746295113,0.19480100653865867,33.27896957515215,0.6639243081388256,4
7.9161607350205125,0.08999812773355369,0.7124396449897183,87.00204607386611,0.7778106277419649,3
10.044420048201385,0.1895151915139809,1.903570189081755,45.95547718162271,0.6966389976372765,0
6.425591049837061,0.05008013219797748,0.32179444922598094,65.16261109211993,0.7065692835644637,4
8.276365376447218,0.11482233912154735,0.9503116319482554,35.05552909169412,0.7231948328732525,2
3.513974047624738,0.04482363285255277,0.15750908256413004,44.9757802879416,0.719630457440913,4
9.279554128403749,0.11836656131650242,1.0983889127295055,101.30068360652155,0.7795248783503151,3
9.498438623325052,0.11743076095899907,1.1154088754594085,103.35629069437239,0.6669928387042298,3
7.670749832183978,0.09403540385201156,0.7213220583171703,82.67144363669755,0.6700115574997011,3
1.3023792033916508,0.04809650862933217,0.0626398925945893,43.482381606253895,0.6942370882915534,4
3.703722493030064,0.037129261610184316,0.1375164813752373,53.565667366758,0.7229185902383969,4
6.103830912340857,0.05153292390548349,0.3145482539375993,71.75245620619434,0.5965814723802796,4
10.045687738949452,0.08995820064110782,0.9036919931983316,51.4159123884007,0.7511737081492856,2
9.939571778734235,0.10250253884056969,1.0188313423083364,75.12795349080608,0.7227729794090567,3
6.649058701814662,0.07334977726161516,0.4877069747775095,71.44037227373654,0.7213170536103807,4
3.128132739835984,0.040519252523153464,0.12674960041135816,43.42259297946754,0.6866318470310606,4
1.1495016987128714,0.04961618661528513,0.05703389079792509,46.433409877431906,0.6409093817030214,4
8.935201547718204,0.0895676201691071,0.800304738360442,70.36742677500716,0.6566039838265122,3
12.864863113187681,0.0914983458545546,1.1771136945019485,45.0612263633299,0.7579721980672436,1
9.723489484325315,0.16874586267124836,1.6407986212072871,47.1174830259025,0.7094575041832268,0
10.672528205750725,0.0815463340740792,0.8703055504811816,46.36767789595674,0.6144303729701759,1
11.974824318397719,0.08266199782395615,0.9898629017496494,46.821539885477165,0.6973259865118353,1
9.721067474961528,0.1355381490925388,1.3175754927599652,46.25478029631319,0.6855736696708493,1
11.707032191902966,0.09719096145418461,1.1378177145061397,33.05288678212565,0.7300095654440213,1
10.196870511321125,0.18445702341250977,1.8808843826410913,43.775579209988194,0.7187629170765175,0
10.816817408518425,0.10680314243172272,1.155270090339931,43.85845554855466,0.758596807480775,1
12.74830361260902,0.19471036956544768,2.482226907743634,46.72454457238453,0.7216361826151787,0
9.004648278198754,0.11067902008384031,0.996625647630678,75.08469331999329,0.7029569789482167,3
11.10188784237742,0.16663025259648076,1.8499103754731483,45.16321656736352,0.6934450651456877,0
10.651427452653627,0.16164839011841378,1.7217861001845358,41.69362233363321,0.7013091065712967,0
9.396693872968582,0.11008839435192098,1.034466940691645,87.66898044252501,0.618542817940969,3
12.785007559888097,0.08199598081787234,1.0483192346369372,47.44394652548154,0.6564038262135169,1
11.685578280140806,0.11052170848136332,1.2915100761138731,37.69784942366874,0.625607956921199,1
11.01673479996326,0.15225352567393605,1.677336714709151,43.24740655688483,0.7484174465635072,0
10.80204377207017,0.19772259169770784,2.1358080902457983,41.60670043718449,0.5956676769353607,0
11.159651607199155,0.10851816801580913,1.2110249481079323,45.15544627938951,0.7716738527189397,1
9.486050751751636,0.12866636226286599,1.220535642468808,84.47796649254914,0.6948021171782451,3
11.01043533480036,0.11930709163380777,1.3136230174171415,34.28067890476111,0.5842562813006754,2
8.40267293061631,0.13014428250387455,1.0935598396697885,47.38743173939307,0.6887321246422137,2
10.236468545755873,0.18194039435375198,1.8624271240046015,34.3026327618859,0.7046869164424944,0
9.964095852028578,0.1115200866418484,1.1111968327259092,100.84964769138833,0.6883469515878035,3
11.398255771088891,0.10100462016292074,1.1512764946786527,35.81368034278722,0.6817806414881048,1
9.108894582289,0.10097760679201864,0.9197943754403276,43.6634406040864,0.6254503648890221,2
9.64980944032954,0.18021708271309425,1.7390605060734663,36.54510380752487,0.7797289728244351,0
12.64819535752805,0.17238211801709558,2.1803227048246807,34.036954686781726,0.6809921510344779,0
10.628713874481043,0.20140137835744681,2.1406376244874012,34.57061811827426,0.6037788175061759,0
9.042936945734533,0.12159520967294585,1.0995778139758192,33.59115033906118,0.7848541727763664,2
11.830911944109257,0.10036652121334128,1.1874274746116145,39.695903587037115,0.7600241001145334,1
7.3049090978470455,0.12292938668369728,0.8979879951784977,42.48305914731079,0.7802855329916373,2
12.365809069715194,0.20084052697661242,2.483555610053773,37.57650051305714,0.6992293993834576,0
8.646321214727038,0.11611847167903377,1.0039976051001105,40.64651389637469,0.7857006495295812,2
3.4173787174417134,0.018327614881326962,0.0626324010369148,52.09017847159474,0.7281883826623828,4
10.503620908744825,0.15536874629027048,1.6319344120999548,32.549849327102244,0.6963189544489021,0
8.159981399937704,0.10175422137604853,0.8303125537936996,41.54802969683006,0.7917276128924655,2
10.602363564931482,0.18427551789666238,1.9537560368564524,45.19571077656715,0.6498340397500142,0
7.999711631161505,0.0716212919510627,0.5729496822597302,40.32514912596925,0.6896001590284612,2
10.58917262428196,0.10357862811340998,1.0968119732792028,35.31807755037382,0.6497764953948394,2
11.698250616898685,0.09028661964801642,1.056195503995105,46.68702766383966,0.6696516351247013,1
9.687681294183912,0.11120136498719108,1.0772833834741289,31.5343649966031,0.7007947508735293,2
10.44616413249788,0.08530489204444236,0.8911089036012576,38.27784554966829,0.7638105288532242,1
4.616675062584545,0.05483533769893093,0.2531569361030566,64.99897447240826,0.772707856463391,4
7.733022728732407,0.08275995967842752,0.6399846492222575,80.99242206702576,0.629754758271944,3
10.42094344894152,0.07608278214237346,0.7928543701438115,43.65939093389719,0.7764128157558561,2
10.024889694721564,0.1132159615951451,1.1349775266731625,40.967971395415766,0.7148526378820862,2
9.393739683383059,0.10626275881792113,0.9982046943736688,39.69760245120844,0.6274556365308921,2
9.896773219643421,0.12078031451350611,1.195335382137377,32.05748062276155,0.7113986290649588,2
8.534959993964266,0.12378694383670016,1.0565166134213373,44.19148158503868,0.6274042282898826,2
8.165738282277218,0.10002645156187785,0.8167898247591738,65.51196889081847,0.6939762310240183,3
8.553413224083819,0.12235618136013389,1.0465629796941673,42.13304265215215,0.6269610450744441,2
11.53649601475972,0.10288634288572379,1.1869478846743546,44.672425325563424,0.7280452353732628,1
2.90215223479277,0.028775157343029746,0.08350988718958736,53.40475469051405,0.6031016051990437,4
12.13798438202052,0.17362920940455143,2.1075086320150156,42.697272323480405,0.7157343494317482,0
4.97273950055854,0.024061633827633797,0.11965223698265016,64.75953276339322,0.656751205957083,4
11.763787798066886,0.17337452585480767,2.0395411317464185,37.614040241821314,0.7602577793557541,0
10.625961958141396,0.12880485548782195,1.368675494437496,30.74655270598646,0.6746233342155068,2
8.88140333669392,0.10371654139849669,0.9211484368469616,46.73948224233388,0.5937373241282896,2
7.875713834014727,0.09085233119633358,0.7155269616554522,47.62460073961855,0.7099589767174195,2
11.322646907282536,0.14380291972605544,1.6282296842944204,35.76028559418011,0.6177546344675351,0
11.170493869092537,0.19838790176814403,2.216090840403185,41.6326536649971,0.6365720716368298,0
2.7113215135194184,0.00943658929661464,0.02558562757415835,29.179075120501928,0.7361477032899649,4
8.630745323613668,0.10480401096385958,0.9045367275222866,78.74269754036268,0.6146223862339127,3
11.293931996336276,0.10325977356651513,1.166208860617304,31.76233536873079,0.711724501998543,1
8.33427559013846,0.11028103245506168,0.9191125168454879,32.47993263027,0.6726164199909309,2
8.863187671212819,0.11954650651036035,1.0595631226391888,90.66675851081784,0.7400089935857028,3
10.514558942513121,0.13424986294951669,1.4115780970070015,36.150452194993285,0.7309695875076608,2
12.344594348122644,0.15817150587717596,1.952563077485434,34.93198966602639,0.6994040698890575,0
10.989632216396737,0.17385406103274248,1.9105921900768315,45.29268626566796,0.7743769584676897,0
8.774186792361848,0.13428891874419063,1.1782760572058308,42.04084523006382,0.6678399554565505,2
9.753173783727362,0.10238256361882452,0.9985549353979181,30.95909185504468,0.773990383839573,2
11.787115870153027,0.09605004713180999,1.1321530348763038,48.32523191054157,0.7619975713941642,1
4.380443857844016,0.02074711181779459,0.09088155853026131,64.07500418293013,0.701162103703089,4
11.384644381736257,0.12400280997611904,1.4117278939141322,36.19218725103314,0.7631319082235064,1
8.913986792641197,0.09310767062298998,0.8299605462269194,69.71124839386107,0.7385450016340895,3
11.916196510639608,0.19813601492107466,2.3610276896345472,30.603000685270427,0.6149989583504837,0
4.247186098372557,0.023038240605629458,0.0978476952311916,52.17189157552806,0.773694215636348,4
6.519549724164798,0.06381266971293112,0.41602987322515944,64.09745717155818,0.6712570705525427,4
7.421356740359717,0.10464938293862061,0.7766404034460173,44.5441741673808,0.6221750743008919,2
12.66120455045739,0.08469383550508702,1.0723259754926975,32.60960562416324,0.7922294625692785,1
10.176129093872047,0.10590071181855731,1.0776593145985804,93.00308803398508,0.6776153954133435,3
3.966668674462176,0.037528441333969494,0.14886289264084832,35.668885549176046,0.7110917246045738,4
4.784193274653947,0.031116638836010357,0.14886801424907656,52.515278243904774,0.6723467162774271,4
11.119965142452742,0.12593767520194157,1.4004225583671253,40.27745602945825,0.7549245824164117,1
11.90354254726205,0.1883988454793201,2.2426136730181354,44.97983523717658,0.6587804365736618,0
9.834418755725133,0.08490352418847978,0.8349768107063481,92.10583324178322,0.7374824134506452,3
8.710575433513377,0.1318007310747345,1.1480602102186854,72.83830473147715,0.6813436372960441,3
10.36272583684681,0.11743647034903257,1.2169619454740142,29.52063632427214,0.6558446362910214,1
1.9007575011490345,0.047644518713411535,0.09056067633315253,52.345593165355154,0.6697806944243444,4
11.948716709711697,0.14007235846027055,1.6736849301029613,48.33759448245502,0.6778377902683996,0
9.646166938195178,0.13600949767026171,1.3119703197074126,37.615153950575255,0.6538169921065079,2
12.082439486352367,0.1972916212942296,2.3837640754518774,39.62963937163154,0.6637667252529952,0
6.84679487468171,0.11773571631972982,0.8061122990649059,81.31443759572707,0.6020225184636178,3
8.948315887116431,0.10509664379850123,0.940437967384745,53.12240151589524,0.6040579895414356,2
10.806965212737847,0.1344633086222304,1.453140298670077,45.8180260432936,0.7234281513031884,0
11.01345962421127,0.11881468044128983,1.30856068580371,37.549319591905814,0.704340698002962,1
11.648943199132685,0.16736900077391606,1.9496719833109426,34.92456327368776,0.6292242469575041,0
9.75181446189513,0.11419333378791656,1.1135922038850226,70.6307119500385,0.6156425477533983,3
10.140283433864157,0.16969773207565392,1.7207831013310717,35.34526537083506,0.674492896544923,0
9.994269188904811,0.08015150825970309,0.8010557494442,31.931566007014077,0.6459470266851379,1
9.808630994988176,0.08937973770621514,0.8766928655890952,49.55095971797083,0.7592831980261585,2
10.951243632262743,0.15716217993890264,1.721121322288439,30.842354395998473,0.6182132650180132,0
10.513270623265463,0.1236965943540315,1.3004557716202239,33.37768239557128,0.7938060042419858,1
13.180260746084791,0.11349524053077965,1.4958968636352867,43.16847986107685,0.7147134950124917,1
2.48516663883722,0.02163998355705366,0.053778965200975755,34.17131814250655,0.6238562336925936,4
9.694706850998841,0.1207847158088799,1.170972411848296,51.150237973662065,0.6919988720637469,2
11.834986347634604,0.15244228665418014,1.8041523813544227,37.26583966681187,0.6639152385891866,0
9.011080754959204,0.10811244624442129,0.9742099837246662,95.48402179447541,0.7051546229799488,3
8.286192568857016,0.11554959446774937,0.9574661910131067,78.90480357143238,0.6670130398673115,3
1.770604729723883,0.0323464006213153,0.05727268992964442,35.79234922696214,0.7019269741839542,4
4.437064796008073,0.030035765966074005,0.13327063978920436,29.24205870200378,0.6760829733816841,4
1.4188834940906214,0.019612453141696993,0.027827786041379615,57.70895651772794,0.612549551830754,4
10.8947937074965,0.12362417151435677,1.3468598459090824,37.15524127634428,0.7892903420237533,1
10.262397012701014,0.11891155035244019,1.2203175391125285,42.69637956414118,0.6045888893151337,1
8.1523422930403,0.07787855436937981,0.6348926325063334,72.94289148748966,0.5547008868612603,3
11.714869930445644,0.18898821066791277,2.213972306362258,29.575574012080256,0.7759031041458505,0
11.620959474628526,0.09342724868347033,1.08571427077665,44.47699882535764,0.6454162563795458,1
6.500098231480902,0.08044026057957776,0.5228695955331764,42.27948379830259,0.7597549303595413,2
3.4198630156036414,0.023040826091537115,0.07879646899940318,54.2537045615018,0.5909487304841338,4
13.432236316465913,0.10412898433621039,1.3986851249975554,33.795408197055195,0.638636876236353,1
11.197253087300075,0.15214253205202014,1.7035784367291331,37.6456945135112,0.6457292188801901,0
10.939017076026335,0.1026115376400525,1.1224693624418534,35.10303754451712,0.7608987347773049,1
3.7362430532535327,0.02843655850358345,0.10624589416745134,38.25144725220132,0.6313342240525441,4
8.068890688517412,0.11293406785168314,0.9112526485048397,40.326608882188154,0.6349512161631977,2
1.743858883077824,0.039975887204254615,0.06971230601005653,31.10755948731387,0.7406401105943272,4
10.274237134903846,0.09229088275167543,0.9482184147803205,36.482729675556534,0.6094425067404808,1
11.200853137619083,0.18766088174103152,2.1019619760573964,39.147821017650735,0.7228249121568948,0
8.070335830039397,0.12162921344701937,0.9815885992609901,32.651122821255996,0.6948814848313348,2
9.81041783505529,0.09013305573961114,0.8842429375559137,97.52174930472606,0.6695224806513321,3
10.375231913092636,0.12875730669818364,1.335886917498851,46.46568721877162,0.6678059236975135,1
10.672300825073348,0.11137178299327914,1.188593171529063,82.13146757317072,0.7086757154029283,3
9.16768439868071,0.11250407251843773,1.0314018304153247,35.10385255380853,0.5978514509925076,2
1.9055025174789657,0.034984437620413734,0.06666293395828421,43.09635347265901,0.6172655117755128,4
1.9245750434819546,0.04048738880000841,0.077921018060247,36.74225135744737,0.6848416765357693,4
3.5575586652442683,0.012714783744906663,0.04523358908839967,54.340651452183934,0.6939107654456717,4
9.727751086339444,0.12692271362194224,1.2346725653169988,89.85382090893226,0.657329257473845,3
8.484139140896518,0.12893002869838457,1.0938603029168759,89.70932103419653,0.7131562448957487,3
1.7875473359932843,0.033491878789328265,0.05986831870727372,51.947539833403255,0.6723042978890122,4
9.384447618696338,0.12374602450247696,1.1612880849654086,100.28530481986519,0.6871120729649878,3
4.162778990713331,0.044453202372033894,0.1850488569042307,28.62001748678876,0.5794755941170971,4
11.85682078420028,0.18601686297636333,2.2055686071498806,46.81901904701097,0.6045934175309432,0
7.351226475687839,0.11036956483875608,0.8113516671528093,80.03524184942216,0.7153191731356977,3
10.657988201029658,0.1214986832375496,1.2949315323864437,49.10969513951571,0.6785363150210508,1
11.018117429956861,0.10938129377399605,1.205175939442498,36.10032996011281,0.6884975659883102,1
9.058960021682946,0.09621082239302253,0.8715699937116295,66.05424235643036,0.7095079106220007,3
7.327543432192643,0.08936029811264959,0.6547914655341222,32.89133707550889,0.5902189058928247,2
10.502486823358069,0.09401577761412717,0.9873994655801331,43.920046236011174,0.5979487655979299,1
10.277060514815393,0.09215362635459529,0.9470683947058623,72.73323062214038,0.7813931076858263,3
8.411004305034243,0.11053944868419653,0.9297477787588888,41.68843197155777,0.6743710315443578,2
10.285329671318877,0.08327567363457254,0.856517756932736,97.5234066557875,0.6473120670750151,3
2.3759639244619066,0.013611634317504189,0.032340752091357616,50.68961279380803,0.7544384168980162,4
1.8872838654255208,0.013557629403025141,0.025587095225747983,33.725170012769354,0.7331909773407,4
10.624607132839351,0.1759447401066606,1.8693437407227922,33.09895127424311,0.7672045857903622,0
9.556776993726372,0.08667876353070422,0.8283696131548826,45.18160107324288,0.6057341538040866,2
11.749402193536358,0.0912866528476004,1.0725635992081883,32.44787875712831,0.6412291181044354,1
10.198648816274133,0.14188564684532012,1.4470418842453137,39.527586421958496,0.6121768678530056,0
8.969438426135632,0.13157976941034444,1.1801966398512092,93.60612732453873,0.7648556232459486,3
10.538152371293897,0.09942651757403143,1.0477717919422735,34.886422057435226,0.7315596610140475,1
11.74547082097664,0.13865091220656936,1.6285202436240542,49.85774150155034,0.6449224464780012,1
10.357842787970505,0.10532545369399764,1.0909444909340948,33.4360246948835,0.7491438357585288,1
8.41545238785082,0.09991372196257867,0.8408191700690456,69.1234541614399,0.6671087414892634,3
9.874630824867204,0.07951127951170346,0.7851445315908991,42.07979836830178,0.6600150512469204,2
10.119022210083456,0.17835468773474467,1.8047750464603807,43.24287746963752,0.698296092335772,0
11.61723338562828,0.0945047585242278,1.097883835828398,36.19932621323028,0.7315442852431991,1
8.780548581225139,0.12621744932578113,1.1082584456033433,78.75897660719501,0.751792771472982,3
8.130216033209695,0.0805592415265013,0.6549640370819731,46.6469544914697,0.762215370249289,2
11.756613473661234,0.08657081653270933,1.0177796280743052,31.688331755867882,0.598321753176706,1
7.837951524987289,0.08176765139752683,0.6408908879658745,52.027405717398366,0.7018372927571663,2
12.70831415951929,0.09026515064381338,1.1471178920379153,36.323306966355354,0.8087839562117247,1
8.928847978623356,0.1172265956241723,1.0466984513797883,38.357922246867396,0.7533379044919754,2
5.536807311761848,0.06572322333302404,0.36389682350284436,66.61468450580682,0.6684405386190535,4
12.10031653109123,0.20041360384895124,2.4250680437090337,48.64658809210732,0.7578816188577782,0
11.746468422061255,0.17790297471986188,2.0897316747376196,44.725265232380345,0.7324972114957299,0
10.4549272334121,0.10626570466784736,1.1110002097096048,35.84022737094726,0.7147099579550531,1
10.108683260026266,0.09194009783019297,0.929393327861249,42.74189784929977,0.6523490685680637,2
9.922542144524753,0.11594302139918321,1.1504495161969306,97.98409716439811,0.7371359118318285,3
9.643221183657712,0.0872945647192537,0.8418007957188864,89.802170075216,0.6918861643146121,3
8.750711722067434,0.11649014074644909,1.0193716401352373,37.011844282647765,0.7602183956762089,2
10.964599565663365,0.114076334181762,1.2508013242218163,46.26050824634947,0.7735882028306028,2
11.704017863006177,0.1082142521080655,1.2665415397046524,30.57852200332893,0.720199479125646,1
10.622989304955368,0.09742864686749883,1.0349834736697134,44.825466732535965,0.7565600571551958,2
8.521543030788536,0.09799753284592311,0.8350901930576466,41.478802232719616,0.7707791696234947,2
11.961894232536276,0.08837757320616713,1.057163183220403,47.39339579320239,0.6779321399226693,1
11.328586032117096,0.09184113107287721,1.0404301546460322,42.5436438372817,0.7214510310349338,1
9.351092187582761,0.12316989842222706,1.1517730748814496,42.11568508082656,0.619029902400972,2
12.897128729901727,0.20688996625647804,2.668286527734822,42.34857760889447,0.6156623458836175,0
9.844014059832467,0.10527049805069671,1.036284262896625,68.5661790074814,0.6232353891501186,3
13.927772363178002,0.11247311720041804,1.566499973344463,43.11971693375651,0.6994018381795651,1
3.1840267075331994,0.02824840208966436,0.08994366669862797,30.94622975539238,0.7608763839070599,4
10.39143939844828,0.18345119759391923,1.9063220023699727,44.44111255374798,0.7446040884977393,0
10.613187460548493,0.1898776731826944,2.015207340060697,42.291261292048866,0.7366560832348369,0
2.6239041552849796,0.04655817942993129,0.12216420046870037,35.883566167264284,0.7505702144663169,4
7.897776377090567,0.1298931781582326,1.0258672740033057,66.600834267203,0.69461888193084,3
4.105562802592436,0.02106472092062901,0.08648253465872516,38.75267722968765,0.6459309140182211,4
9.6881739284667,0.1080248003463301,1.0465630543431357,36.41705686747046,0.7728339670153167,1
10.218457346506021,0.10872918008583124,1.1110444890276383,83.61808492977384,0.6406953039264954,3
3.608215965653579,0.0270432405606416,0.09757785235391746,54.444379534481115,0.7126871564228398,4
1.917733606953877,0.03877335858686162,0.07435697281649822,39.651088705723204,0.7399350896865884,4
13.611106180083562,0.10318699762121308,1.404489181026361,33.363588337877474,0.639458531363587,1
7.972863636353937,0.12087558522719088,0.9637245579808713,90.30209022271774,0.6509667714873534,3
3.4565286145571794,0.04513446099884624,0.15600855594512705,52.83682725954812,0.7267924269641977,4
6.825230273515982,0.08327941651933717,0.568401194788527,86.97289036388418,0.6115032714401247,3
11.741413934480857,0.16589553721138195,1.9478481722819074,32.763530097626926,0.6520776859037887,0
11.353995234894551,0.1483233244264083,1.6840623187611585,29.96007914872028,0.7236054276678052,0
7.141124826432155,0.09981060491276626,0.7127599886837664,48.22956850790788,0.5970160896144121,2
11.614091900733284,0.0914954917403095,1.0626370495747377,47.22870620547534,0.6468384386395951,1
13.759269561776378,0.19093651662437378,2.6271470014213554,39.70556961965565,0.750481432882463,0
8.063622541563833,0.08166455468476815,0.6585121440028687,86.24544514142269,0.7915498286450996,3
2.4367845430850337,0.04307280798087529,0.10495915271506658,42.04238937232231,0.663905236137768,4
12.165198682801144,0.09424231505774701,1.1464764870046342,39.35057152432221,0.6682846473960331,1
13.554296897839041,0.10082254494405699,1.366578708167469,46.79648623384313,0.6493904020348437,1
11.503800759302631,0.09242139182344596,1.0631972774343637,36.144193403137834,0.6753926391607424,2
7.362829901528941,0.11946898320031457,0.8796298018125348,94.58226410519654,0.6981946663355009,3
11.299877002487062,0.0963131130453905,1.0883263311395448,42.50082387224208,0.7023285115492302,1
12.333347105033694,0.16445601902808918,2.0282931661854495,46.798620784169195,0.7027807761870365,0
4.836842404470038,0.01023352890684602,0.049497966564002745,45.58407636716501,0.6614501423820887,4
8.780278610342785,0.12245130172920149,1.0751565453815384,101.80360908176618,0.6787874774411833,3
11.519139090861499,0.08342826022394419,0.961021733628201,39.90383756212343,0.682429287926256,1
11.867814723036414,0.1362210223982097,1.6166458552045464,30.636712094594326,0.6886385112449068,0
9.585329042881606,0.11677288058236338,1.1193064836670732,80.18496457182671,0.7232505617582199,3
8.092701282037014,0.11143831011000686,0.9018369550952909,99.36626139916275,0.5992786932345786,3
9.875192187492974,0.1167744700130776,1.1531703339717765,94.95313537806219,0.6380316228264237,3
11.20976757414797,0.10071076891196051,1.1289443117168043,32.06788888621486,0.7348049271560365,2
12.409958952099501,0.11202436263264819,1.3902177419062731,34.62082336881867,0.6756857528774644,1
12.253678854293101,0.09432200240564717,1.1557915263726617,43.66594622010428,0.7587428836906073,1
11.49407856274212,0.19227191133169352,2.2099884542550723,40.90411228342447,0.778677706666248,0
12.370193616167077,0.17399432816794896,2.152343527552442,47.52415558690949,0.6443573658146319,0
9.69115300660862,0.14609958711439847,1.4158734529279806,28.42664957895074,0.6254781114544975,0
5.830281285134045,0.05609518940385361,0.3270507329673373,63.30805779088033,0.6407391036422945,4
9.935494755652181,0.12264007211345775,1.2184897933160648,34.954028996977996,0.7305981702208876,2
11.507313634945424,0.15532260816758672,1.7873459667821563,30.23694275775947,0.6217074143928365,0
12.291149206703755,0.08753285893854731,1.0758794297030376,43.49440903275055,0.7869969075061996,1
11.17271027623965,0.18829343007347854,2.103747941130366,33.851085554202896,0.7420109474683443,0
11.47722195384399,0.07645231494237027,0.8774601874787671,36.13171596957613,0.7552174428460398,1
1.1626370031214734,0.03308482262972058,0.03846563903102384,39.96049543364791,0.7405365736048938,4
12.437009272728718,0.18497205965778427,2.3004992211595923,35.83030572835269,0.7377579894114639,0
11.110950335270426,0.10605674576331584,1.1783912348966044,32.32822512000685,0.7951375013240172,1
6.701998694583298,0.10090201115996718,0.6762451470749294,97.07925704033339,0.6361797262374721,3
1.7653373542126585,0.04066972797172106,0.07179578997414661,47.22212937878339,0.6466486301911791,4
11.454575449560213,0.1455590502883833,1.667317123894616,46.76618384203097,0.6710433970819006,0
11.184650997442358,0.15935378177517825,1.7823164342779592,32.65779452749591,0.6679063693187877,0
9.94654952806186,0.11365833906581882,1.1305082987954151,96.77606106770382,0.7341712370693608,3
11.606297052874606,0.17770346542832705,2.0624792070863966,42.65331788350685,0.7457729426874732,0
10.64525827590522,0.17859374192663963,1.9011765092694417,46.76803437327531,0.7242208333963341,0
1.3061353093864412,0.038685037012820264,0.05052789278736593,58.74322242593099,0.6410138017751638,4
6.337436570922536,0.08738424329738355,0.553792099195231,89.51130091132015,0.7934077276437012,3
3.59829432847133,0.0317763819521742,0.11434077495784714,42.25802747282383,0.6883381473744565,4
5.783099387256621,0.05327404722207493,0.3080891098466619,60.91732381662591,0.7537944897068467,4
12.929666006412791,0.09937397549641415,1.2848723128980837,46.565069015162095,0.7930984382006494,1
11.632304386342376,0.10592712055981159,1.232176509120514,38.98913895071193,0.7168375819961919,1
11.065358048964953,0.10467257625563864,1.1582395341762288,31.476643248289157,0.640886288553164,1
7.933485382629897,0.11315750956395451,0.8977334480604359,48.512103644488604,0.7233345192736537,2
11.139613189075497,0.1518892308304926,1.691987279037888,46.33267595814515,0.682123396999514,0
10.318935506494181,0.16065433763560025,1.6577817489003,44.891415335709866,0.6899930553951388,0
8.129796911114012,0.09809634479775571,0.7975033609283694,41.08704199792234,0.8165869907981735,2
12.924933746328996,0.16565285933195023,2.1410522317554137,39.42203015021667,0.6221939829905689,0
4.111015387711682,0.00825347743689348,0.03393017274520027,43.65885569529602,0.6763068353818809,4
11.264220209456784,0.10541203453461452,1.1873843697247612,41.96430181654392,0.7550974837614338,2
3.7023163838822533,0.013782052027097676,0.051025517023441345,46.386346184565106,0.6741352139517472,4
10.127973401162667,0.08746027698964276,0.8857953590094211,92.7312831863739,0.6394312877382096,3
7.130373123211703,0.11981433365064859,0.8543209044381042,82.38963989807243,0.7051417568460779,3
10.050127164632736,0.0847865127317014,0.8521152347993516,48.4478474163238,0.6025162582876804,2
1.9542377435007314,0.03854909744061838,0.07533410119634389,63.002096826400035,0.6301876524657145,4
8.74382973891572,0.09802346920900011,0.8571005251813445,38.25879811542973,0.689889161582417,2
8.649400816558003,0.13112553629712934,1.1341573207199966,38.09407662343917,0.7739855871567011,2
9.760748960815123,0.11024891243259524,1.0761119574574516,84.02573936790412,0.6147936480694628,3
12.192082832886028,0.18139295528378152,2.2115579361218556,48.209647725200035,0.6960811784711023,0
1.0041985559230082,0.011075961157213283,0.01112246419953291,32.29415418506224,0.5959406168523556,4
10.772407958704736,0.12635173172193195,1.3611124003974655,76.05515509784153,0.7498984134429048,3
12.525847762675722,0.14335319093297375,1.7956202459202149,32.945868167758476,0.6152410777018154,0
11.628576119333012,0.19484631053453563,2.2657851536220455,42.583183306453016,0.6306775927934499,0
10.62050700872619,0.12130297024044255,1.2882990456179244,87.034329776092,0.640116192952982,3
11.18962310526994,0.1235964469431356,1.3829976584441803,32.51411689173595,0.6666355151336828,1
4.375701533079644,0.04339533044190541,0.18988501394314325,55.3128352244796,0.7529275089496863,4
8.034552071176348,0.08175708457778856,0.6568815532278109,48.33527616403805,0.6511523660057638,2
11.265178973999411,0.10966912452459951,1.2354423156914416,40.72104968559555,0.7320087065510386,1
2.8532109276138438,0.04026656437378915,0.1148890014887615,46.0649522356497,0.7371283134920287,4
9.076546402145148,0.10127771621005673,0.9192518906838677,49.97522525437403,0.6364401488442761,2
2.5242380237660633,0.02611427106277138,0.06591863597958132,40.28747132453833,0.7140223560595204,4
10.855859576173053,0.13434995412929818,1.458484236092952,36.25247054050379,0.6880119773014963,0
11.46811276904249,0.16933686380575472,1.9419742500803847,45.35815484685432,0.6952233165450082,0
5.563142944055384,0.04199817470113269,0.23364184925181167,62.98001234032739,0.6143613033876609,4
8.283494646624293,0.09621638453633885,0.7970079062243073,86.73512828700898,0.7488615554426438,3
7.216255517434422,0.08654059962150873,0.6244990795007956,77.42970108607958,0.6689448132938138,3
9.968597853124031,0.1849371688262648,1.8435642641243397,35.800833967705444,0.6156379029517182,0
9.78622219585916,0.11737753152095087,1.1486826042654876,37.835537383090944,0.7217815640447358,1
10.700836558324744,0.06941753784077807,0.7428257267154893,103.07290509579435,0.7261766656641242,3
11.403495826259979,0.10557141290695916,1.2038831664568777,47.58195340167162,0.7148846048706086,1
7.806024497412578,0.09689174367232552,0.7563393247031931,70.17883025994162,0.7418469115360549,3
4.619353474997206,0.034346366243060256,0.15865800625840712,43.231880361701634,0.7158164061638521,4
7.444318217944918,0.09776336612698024,0.7277816075066981,93.43008989145342,0.6310947199313057,3
7.174445350227036,0.10795779086729897,0.7745372707086758,43.39165371181214,0.7425183907881228,2
12.056369948490305,0.17418314286525657,2.100016409174273,44.36004450377257,0.5875926799175508,0
11.757839531945258,0.15859012374446174,1.8646772263387226,32.74203887503385,0.7523970258305506,0
11.642420192553132,0.08919376553690189,1.0384312969366762,36.191517433951,0.8108783296703139,1
2.5521222112835282,0.010242970430735247,0.02614131234579983,61.130227810350114,0.7918659157550179,4
10.699377860683438,0.09154702929343683,0.9794962584335362,46.56808853411172,0.6398243398800609,1
10.452606572733218,0.1122282360920168,1.1730775982216703,38.82653926378741,0.6921582882894547,2
2.591573810319236,0.017450535313401058,0.04522435029426117,40.70188626937488,0.632917547173169,4
9.389543963801684,0.11881508499140615,1.1156194640896417,37.90496585889198,0.6313326272494738,2
4.395003643634257,0.023751963131647895,0.10438996450705904,39.19261807016118,0.6493211434945245,4
9.172977655365694,0.0979017067920184,0.8980501688253486,73.04297061814201,0.6459836329611668,3
9.190662544199622,0.108441215672444,0.9966466191282041,67.12988447798779,0.7590583519401128,3
11.645250252482908,0.12435401336596943,1.4481336055473184,30.68476879637152,0.7032819286962365,1
8.929232908188954,0.1005218530369499,0.8975830381296668,34.479410020720344,0.7840151978115267,2
4.007224599746571,0.027674854089863418,0.1108993561032977,53.60117031855235,0.7389522596025403,4
11.03422936705807,0.10194103946144799,1.124840811333935,48.745496037333645,0.6390343533436389,2
10.583980818993231,0.14230669654036535,1.5061713465975173,46.34547757195578,0.7342681637532684,0
6.733998454909806,0.046391761048837604,0.31240204722341736,58.55215677034859,0.6259978313657388,4
10.14828626890861,0.08486947515920883,0.8612797294076793,42.30468553720051,0.6727532908602923,2
11.589748484751276,0.19291589602484102,2.235846713638336,39.675221905507684,0.7112684106149627,0
12.50132909790225,0.20181335104287465,2.5229351177374504,32.70851596934698,0.5684445251389926,0
13.047944149444104,0.09772626273248136,1.2751268180673176,43.462295710181245,0.6099990225135435,1
10.888986304590258,0.1874569956484575,2.0412166583156894,38.55094490213779,0.6262825834046989,0
6.862011144674118,0.12116395592383834,0.8314284158821823,84.0387676118258,0.7840673859752294,3
10.1522375749146,0.17775320069169484,1.8045927231235603,37.64377860903593,0.6352718032106579,0
2.271564091230061,0.04974796432594256,0.11300568937460521,51.16352368521921,0.6425308368045558,4
11.7226284696232,0.11636482479743909,1.3641016080331752,44.934613273147875,0.5579739224504038,1
9.410777835732693,0.11586196377756247,1.090351200722349,50.802315123202156,0.6861298671474374,2
4.750660353453483,0.04842962618056905,0.23007270502860222,64.96464431288689,0.6444070345034738,4
9.620155841804598,0.12800215643791696,1.231400693019813,73.68139980736677,0.7061559642864458,3
10.950234060495472,0.17056670332271207,1.8677453243107878,31.44105885035002,0.6178270346702461,0
1.7597754470272207,0.044818273095594885,0.07887009657178855,58.88588628040187,0.7607837858201965,4
9.02653320146393,0.12287313777444041,1.1091184576890383,86.17346391299576,0.7291317138331952,3
7.995030006927434,0.11116079337692487,0.8887338786423747,81.2630964729175,0.589020269955964,3
3.1321533890024993,0.01234041772972983,0.038652081213879814,62.25062625626216,0.7302864453084618,4
11.377981570087814,0.19096736906402106,2.1728232056985894,30.826160625002625,0.6488949900939452,0
11.623615494704628,0.07892380571933622,0.9173799710603342,34.222167637396275,0.759817236606941,1
9.892816422509995,0.0974732137922568,0.9642846101588658,69.34391519211461,0.6859878482751907,3
7.012699567335786,0.0934061483547674,0.6550292561539796,82.60877072241296,0.6667947872976353,3
8.581221956025729,0.07912627480864269,0.6790001266864502,30.854579458877073,0.7694343538611129,2
10.68788317857895,0.1179059220233178,1.2601647206478597,82.9544359879937,0.6661950744422858,3
9.293300711171138,0.1069527266791229,0.9939438509087852,36.57149188113809,0.6325003573831963,2
11.296603066728675,0.07624320068352305,0.8612891746586964,42.02822590912845,0.6431212841574322,1
13.6926927356985,0.09109271632364963,1.2473045750798815,41.05179700031212,0.6313122551426765,1
9.482711291657079,0.10084125562670224,0.9562485133962072,46.51927259625337,0.697244912442415,2
10.617432055101384,0.14107340661875714,1.4978373095563438,33.370024589302325,0.6492285163018972,1
7.879247180500961,0.11469297412787333,0.9036942930203156,86.37152301041824,0.5991579746812637,3
8.716496925473836,0.11562639409544882,1.0078571086366057,95.45558895924394,0.7753627778944925,3
8.027012465495675,0.10753865784988453,0.8632141470836975,96.99068480587826,0.7442448102776865,3
12.312080774311164,0.10793901332019494,1.3289538506976888,42.57443062347679,0.7737398668682454,2
7.431571708202122,0.12578031840200354,0.9347454556849842,36.18693843788539,0.6849526796728642,2
8.656693441056294,0.10089377012317645,0.8734064380687431,43.278207798984845,0.6638537580387135,2
10.594563276462134,0.12566794193892933,1.3313969626947564,42.30709460533909,0.6142650309520338,1
10.31967765975507,0.11728601313204012,1.2103538495204542,75.41531237129769,0.6470629614201561,3
9.81102362165691,0.0930804657039419,0.9132146477361999,41.18349984692392,0.7243527379618548,1
3.4610551572214776,0.012610299864579413,0.04364494338041188,31.57932487418524,0.6964176958229773,4
8.372203480283249,0.10970393380250522,0.9184636563820973,76.4920215821755,0.7503322255197825,3
13.235744941296382,0.18731217762040306,2.4792162073824593,36.856529125462856,0.7473875672435228,0
9.771764805304702,0.1124497797162668,1.0988327997956824,75.58205210753012,0.6213617845045374,3
9.609411359575738,0.08628654600092682,0.8291629153198606,30.148184831704487,0.6076930014397304,2
9.34380900065604,0.09306919599404725,0.8696207912129998,49.21125936651102,0.6766271900212244,2
10.113693141785765,0.10229052024431892,1.0345349330646663,95.0833129969318,0.7645090645162895,3
11.802009827822454,0.08575241902213446,1.01205089205878,37.844621267093785,0.7669125238689695,1
11.897831727730669,0.1135585956614687,1.3511010624175606,30.79197700191242,0.6170984639108545,1
10.671249583378348,0.1964646764199247,2.0965235963946833,35.178151935326824,0.714078785176091,0
7.5641231429235205,0.09771890970363534,0.7391578663905218,45.21799613288998,0.6792578755895429,2
10.303562386822765,0.10352860798445544,1.066713471188754,40.55425828008818,0.624756671167809,2
1.894548622297933,0.023267638836696736,0.04408167310218968,37.659271999495495,0.6493057195153471,4
10.490573890039222,0.09566612879987119,1.003592592949058,50.59925861521504,0.7445940617168038,1
10.077026147350061,0.10882604956340441,1.09664294696324,68.06908014242234,0.7294667639573871,3
12.715452286165531,0.08599128293866665,1.093418055232776,40.54112164515169,0.6207547518415596,1
8.931066249462125,0.0941955107521443,0.8412663469293227,67.88999721008324,0.6612706223663132,3
5.534514791283612,0.07056434295046396,0.3905393997965522,64.11700074521502,0.6680221033256086,4
10.916094987347593,0.10226486980425717,1.116333032652006,34.19348307239551,0.6619825556753764,2
12.047626633087019,0.1560686111663237,1.8802563564763035,35.23102010208454,0.702609230318408,0
11.362842663634973,0.07637582924299122,0.8678465309927602,42.29612756990171,0.7147770028799628,1
7.129494233748571,0.09846615898120804,0.7020139126758929,42.83289808380194,0.6116913847359271,2
8.305712126217408,0.11347800354007119,0.9425156300617112,46.85522498811615,0.6628332578643813,2
10.290339547025313,0.11868257658055326,1.2212840113297274,30.456601432569368,0.5922657982760967,2
8.898181028144,0.10034684886107995,0.892904426769695,73.10756485493523,0.7106532125953111,3
7.959890087301068,0.08269857373950208,0.658271557342999,71.46203625959244,0.6479860730337672,3
9.4385505335325,0.10185286781986938,0.9613434399030433,85.69329010040589,0.7296394009790582,3
13.856729537709597,0.11206366649329234,1.5528359176016413,45.99419934124796,0.720779008122914,1
10.916294314706715,0.08257246842052696,0.9013853675702982,37.28025410605216,0.7579150404313012,1
12.950771277994122,0.17821163492346778,2.3079781229712206,36.289419819987316,0.7572270971041561,0
10.78143008964721,0.09902524641448575,1.0676337713278663,30.63386747208113,0.6371112099878945,1
11.308531250013168,0.16399275633673063,1.8545172098097134,42.80801523306092,0.7704773421837322,0
9.482969352831827,0.12089861523908774,1.1464778631120758,30.73020078953355,0.618512569380705,2
7.596264788702814,0.10226870859782876,0.7768601901077953,44.523068356128505,0.700462742037578,2
5.820781255328088,0.07138336695205272,0.41550696429671496,58.6878812003994,0.6307274260066533,4
4.890927767176104,0.07942058593323337,0.3884403490262469,62.36459263206872,0.6003086788914181,4
10.522516522991557,0.12120747512072191,1.2754076596678845,46.42400144148993,0.6870157196925424,1
10.901202451772162,0.09771839104176555,1.0652479640077255,75.3099592624385,0.6175531167686579,3
11.741369999647484,0.2023841820946731,2.3762675640495883,47.17329515783498,0.778740683127961,0
10.475994988230806,0.11280390791406057,1.181733173960548,41.62481778384509,0.6407189687373989,1
4.713488828884186,0.052527308251526544,0.24758688065492648,64.94193929243903,0.6637600717394422,4
8.552836455016852,0.09302790091144575,0.7956524222491086,74.43124260637143,0.713976500874047,3
9.616101756520788,0.1026820244105282,0.9874007952971907,50.39542141814967,0.7329692930864359,2
12.804697226898236,0.1517253524125898,1.9427971992876463,32.425331315467666,0.6541340561274108,0
9.045458268436942,0.0703944376737535,0.6367499483080226,98.18991583094471,0.6991645689651231,3
8.161036181439357,0.1147486879817066,0.9364681943914032,101.10204642741328,0.7653266192291213,3
11.71216425515333,0.12078074880174113,1.4146039688264056,42.634203744653455,0.7252877112129461,1
4.145697015404739,0.021221814866488997,0.08797921455347535,44.55089082095078,0.7273545258456491,4
6.6937592893915525,0.08467388098185664,0.5667865773911376,37.985691664638665,0.710914731882793,2
4.246297691134842,0.016963984651667735,0.0720341288588236,36.16743633547835,0.6796091615764732,4
4.31556837804378,0.0742189030416187,0.320296751019507,71.44127855673342,0.6952456614910788,4
10.470728401967252,0.09932486108402912,1.0400036439739955,81.86812662855947,0.6577769979724895,3
9.917658584390361,0.12083358927325545,1.198386283938601,77.8388204462153,0.6794323565788077,3
3.606842829485361,0.04916306854772622,0.1773234612668636,49.92133344786235,0.6593165096804516,4
11.311816329287677,0.18584382550798448,2.1022312200785085,42.8261716989589,0.7325504756568257,0
7.372378985891781,0.07608453250525973,0.560924008593177,64.7226514339732,0.6412658059052087,3
8.366032409116459,0.10030876385095994,0.8391863692955402,72.81743946877204,0.6096749141034589,3
8.119161454771655,0.08842649963193645,0.7179490273919984,34.5313240534037,0.7579735977267612,2
10.564319284645773,0.09179952999384253,0.9697995450353687,30.60956874957971,0.6478473488051623,2
11.123189194695174,0.11370806057760471,1.264796270766557,45.08331964554178,0.6564913606048708,1
9.31929391063133,0.09341619680909787,0.8705729940773637,94.19982362833484,0.6442999899778933,3
10.921112743761556,0.12103963521303668,1.321887502625345,90.82209444898909,0.562474585491316,3
8.874572016831767,0.11270784638312015,1.0002338995890114,92.50553941096133,0.6955498532772367,3
9.356237212760355,0.12135174534053134,1.1353957155884973,84.54838184562728,0.5911869114303544,3
2.424812587657849,0.01982838269720835,0.04808011195708789,48.67324087412149,0.6822794737941799,4
9.684426558154753,0.08065042908019356,0.7810531573108028,80.32337499150722,0.7196289329410209,3
3.347752308075451,0.022060718202545807,0.07385382028037485,44.24908819452774,0.5971536341610849,4
12.301710373403427,0.17875030668840766,2.1989345020378286,46.15746345745536,0.7319374110546526,0
10.184373694094147,0.08768909535614887,0.8930585160040757,35.727081123529295,0.6365619074379248,2
10.4456923968841,0.08549396829639568,0.8930436946131106,48.21315795589272,0.7172401680993471,2
9.760145108259959,0.10740922839084431,1.0483296550608758,77.32015596865239,0.7163600218973739,3
10.831444343119948,0.15240062095040882,1.650718843681273,49.915592024485285,0.623439658500127,0
10.57453747663116,0.08476521079849172,0.8963528983031911,43.728935044402206,0.752376116992834,1
7.448498833601324,0.12791018525869538,0.9527388657051218,96.20249094988547,0.6997559342199566,3
10.413193876236289,0.10971525558574378,1.1424862275951664,44.231524041944205,0.6072908054212937,2
5.31630210122606,0.08286121831695448,0.44051526904857635,63.28078190817112,0.7017717888565781,4
9.060497317465595,0.09251071355288196,0.838193071982715,45.279718909963584,0.5917808698615208,2
9.245141818787648,0.08480268200004931,0.7840128217040064,82.4130500225958,0.7136984393168972,3
12.215739753018969,0.09630737710693445,1.1764658550341682,43.32734719674146,0.758680647878592,1
9.377269280899833,0.09938672883889053,0.9319761192700498,48.25317028775731,0.752193415581284,2
10.145751595891115,0.13783293766265256,1.3984187472572178,39.571228782490955,0.6363314714563508,1
6.790646295099801,0.06098906637633447,0.41415517763005155,73.6158958906372,0.6316362198551275,4
3.5487450381801517,0.029692578405572555,0.10537139028755073,44.715548832569304,0.6390168212682276,4
11.68686910177959,0.19960845324538054,2.332797864687454,40.28217134000666,0.6920995757502628,0
10.578305563815844,0.15495043230049071,1.6391130201199513,37.83996494656406,0.6023771049238397,0
8.273174651329944,0.09402594499124937,0.777893064668948,42.41119688414029,0.7124039753062618,2
5.5779153292626225,0.06928342719013385,0.3864570905876984,51.18056922960088,0.7293006077027264,4
9.442178847064246,0.08419364034271906,0.794971409901357,72.28453979261036,0.6831367519839965,3
12.746720394979313,0.19313908128772644,2.46188986651783,39.42503891281025,0.7750308313287915,0
4.297434316471329,0.017981032346150498,0.07727230544992812,56.8178434292157,0.7345884047505131,4
8.993512301877487,0.08807121025449403,0.7920695128650308,46.19357026021769,0.7156147594086574,2
7.100833323526714,0.10949229404214811,0.7774865302038707,49.721663232757074,0.7612944663761587,2
1.5998256371634487,0.026961617196134574,0.04313388640976299,33.39449906087906,0.629054947240085,4
3.7337600615151825,0.04784902755181944,0.178656788055323,57.64646527477469,0.7444410107020154,4
5.519973724309659,0.04292731788618427,0.23695766678682523,71.05955240311147,0.6241783990962811,4
4.694087280589043,0.017294458627440636,0.08118169826774253,51.318554582233766,0.7871314826310082,4
8.100881770643026,0.07880459205828821,0.6383866832479472,35.77023472006383,0.6150921870563469,2
11.436970058355678,0.0838446923552043,0.9589292360185148,34.58910489700759,0.660774855712196,1
8.819554309168524,0.11312913190123972,0.997748522752073,40.213124691299846,0.7372172708899896,2
8.52022677372802,0.09475338109781176,0.8073202945308302,69.61749244851762,0.6056075073357302,3
9.482102323296912,0.12026947018792739,1.1404074226906349,36.006573963540866,0.6829714418813435,2
4.626383134062664,0.0660754799424494,0.30569048598084375,59.5521502286296,0.5810249555762962,4
2.682912595974811,0.031034288818521126,0.08326228437833055,57.06666081851953,0.6617624984421606,4
8.135572445855257,0.09497772173226757,0.772698135895144,72.7589112566313,0.730680055293561,3
4.45228342157315,0.028038840966228412,0.12483686679406485,51.98740423760707,0.6335648064952585,4
2.5386137364119006,0.023882837139125812,0.060629298425873085,46.221678371180865,0.7020190195915763,4
14.0,0.15094662287428418,2.1132527202399785,40.26423190415404,0.7703412230419732,0
11.82515105621718,0.17079144907535773,2.0196346844263293,49.40564254528985,0.7447507517079175,0
10.740139156071013,0.15815266368042333,1.6985816158310445,48.318650392969516,0.7653141058506274,0
9.15870150480302,0.1275821206118286,1.168486560033515,34.32438044556737,0.7450307524724007,2
12.211095169878448,0.17342382836576142,2.117694872898978,41.30001250541571,0.7671390059839559,0
12.718465837218044,0.08563283457631206,1.089118281102969,46.381456767401914,0.6252749982711421,1
9.794339051923505,0.11441528541416904,1.1206220980689696,39.005565677791814,0.7539477900010291,1
10.009027765556228,0.07436467891076864,0.744318135994557,99.9722853921681,0.6497986655435042,3
8.005181189947418,0.10749187030920243,0.8604918982714946,48.40132825444341,0.7346748140561877,2
8.300925646099776,0.09784422040424406,0.8121975984762285,68.28386071860503,0.6482461796672262,3
12.181598596221196,0.15874469661013987,1.9337641733836395,33.635589265385576,0.6914228228835059,0
13.153371051485465,0.17850819123729622,2.3479844750736834,43.81501794230328,0.6203102254803645,0
5.926031991482917,0.056011720162752465,0.33192724558245984,67.99202834906686,0.7912472803397339,4
11.944421169228733,0.1503671557498511,1.7960486382952354,48.50039613872828,0.7208603878202389,0
7.406181394668522,0.07804667668988463,0.578027844816333,78.94175551981547,0.6259489141173074,3
10.013814247833968,0.1756500680619126,1.7589271541913867,45.55805439691457,0.6116391762540931,0
12.181455476932957,0.08969145757280361,1.0925724970843285,39.57192913600101,0.6567982611844316,1
9.952885386119515,0.13670035071680867,1.3605629229267373,40.64111975642985,0.71513209886556,0
11.413323524503719,0.07492133942934757,0.8551014857963007,39.15638716793885,0.7521891451857257,1
11.19805553968611,0.11030025463850832,1.2351483774835366,35.70320186939544,0.7156885871554408,2
5.159383425016406,0.08146523066341413,0.42031036079995715,54.454297709915444,0.7421790774952906,4
10.803124797089131,0.09251600732514581,0.9994619728619624,32.45264421809122,0.6399154351220784,1
2.387982132456426,0.020230727185648098,0.04831061504592813,60.87691335950687,0.5974794361533156,4
9.490955459023517,0.09783217621518872,0.9285208269176961,40.76497749809751,0.7832611532822683,2
9.46696891561521,0.113898094212489,1.078269717457446,42.48638788088137,0.7488353191817769,1
10.88017372240238,0.16542058742123958,1.7998047284049365,46.39328194741236,0.732506649097738,0
8.867982039105435,0.08454384249764758,0.7497332767860976,29.714874820607072,0.8024636341196234,2
3.5805286650682815,0.015645726219821743,0.056019971215882154,50.19918348836916,0.6140745039117605,4
8.386685960409967,0.09053667293520644,0.7593026438079249,63.84164859355971,0.7175820754586831,3
8.764235570758112,0.11406868998650146,0.9997248702894758,63.179201863801254,0.7208885020048148,3
10.731718986886618,0.09310391106919981,0.9991650101747347,42.205929225885995,0.6271866895433683,1
11.976664052949108,0.09811475370027108,1.1750874437059922,43.45059947167903,0.6254876606901597,1
10.17198974736305,0.0876156590580433,0.891225585646873,40.692268709337505,0.6799043047857282,2
11.171050642283872,0.15570945246522144,1.739438178971282,42.42823823165788,0.5744554335308371,0
10.804546935594512,0.18420612754363963,1.9902637508693635,37.36669301803797,0.7410113442623905,0
10.966224610620369,0.19280899001865645,2.1143866914914473,47.25030360923755,0.6435687625235248,0
10.63160670334109,0.10471599574355075,1.1132992822941712,35.2374794838148,0.6343796542074167,1
11.253792902824967,0.09056211150264086,1.0191672476932632,36.13869003806571,0.6926497697288999,1
7.685802504294461,0.0939290393365098,0.72192004575852,76.20237895775979,0.6783038788785268,3
9.314599142612717,0.13563327389886842,1.2633695767681556,46.36794326068697,0.6659955429763862,1
3.760061155200912,0.04252527172333707,0.15989762232128346,63.98121353187572,0.6942933157290241,4
9.197826335290491,0.11883731148278576,1.0930449531714859,98.87018455521351,0.7304167309511304,3
4.364480259887355,0.04284322967511087,0.1869884301868415,55.479213001786405,0.6472550493907341,4
10.387497464599917,0.08870693329119056,0.921443044654676,44.9448342063238,0.6482375754817276,2
10.837741275398386,0.13515582175991672,1.464783828097837,29.297922917175665,0.5844577653944569,1
8.052007125836024,0.10025791953642756,0.8072774825288094,97.09614419828117,0.6050486510317651,3
3.535604846789048,0.010790381667782206,0.03815052572331446,56.967634807317864,0.6609459346702008,4
11.299061097096748,0.09167649129049897,1.0358582762588058,41.66163393337454,0.7141803712917654,1
10.425929376581825,0.12565689159448354,1.3100898774448837,44.72631987717514,0.7897694331630457,2
13.330956693846023,0.1003519643011314,1.3377876902407648,32.82114624922452,0.5966291839148545,1
2.1703232836219444,0.030325193371433697,0.06581547325436041,63.51686219039237,0.6310372151853987,4
10.434271069663032,0.17119050812131528,1.7862481662911542,40.74485283783192,0.7333340823689466,0
9.020826121096768,0.12554566702273665,1.13252563246922,80.20865806112262,0.747225668058584,3
12.212122104709325,0.08302652458007541,1.013930056101531,36.983535897425575,0.6988871937081519,1
11.36382974371994,0.1134347259424314,1.2890529126353218,35.727279468434496,0.6132539478072881,1
11.193145299766147,0.12745100837476112,1.4265776553404133,47.42921901638157,0.7278854104609195,1
13.118130905840559,0.08854672078218294,1.1615674745035884,41.53981657612073,0.7522025188697535,1
11.745641795629185,0.11038245423880867,1.296512768011477,31.061506264829198,0.6702725990302304,1
9.031094615835874,0.0997209641641309,0.9005894625486447,40.4669636395198,0.6744971309594321,2
11.719519676274652,0.1535583115299556,1.7996296534308276,36.111759616595585,0.663946973748972,0
10.479232036624646,0.13319614030793667,1.3957932606696812,36.34395693607025,0.6989158907434492,0
9.728619675836804,0.17586236272857586,1.7108980422803721,32.550288745001346,0.6551688330077204,0
11.851063345352642,0.1341541599536706,1.5898694476535211,46.20557428725357,0.6026799376034271,1
11.489537744390002,0.07866085715239075,0.9037768872584638,33.54786977973687,0.7246563271806021,1
12.285146013377432,0.07903160530379497,0.9709148108287354,42.868458492839125,0.6332725450495224,1
7.29825580378042,0.10857364819140575,0.7923982580505405,73.32243995183697,0.651141372827158,3
11.43252223461275,0.1880088900860363,2.1494158162134744,50.05555272434061,0.7267116017315809,0
2.423868515327353,0.041207720002851,0.09988209510333572,53.54496171482641,0.6895131948841329,4
8.25643246140974,0.10661246343367899,0.8802386038846862,78.5237925621025,0.6384079792484836,3
12.097303106718241,0.15606397391602198,1.8879531965010872,41.469807565638284,0.699947039007474,0
10.928531534065133,0.15312166437801228,1.673394937703645,32.81518919704069,0.7074656752178871,0
4.563761011083346,0.008222808929183117,0.03752693479259391,56.102863492704714,0.6116038835169594,4
10.529582549862315,0.12101459798903803,1.2742331992639782,72.18383888035711,0.7295399631260779,3
2.648380757808858,0.014837813358080319,0.03929617938549915,53.566886969538466,0.7470971514673759,4
10.370391171000662,0.15715372366042574,1.629745588337957,37.86192001563919,0.6628190143002293,0
8.75892088065582,0.10604534855879894,0.9288428177880885,29.785608469275978,0.6355314096623623,2
10.2155845664819,0.09832828878281598,1.0044809493383102,95.04825831831829,0.7806848228240096,3
9.691893276910351,0.0786185826170326,0.7619629123062392,46.36253202514827,0.6767544817326558,2
10.52149989469439,0.16201886721920578,1.7046814943853779,42.79562795499944,0.7117471138321705,0
11.130597425359277,0.17460233702140274,1.943428322912138,45.999233796679945,0.7246562579661098,0
4.859456838119764,0.07147405682204112,0.3473250941720283,70.24460070839162,0.7285218612989329,4
8.125452363428472,0.09896517997646063,0.8041368555368562,95.79482243212108,0.6813464962951296,3
10.816133875942532,0.08761243375961919,0.9476278127411882,32.275554761690586,0.6771058693986671,1
8.08534814951691,0.12053783514667192,0.9745903623499182,39.414972834619014,0.7956738560163324,2
10.63414002994904,0.09167925490003659,0.9749300344483807,50.75972427602268,0.5976291602467257,2
10.58388083012148,0.10935728864094688,1.157424510880979,40.014307641887896,0.6885917354333935,1
11.571752173431808,0.16247206238913334,1.880086441073402,32.06812262238485,0.6599955678110634,0
10.726063580932967,0.1218949410375638,1.3074528877629845,41.45403199725023,0.7024298786582459,1
12.467254330174011,0.1817264511359592,2.2656298848319434,37.03469181589373,0.6672726269255094,0
9.23137405244102,0.16394994335376958,1.5134832529751634,38.888373745729,0.6680301105106565,0
9.309685624415588,0.09372427549872461,0.8725435402692426,70.73183947494277,0.7603127389368828,3
9.8131478377229,0.11770594173965528,1.1550658076696358,73.90574501108689,0.623091413179532,3
10.440687939387372,0.1331833320032525,1.3905256081737825,37.916544064643354,0.6513110101152125,0
3.1920100856584206,0.05312814920882886,0.16958558810694718,33.70270390747366,0.6759018772774,4
13.206909210396667,0.15265860212930843,2.0161482985078436,49.12055369161867,0.7306985926209631,0
11.381881221500874,0.15260939242570337,1.736981977874771,35.120728828683326,0.7729921567233453,0
13.047754912614378,0.16692870884546246,2.178044880894758,50.62186980057851,0.6269995756566235,0
7.302126261094406,0.11189321711099036,0.8170583991045006,95.23753857367909,0.6815381668581196,3
6.20952084738891,0.08901774392128223,0.5527575366667293,54.07078999884844,0.6872411255406072,4
6.090892884323274,0.07301402153176016,0.4447205842036243,74.35877761298792,0.7033172262394841,4
9.498434676869538,0.0881294465320535,0.8370917909933768,86.58985344747988,0.6231313707711862,3
4.597675598188154,0.027811214105734054,0.12786694044991964,41.83012021238298,0.7514265514455133,4
11.584392213872691,0.16581315746747166,1.9208446503238252,31.94466953296725,0.7720352282918049,0
10.580773253979576,0.15587534947395723,1.649281728668766,30.9523182568236,0.6661181578539264,0
1.9311521575785793,0.04574700057079704,0.0883444188550432,49.00061228695601,0.6695520001350624,4
12.014637367119775,0.11313347967711584,1.3592577324009616,33.24222135780329,0.5863567429202041,1
10.989942152431288,0.1215819104730667,1.3361781628810827,38.999696313519685,0.6745121308075185,1
10.68923256635693,0.11957234048627888,1.2781365559614515,30.962612138683458,0.6396413572311546,1
5.354359552514271,0.06282748568405161,0.33640094813285537,74.57737974635332,0.582201135795002,4
10.537874703458662,0.08069564558628496,0.8503606023029779,42.04751120453331,0.6428882536218562,1
8.53219326170161,0.08686881876850529,0.7411815501486191,67.2905312492022,0.7180779264924252,3
